{"type":"FeatureCollection","features":[{"type":"Feature","id":1,"properties":{"id":1,"zone":"Newark Airport","borough":"EWR"},"geometry":{"type":"Polygon","coordinates":[[[-74.18445,40.695],[-74.18438,40.69588],[-74.18351,40.6987],[-74.18314,40.70263],[-74.18284,40.70347],[-74.18157,40.7045],[-74.17699,40.70614],[-74.17566,40.70738],[-74.17134,40.70797],[-74.16082,40.70764],[-74.15388,40.70533],[-74.15307,40.70528],[-74.15514,40.70156],[-74.16291,40.68988],[-74.16418,40.69008],[-74.1648,40.68976],[-74.16588,40.68788],[-74.1658,40.68716],[-74.16605,40.68655],[-74.17283,40.67656],[-74.17709,40.67179],[-74.17755,40.67143],[-74.17863,40.67104],[-74.17933,40.67101],[-74.1803,40.6713],[-74.18385,40.67265],[-74.18504,40.67336],[-74.18936,40.67976],[-74.18992,40.68154],[-74.18999,40.68318],[-74.18922,40.68862],[-74.1887,40.68944],[-74.18563,40.69165],[-74.18445,40.695]]]}},{"type":"Feature","id":2,"properties":{"id":2,"zone":"Jamaica Bay","borough":"Queens"},"geometry":{"type":"MultiPolygon","coordinates":[[[[-73.82338,40.63899],[-73.82277,40.63558],[-73.8221,40.63407],[-73.82185,40.63204],[-73.82108,40.62973],[-73.81991,40.62784],[-73.81796,40.62711],[-73.81801,40.62648],[-73.8177,40.62596],[-73.81611,40.6246],[-73.81609,40.62432],[-73.81673,40.62387],[-73.81795,40.62409],[-73.81892,40.62309],[-73.81889,40.62263],[-73.81779,40.62194],[-73.81779,40.62163],[-73.81697,40.62149],[-73.81691,40.62187],[-73.81653,40.622],[-73.81571,40.62149],[-73.81543,40.62012],[-73.81718,40.61927],[-73.81744,40.61891],[-73.81745,40.61811],[-73.81777,40.6175],[-73.81712,40.61528],[-73.81653,40.61495],[-73.82076,40.61523],[-73.82142,40.61505],[-73.82235,40.61426],[-73.8238,40.61213],[-73.82382,40.6115],[-73.8241,40.61232],[-73.82432,40.61259],[-73.82445,40.61234],[-73.82467,40.61242],[-73.82469,40.61308],[-73.82575,40.61419],[-73.82726,40.61338],[-73.82788,40.6137],[-73.82724,40.61407],[-73.8275,40.6142],[-73.82846,40.61422],[-73.83055,40.61493],[-73.83148,40.61501],[-73.83434,40.61437],[-73.83542,40.61461],[-73.83552,40.61495],[-73.83586,40.61521],[-73.83634,40.61512],[-73.83628,40.61523],[-73.83651,40.6153],[-73.83664,40.61515],[-73.83777,40.61552],[-73.83771,40.6157],[-73.83725,40.61579],[-73.83691,40.61615],[-73.83653,40.61612],[-73.83594,40.61655],[-73.83496,40.61778],[-73.83517,40.61804],[-73.83498,40.61859],[-73.83536,40.61871],[-73.83575,40.61961],[-73.83551,40.61996],[-73.83496,40.61984],[-73.8351,40.6195],[-73.83477,40.61984],[-73.83531,40.62015],[-73.83494,40.62043],[-73.83499,40.62101],[-73.83475,40.62126],[-73.83486,40.62153],[-73.83465,40.622],[-73.83535,40.6237],[-73.83514,40.62549],[-73.83342,40.62678],[-73.83464,40.62743],[-73.83304,40.62826],[-73.83287,40.62841],[-73.8329,40.6289],[-73.83236,40.62914],[-73.83196,40.62965],[-73.83171,40.63126],[-73.83115,40.63256],[-73.83133,40.63362],[-73.83194,40.63424],[-73.83196,40.63498],[-73.83249,40.63558],[-73.83341,40.6385],[-73.8329,40.63886],[-73.83222,40.63893],[-73.82867,40.63661],[-73.82809,40.63588],[-73.82592,40.63575],[-73.82443,40.63622],[-73.82414,40.63879],[-73.82457,40.63935],[-73.82419,40.63995],[-73.82338,40.63899]]],[[[-73.84722,40.63197],[-73.84859,40.63013],[-73.85856,40.63046],[-73.85614,40.63508],[-73.84668,40.63873],[-73.84352,40.6365],[-73.84505,40.63317],[-73.84722,40.63197]]],[[[-73.79079,40.63428],[-73.79812,40.63104],[-73.79828,40.63125],[-73.79079,40.63428]]],[[[-73.83624,40.63111],[-73.8411,40.62456],[-73.84446,40.62985],[-73.84242,40.63153],[-73.83765,40.63284],[-73.83624,40.63111]]],[[[-73.81307,40.62926],[-73.81353,40.62731],[-73.81259,40.62837],[-73.81129,40.6247],[-73.81136,40.62294],[-73.81185,40.6221],[-73.8121,40.6211],[-73.81171,40.6207],[-73.81172,40.62009],[-73.81151,40.6198],[-73.81109,40.61791],[-73.81024,40.61649],[-73.8109,40.61622],[-73.81201,40.61718],[-73.81211,40.61793],[-73.81288,40.61891],[-73.8137,40.62139],[-73.8145,40.62239],[-73.81418,40.62369],[-73.81518,40.62474],[-73.81613,40.62535],[-73.81679,40.62635],[-73.81383,40.62593],[-73.81383,40.62614],[-73.81627,40.62715],[-73.81721,40.62911],[-73.81731,40.63062],[-73.81637,40.63137],[-73.81507,40.63116],[-73.81392,40.63078],[-73.81307,40.62926]]],[[[-73.84734,40.62909],[-73.84985,40.62622],[-73.84728,40.62662],[-73.84505,40.62541],[-73.84358,40.62318],[-73.84615,40.62222],[-73.84848,40.62242],[-73.85666,40.61999],[-73.86107,40.61771],[-73.86365,40.61788],[-73.86404,40.61921],[-73.86344,40.61894],[-73.86152,40.61905],[-73.86147,40.62124],[-73.86103,40.62414],[-73.86348,40.62339],[-73.86335,40.62592],[-73.86138,40.62598],[-73.86041,40.62517],[-73.85861,40.62796],[-73.85768,40.62798],[-73.85786,40.62844],[-73.85651,40.6291],[-73.85613,40.62828],[-73.85397,40.62761],[-73.85437,40.62882],[-73.85072,40.628],[-73.84847,40.62964],[-73.84734,40.62909]]],[[[-73.87085,40.61697],[-73.87825,40.61544],[-73.87481,40.62359],[-73.86684,40.62783],[-73.86498,40.62566],[-73.86607,40.62149],[-73.86626,40.61846],[-73.87085,40.61697]]],[[[-73.79784,40.62741],[-73.79784,40.62701],[-73.79745,40.62711],[-73.79566,40.62611],[-73.79921,40.62408],[-73.79404,40.62564],[-73.79363,40.62516],[-73.79809,40.62306],[-73.79951,40.62118],[-73.79992,40.61858],[-73.80172,40.61997],[-73.80096,40.61777],[-73.80128,40.61588],[-73.8027,40.61358],[-73.8034,40.61317],[-73.80509,40.61343],[-73.80467,40.6143],[-73.80477,40.6158],[-73.80575,40.61669],[-73.80566,40.6176],[-73.80764,40.6212],[-73.80728,40.62167],[-73.80769,40.62228],[-73.80699,40.62387],[-73.80557,40.62497],[-73.80516,40.62466],[-73.80271,40.62593],[-73.80252,40.62633],[-73.80011,40.62693],[-73.80093,40.62752],[-73.79784,40.62741]]],[[[-73.77349,40.62511],[-73.77381,40.62493],[-73.77383,40.62494],[-73.77349,40.62511]]],[[[-73.77173,40.62359],[-73.77215,40.62305],[-73.77203,40.62299],[-73.77219,40.623],[-73.77512,40.61923],[-73.77518,40.61926],[-73.77221,40.62301],[-73.77236,40.62315],[-73.77217,40.62306],[-73.772,40.62326],[-73.77217,40.62336],[-73.772,40.62328],[-73.77182,40.6235],[-73.77199,40.6236],[-73.77173,40.62359]]],[[[-73.79162,40.62231],[-73.79076,40.62233],[-73.7895,40.62275],[-73.78419,40.62089],[-73.78493,40.62047],[-73.78522,40.62006],[-73.78508,40.61997],[-73.78516,40.61865],[-73.78478,40.61834],[-73.78479,40.61798],[-73.78452,40.61798],[-73.78458,40.61786],[-73.78436,40.61776],[-73.78446,40.61703],[-73.78323,40.61558],[-73.78249,40.61557],[-73.7823,40.61517],[-73.78189,40.61505],[-73.78172,40.61518],[-73.78099,40.61475],[-73.78079,40.61459],[-73.78071,40.61403],[-73.78115,40.614],[-73.78088,40.61364],[-73.78116,40.6136],[-73.78126,40.61332],[-73.78288,40.61249],[-73.78302,40.6122],[-73.78355,40.61192],[-73.78498,40.61193],[-73.78522,40.61142],[-73.78578,40.61099],[-73.78647,40.61068],[-73.78685,40.61079],[-73.7872,40.61066],[-73.7872,40.61038],[-73.78742,40.61026],[-73.78771,40.61037],[-73.78786,40.61019],[-73.78866,40.61009],[-73.78876,40.60964],[-73.78908,40.60955],[-73.78902,40.60922],[-73.78995,40.60898],[-73.79011,40.60886],[-73.79001,40.60869],[-73.79047,40.60846],[-73.79038,40.60825],[-73.79086,40.60805],[-73.79088,40.6077],[-73.7914,40.60761],[-73.7916,40.60781],[-73.79151,40.60815],[-73.79116,40.60825],[-73.79117,40.60847],[-73.79147,40.6087],[-73.79275,40.60865],[-73.79365,40.60899],[-73.79395,40.60926],[-73.7939,40.60947],[-73.79454,40.60975],[-73.79481,40.61038],[-73.79566,40.61055],[-73.79746,40.61132],[-73.79899,40.61148],[-73.79917,40.61203],[-73.80026,40.6116],[-73.8008,40.61193],[-73.80024,40.61208],[-73.79993,40.61314],[-73.79932,40.61336],[-73.79969,40.61378],[-73.79904,40.61555],[-73.79879,40.61554],[-73.79854,40.61589],[-73.79816,40.61572],[-73.79806,40.61633],[-73.79728,40.61666],[-73.79743,40.61692],[-73.79713,40.61738],[-73.79724,40.61759],[-73.79678,40.6177],[-73.797,40.61838],[-73.79636,40.61845],[-73.79619,40.61961],[-73.7956,40.62021],[-73.79555,40.62093],[-73.79501,40.62133],[-73.79524,40.62166],[-73.79482,40.62189],[-73.79444,40.62185],[-73.79469,40.62224],[-73.79461,40.62257],[-73.79435,40.62275],[-73.79353,40.62277],[-73.79162,40.62231]]],[[[-73.76671,40.61491],[-73.76825,40.61488],[-73.77398,40.616],[-73.76873,40.6209],[-73.76746,40.62051],[-73.76671,40.61491]]],[[[-73.84304,40.61774],[-73.84284,40.61661],[-73.84401,40.61704],[-73.84454,40.61487],[-73.841,40.61303],[-73.83826,40.61385],[-73.84079,40.60564],[-73.84715,40.60361],[-73.85179,40.6069],[-73.85124,40.60772],[-73.84779,40.60924],[-73.84817,40.61253],[-73.84731,40.61344],[-73.8464,40.61604],[-73.84615,40.61773],[-73.84304,40.61774]]],[[[-73.85523,40.61613],[-73.8553,40.61315],[-73.85237,40.61316],[-73.85377,40.61409],[-73.85263,40.61509],[-73.84974,40.61516],[-73.85011,40.61021],[-73.85516,40.60612],[-73.85709,40.60647],[-73.85704,40.6083],[-73.85902,40.60948],[-73.85925,40.61125],[-73.85802,40.61264],[-73.85648,40.61319],[-73.85858,40.61692],[-73.85523,40.61613]]],[[[-73.81409,40.61447],[-73.81468,40.61398],[-73.81487,40.61401],[-73.81486,40.6143],[-73.8155,40.61404],[-73.8148,40.61319],[-73.81504,40.61298],[-73.81524,40.61298],[-73.81547,40.61334],[-73.81616,40.61294],[-73.81643,40.61428],[-73.81472,40.6145],[-73.81444,40.61475],[-73.81409,40.61447]]],[[[-73.81497,40.61042],[-73.81521,40.60982],[-73.8156,40.61067],[-73.8154,40.61038],[-73.8145,40.61106],[-73.8145,40.61074],[-73.81497,40.61042]]],[[[-73.86966,40.60654],[-73.87109,40.60469],[-73.87106,40.60629],[-73.87246,40.60819],[-73.873,40.61056],[-73.8718,40.61028],[-73.87104,40.60972],[-73.87076,40.60871],[-73.86966,40.60654]]],[[[-73.7942,40.60773],[-73.79352,40.60633],[-73.794,40.60608],[-73.79509,40.60727],[-73.79425,40.6059],[-73.79696,40.60412],[-73.8012,40.60391],[-73.8018,40.60421],[-73.80429,40.60452],[-73.80521,40.60674],[-73.8042,40.60874],[-73.80159,40.61023],[-73.79878,40.61033],[-73.79631,40.60934],[-73.79609,40.60883],[-73.7956,40.60873],[-73.7953,40.60823],[-73.7942,40.60773]]],[[[-73.83244,40.60593],[-73.83454,40.60548],[-73.83588,40.60564],[-73.8361,40.60736],[-73.83428,40.60919],[-73.83373,40.60929],[-73.8338,40.60955],[-73.83252,40.61038],[-73.83033,40.60849],[-73.83046,40.60667],[-73.83244,40.60593]]],[[[-73.82607,40.60844],[-73.82661,40.6082],[-73.82771,40.6084],[-73.82805,40.61005],[-73.82688,40.6096],[-73.82607,40.60844]]],[[[-73.86702,40.60807],[-73.86874,40.60704],[-73.86868,40.60824],[-73.86778,40.60854],[-73.86702,40.60807]]],[[[-73.82718,40.60792],[-73.8268,40.60772],[-73.8263,40.60782],[-73.82617,40.60755],[-73.82639,40.60736],[-73.82598,40.60716],[-73.8259,40.60647],[-73.8265,40.60622],[-73.82691,40.60642],[-73.82862,40.60584],[-73.82866,40.60626],[-73.82815,40.60795],[-73.82718,40.60792]]],[[[-73.8157,40.60646],[-73.81546,40.60643],[-73.81553,40.60616],[-73.81553,40.60641],[-73.8157,40.60646]]],[[[-73.8134,40.60436],[-73.81184,40.60313],[-73.81085,40.60322],[-73.81054,40.6025],[-73.80986,40.6019],[-73.81004,40.60095],[-73.80985,40.60037],[-73.81,40.60003],[-73.81014,40.60005],[-73.80997,40.59984],[-73.81029,40.59969],[-73.81029,40.59899],[-73.81096,40.59856],[-73.81139,40.5985],[-73.81158,40.59814],[-73.81222,40.59855],[-73.81329,40.59982],[-73.81445,40.60054],[-73.81501,40.60206],[-73.81429,40.60446],[-73.8134,40.60436]]],[[[-73.86703,40.60374],[-73.86768,40.60307],[-73.86831,40.60314],[-73.86794,40.60396],[-73.86703,40.60417],[-73.86703,40.60374]]],[[[-73.85243,40.59733],[-73.85466,40.59658],[-73.85493,40.5963],[-73.85673,40.59608],[-73.86044,40.59647],[-73.86055,40.59706],[-73.86275,40.59907],[-73.86329,40.59981],[-73.86336,40.60032],[-73.86298,40.60102],[-73.86187,40.60216],[-73.86113,40.60255],[-73.86078,40.60261],[-73.86049,40.60234],[-73.85906,40.60206],[-73.85483,40.60187],[-73.85427,40.60143],[-73.85372,40.6014],[-73.85277,40.60095],[-73.85176,40.5997],[-73.85077,40.59884],[-73.85153,40.59843],[-73.85243,40.59733]]],[[[-73.87019,40.599],[-73.87108,40.5989],[-73.87049,40.6026],[-73.87026,40.60168],[-73.87019,40.599]]],[[[-73.82318,40.60008],[-73.82315,40.59998],[-73.82317,40.59998],[-73.82318,40.60008]]],[[[-73.82304,40.60007],[-73.82298,40.60004],[-73.82303,40.59993],[-73.82304,40.60007]]],[[[-73.82446,40.59912],[-73.82452,40.59897],[-73.82396,40.59888],[-73.82452,40.59895],[-73.82477,40.59839],[-73.82446,40.59912]]],[[[-73.86953,40.59871],[-73.86967,40.59669],[-73.87021,40.59695],[-73.86953,40.59871]]],[[[-73.83662,40.59506],[-73.83671,40.59471],[-73.83624,40.5945],[-73.83527,40.59447],[-73.83511,40.59397],[-73.83433,40.59366],[-73.83422,40.59335],[-73.83361,40.59328],[-73.8333,40.59289],[-73.83308,40.59299],[-73.83312,40.59226],[-73.83257,40.59212],[-73.83268,40.5919],[-73.83307,40.59194],[-73.83314,40.59158],[-73.83344,40.59204],[-73.83376,40.5921],[-73.83378,40.59185],[-73.83408,40.59208],[-73.83423,40.59193],[-73.83392,40.59158],[-73.83423,40.59137],[-73.83311,40.5913],[-73.83284,40.59146],[-73.83256,40.59133],[-73.83254,40.59022],[-73.834,40.58992],[-73.83464,40.59005],[-73.83495,40.58973],[-73.83406,40.58974],[-73.83383,40.58993],[-73.83323,40.5898],[-73.83348,40.58937],[-73.83595,40.58937],[-73.8372,40.5897],[-73.83741,40.59011],[-73.83865,40.59093],[-73.83867,40.59153],[-73.83946,40.59226],[-73.83996,40.59187],[-73.83943,40.59244],[-73.83989,40.5928],[-73.84081,40.59292],[-73.84099,40.59241],[-73.84136,40.59213],[-73.84146,40.59221],[-73.84117,40.59245],[-73.84184,40.59271],[-73.84221,40.59316],[-73.84305,40.59345],[-73.84386,40.59343],[-73.84331,40.59442],[-73.84292,40.59445],[-73.84264,40.59473],[-73.84221,40.59467],[-73.84032,40.59587],[-73.83903,40.59625],[-73.83743,40.5958],[-73.83662,40.59506]]],[[[-73.86706,40.58209],[-73.86815,40.58199],[-73.86896,40.58169],[-73.87,40.58264],[-73.87051,40.58334],[-73.87061,40.58492],[-73.87116,40.58687],[-73.86981,40.58946],[-73.8685,40.59009],[-73.86635,40.59189],[-73.86431,40.59141],[-73.86327,40.59091],[-73.86274,40.59037],[-73.86272,40.59007],[-73.86149,40.58854],[-73.86125,40.58799],[-73.86167,40.58614],[-73.86327,40.58388],[-73.86449,40.58361],[-73.86706,40.58209]]]]}},{"type":"Feature","id":3,"properties":{"id":3,"zone":"Allerton/Pelham Gardens","borough":"Bronx"},"geometry":{"type":"Polygon","coordinates":[[[-73.84793,40.87134],[-73.83578,40.86502],[-73.83089,40.86221],[-73.82951,40.86184],[-73.82834,40.86089],[-73.82987,40.85974],[-73.83682,40.85728],[-73.8433,40.85829],[-73.8474,40.85868],[-73.84931,40.85872],[-73.85664,40.85812],[-73.85735,40.85971],[-73.8578,40.86304],[-73.85806,40.86304],[-73.85891,40.86464],[-73.85961,40.86551],[-73.86156,40.86555],[-73.86138,40.87134],[-73.85661,40.87125],[-73.85651,40.87422],[-73.84793,40.87134]]]}},{"type":"Feature","id":4,"properties":{"id":4,"zone":"Alphabet City","borough":"Manhattan"},"geometry":{"type":"Polygon","coordinates":[[[-73.97163,40.72663],[-73.97348,40.71886],[-73.9751,40.71888],[-73.97722,40.71931],[-73.98382,40.72147],[-73.97803,40.72943],[-73.97205,40.72688],[-73.97163,40.72663]]]}},{"type":"Feature","id":5,"properties":{"id":5,"zone":"Arden Heights","borough":"Staten Island"},"geometry":{"type":"Polygon","coordinates":[[[-74.17422,40.56257],[-74.17185,40.56152],[-74.17359,40.5597],[-74.17512,40.55762],[-74.18019,40.54838],[-74.18903,40.53816],[-74.19135,40.53666],[-74.19377,40.53583],[-74.19731,40.54326],[-74.19985,40.54813],[-74.20326,40.55563],[-74.20315,40.55606],[-74.20168,40.55588],[-74.20047,40.55623],[-74.19408,40.56208],[-74.19317,40.5626],[-74.19101,40.56257],[-74.18948,40.56358],[-74.18525,40.56455],[-74.1834,40.5654],[-74.18181,40.56538],[-74.17795,40.56398],[-74.17659,40.56324],[-74.17422,40.56257]]]}},{"type":"Feature","id":6,"properties":{"id":6,"zone":"Arrochar/Fort Wadsworth","borough":"Staten Island"},"geometry":{"type":"Polygon","coordinates":[[[-74.07298,40.60547],[-74.06351,40.60215],[-74.06517,40.60421],[-74.05779,40.60745],[-74.05789,40.60758],[-74.05686,40.60806],[-74.0565,40.60725],[-74.05601,40.60678],[-74.05552,40.60648],[-74.05516,40.60673],[-74.05499,40.60666],[-74.05518,40.60647],[-74.05506,40.60627],[-74.05381,40.60591],[-74.05361,40.60524],[-74.05402,40.60493],[-74.05303,40.60147],[-74.05341,40.60052],[-74.05223,40.59978],[-74.05292,40.59985],[-74.05447,40.59876],[-74.05719,40.5964],[-74.05973,40.59391],[-74.05964,40.59371],[-74.05977,40.59384],[-74.06055,40.59338],[-74.06215,40.59203],[-74.06503,40.58899],[-74.0658,40.58975],[-74.06578,40.59002],[-74.06663,40.59034],[-74.06728,40.59099],[-74.07044,40.59673],[-74.07888,40.59394],[-74.07847,40.5933],[-74.08173,40.59216],[-74.08377,40.59552],[-74.08588,40.59589],[-74.08547,40.59683],[-74.08497,40.59733],[-74.08248,40.59833],[-74.08149,40.59908],[-74.08116,40.60021],[-74.08132,40.60081],[-74.08184,40.60154],[-74.08219,40.60194],[-74.08384,40.60193],[-74.08666,40.60123],[-74.08948,40.6009],[-74.09036,40.6004],[-74.09172,40.59922],[-74.09289,40.60127],[-74.09244,40.60412],[-74.09272,40.60636],[-74.0924,40.60707],[-74.09045,40.60909],[-74.08543,40.60702],[-74.08342,40.60652],[-74.08155,40.60629],[-74.07657,40.60612],[-74.07298,40.60547]]]}},{"type":"Feature","id":7,"properties":{"id":7,"zone":"Astoria","borough":"Queens"},"geometry":{"type":"Polygon","coordinates":[[[-73.90414,40.76752],[-73.90203,40.76742],[-73.90357,40.76578],[-73.90779,40.76052],[-73.90632,40.75984],[-73.90743,40.7581],[-73.90901,40.75428],[-73.91023,40.75298],[-73.91446,40.75368],[-73.91763,40.75386],[-73.92563,40.75214],[-73.92416,40.75396],[-73.93679,40.75988],[-73.93398,40.76283],[-73.937,40.76424],[-73.93601,40.76588],[-73.93859,40.76682],[-73.93618,40.76769],[-73.93494,40.76701],[-73.93344,40.76882],[-73.92425,40.76472],[-73.92219,40.76727],[-73.91978,40.76615],[-73.91849,40.76773],[-73.91996,40.76844],[-73.91812,40.77003],[-73.90577,40.76803],[-73.90414,40.76752]]]}},{"type":"Feature","id":8,"properties":{"id":8,"zone":"Astoria Park","borough":"Queens"},"geometry":{"type":"Polygon","coordinates":[[[-73.92303,40.77538],[-73.92398,40.77462],[-73.92828,40.7769],[-73.92632,40.77824],[-73.92423,40.7791],[-73.92296,40.78044],[-73.9221,40.78085],[-73.91996,40.78264],[-73.91797,40.78126],[-73.92376,40.77655],[-73.92303,40.77538]]]}},{"type":"Feature","id":9,"properties":{"id":9,"zone":"Auburndale","borough":"Queens"},"geometry":{"type":"Polygon","coordinates":[[[-73.78502,40.76104],[-73.78212,40.75534],[-73.78052,40.75333],[-73.77574,40.74333],[-73.78037,40.74259],[-73.79534,40.73849],[-73.7964,40.73828],[-73.79644,40.73844],[-73.79672,40.73842],[-73.79629,40.73855],[-73.79722,40.7401],[-73.79723,40.7417],[-73.79521,40.7435],[-73.79454,40.74451],[-73.79446,40.74497],[-73.79472,40.7476],[-73.7973,40.74944],[-73.79472,40.75065],[-73.79458,40.75356],[-73.79493,40.7578],[-73.79032,40.75782],[-73.79076,40.76099],[-73.79344,40.76076],[-73.79303,40.76462],[-73.79396,40.7647],[-73.79318,40.7704],[-73.79022,40.76695],[-73.78837,40.76444],[-73.78572,40.76292],[-73.78542,40.76251],[-73.78502,40.76104]]]}},{"type":"Feature","id":10,"properties":{"id":10,"zone":"Baisley Park","borough":"Queens"},"geometry":{"type":"Polygon","coordinates":[[[-73.78327,40.68999],[-73.78234,40.68841],[-73.78149,40.6887],[-73.77967,40.68538],[-73.777,40.68628],[-73.77632,40.68522],[-73.77462,40.68399],[-73.77418,40.68324],[-73.77329,40.68345],[-73.7722,40.68161],[-73.7747,40.68049],[-73.77774,40.67945],[-73.78026,40.67784],[-73.78397,40.67512],[-73.78574,40.67239],[-73.78687,40.67282],[-73.78809,40.67301],[-73.78941,40.66684],[-73.79307,40.66707],[-73.79739,40.66694],[-73.79919,40.66652],[-73.80156,40.66675],[-73.80125,40.66839],[-73.80113,40.67055],[-73.80143,40.67367],[-73.80577,40.68293],[-73.79898,40.68486],[-73.79995,40.68683],[-73.79561,40.68866],[-73.79391,40.6863],[-73.79038,40.68775],[-73.78698,40.68861],[-73.78327,40.68999]]]}},{"type":"Feature","id":11,"properties":{"id":11,"zone":"Bath Beach","borough":"Brooklyn"},"geometry":{"type":"Polygon","coordinates":[[[-74.00493,40.60507],[-74.00032,40.60262],[-74.00002,40.60291],[-73.99559,40.60023],[-74.002,40.59413],[-74.00329,40.59576],[-74.00553,40.59754],[-74.01041,40.60048],[-74.01237,40.60135],[-74.01478,40.60208],[-74.01723,40.60248],[-74.01832,40.60242],[-74.01914,40.60261],[-74.01943,40.60287],[-74.0155,40.60684],[-74.01702,40.60765],[-74.0105,40.6139],[-74.00094,40.60864],[-74.00493,40.60507]]]}},{"type":"Feature","id":12,"properties":{"id":12,"zone":"Battery Park","borough":"Manhattan"},"geometry":{"type":"Polygon","coordinates":[[[-74.01566,40.70483],[-74.01426,40.70449],[-74.01443,40.70315],[-74.0139,40.70227],[-74.01377,40.70114],[-74.01416,40.7011],[-74.01395,40.70099],[-74.01422,40.70011],[-74.01415,40.70058],[-74.01429,40.70064],[-74.01467,40.70021],[-74.01432,40.70066],[-74.01464,40.70082],[-74.01507,40.70032],[-74.0151,40.70033],[-74.01467,40.70083],[-74.01502,40.70099],[-74.01514,40.70084],[-74.01614,40.70165],[-74.01765,40.70349],[-74.01757,40.70418],[-74.01713,40.70428],[-74.01669,40.7048],[-74.01566,40.70483]]]}},{"type":"Feature","id":13,"properties":{"id":13,"zone":"Battery Park City","borough":"Manhattan"},"geometry":{"type":"Polygon","coordinates":[[[-74.01244,40.71906],[-74.01427,40.71147],[-74.01669,40.70474],[-74.01713,40.70428],[-74.01779,40.70423],[-74.01775,40.70405],[-74.01782,40.70394],[-74.01795,40.70398],[-74.01784,40.70424],[-74.01845,40.70416],[-74.01867,40.70444],[-74.01748,40.70467],[-74.01811,40.70455],[-74.01889,40.70473],[-74.01934,40.70609],[-74.01912,40.70698],[-74.01863,40.70714],[-74.01885,40.70697],[-74.01854,40.70692],[-74.01819,40.70782],[-74.01886,40.70805],[-74.01777,40.71283],[-74.0178,40.71235],[-74.01662,40.71216],[-74.01662,40.71276],[-74.01632,40.71341],[-74.01754,40.71361],[-74.01772,40.71307],[-74.01671,40.71862],[-74.01321,40.71832],[-74.01303,40.71913],[-74.01244,40.71906]]]}},{"type":"Feature","id":14,"properties":{"id":14,"zone":"Bay Ridge","borough":"Brooklyn"},"geometry":{"type":"Polygon","coordinates":[[[-74.03407,40.64431],[-74.03284,40.64356],[-74.03261,40.6437],[-74.02906,40.64173],[-74.02891,40.64117],[-74.02626,40.64009],[-74.02695,40.63945],[-74.02475,40.63812],[-74.02355,40.63932],[-74.02322,40.6399],[-74.02108,40.64149],[-74.02159,40.64057],[-74.02176,40.63982],[-74.02141,40.63858],[-74.02033,40.63757],[-74.01684,40.63536],[-74.01614,40.63436],[-74.01602,40.63332],[-74.0156,40.63352],[-74.01515,40.63322],[-74.0197,40.62218],[-74.02009,40.62242],[-74.02525,40.61668],[-74.02754,40.61294],[-74.02638,40.61245],[-74.02711,40.61024],[-74.02478,40.6097],[-74.02458,40.61022],[-74.0243,40.60946],[-74.02151,40.60782],[-74.02248,40.60667],[-74.02079,40.60567],[-74.02139,40.60449],[-74.01869,40.60361],[-74.01943,40.60287],[-74.02102,40.60356],[-74.03005,40.60476],[-74.03213,40.6059],[-74.03427,40.60772],[-74.03496,40.60866],[-74.03604,40.6093],[-74.03692,40.61118],[-74.03921,40.61344],[-74.04038,40.61534],[-74.04162,40.62056],[-74.04171,40.62331],[-74.04189,40.62406],[-74.04109,40.6301],[-74.03681,40.63898],[-74.03876,40.63959],[-74.03869,40.63974],[-74.03672,40.63914],[-74.03571,40.64064],[-74.03676,40.64161],[-74.03407,40.64431]]]}},{"type":"Feature","id":15,"properties":{"id":15,"zone":"Bay Terrace/Fort Totten","borough":"Queens"},"geometry":{"type":"Polygon","coordinates":[[[-73.7774,40.7966],[-73.77614,40.79607],[-73.77438,40.7945],[-73.77404,40.79402],[-73.77363,40.79275],[-73.77233,40.79148],[-73.77213,40.79018],[-73.77063,40.78846],[-73.77082,40.78798],[-73.77174,40.78746],[-73.77427,40.78676],[-73.77439,40.78686],[-73.77423,40.78707],[-73.77502,40.78739],[-73.77634,40.78849],[-73.77481,40.78697],[-73.77426,40.78665],[-73.77408,40.78592],[-73.77161,40.783],[-73.76834,40.77963],[-73.76816,40.77964],[-73.7682,40.77944],[-73.76716,40.77978],[-73.76702,40.78009],[-73.76678,40.77981],[-73.76816,40.7794],[-73.76782,40.77881],[-73.76834,40.77868],[-73.76857,40.77911],[-73.77554,40.77703],[-73.77584,40.77861],[-73.79164,40.77424],[-73.79365,40.77336],[-73.79566,40.77304],[-73.79742,40.77401],[-73.79853,40.77519],[-73.80379,40.77561],[-73.80303,40.78094],[-73.80325,40.78128],[-73.803,40.78141],[-73.80243,40.78607],[-73.79784,40.78589],[-73.79492,40.78634],[-73.79058,40.78819],[-73.79179,40.78935],[-73.79028,40.79032],[-73.78568,40.79034],[-73.78384,40.79064],[-73.78253,40.79128],[-73.78434,40.79175],[-73.78175,40.79113],[-73.78108,40.79168],[-73.78078,40.79299],[-73.78084,40.79328],[-73.78159,40.79346],[-73.78164,40.79331],[-73.78166,40.79348],[-73.78072,40.79333],[-73.78079,40.79404],[-73.78101,40.79438],[-73.7819,40.7949],[-73.78311,40.79491],[-73.78333,40.79476],[-73.78325,40.79492],[-73.782,40.79498],[-73.78154,40.79566],[-73.7798,40.79621],[-73.77936,40.79669],[-73.7774,40.7966]]]}},{"type":"Feature","id":16,"properties":{"id":16,"zone":"Bayside","borough":"Queens"},"geometry":{"type":"Polygon","coordinates":[[[-73.76857,40.77911],[-73.76834,40.77868],[-73.76782,40.77881],[-73.76709,40.77684],[-73.7651,40.7738],[-73.7596,40.76872],[-73.75894,40.76833],[-73.75864,40.76736],[-73.75787,40.76695],[-73.75739,40.76717],[-73.75641,40.76651],[-73.7565,40.76634],[-73.75547,40.76637],[-73.7541,40.76535],[-73.75377,40.7653],[-73.75567,40.76469],[-73.75922,40.76432],[-73.75886,40.76327],[-73.75845,40.76412],[-73.75845,40.76368],[-73.75785,40.76257],[-73.75802,40.76211],[-73.75848,40.76199],[-73.758,40.76038],[-73.7624,40.7595],[-73.76177,40.75728],[-73.76184,40.75554],[-73.7608,40.75455],[-73.75996,40.75278],[-73.7591,40.75225],[-73.75738,40.75023],[-73.75684,40.74932],[-73.76074,40.74774],[-73.76858,40.74552],[-73.77241,40.74388],[-73.77574,40.74333],[-73.78052,40.75333],[-73.78212,40.75534],[-73.78429,40.75944],[-73.78502,40.76104],[-73.78546,40.76259],[-73.78596,40.7631],[-73.78837,40.76444],[-73.7906,40.76742],[-73.79566,40.77304],[-73.79365,40.77336],[-73.79164,40.77424],[-73.77678,40.77841],[-73.77584,40.77861],[-73.77554,40.77703],[-73.76857,40.77911]]]}},{"type":"Feature","id":17,"properties":{"id":17,"zone":"Bedford","borough":"Brooklyn"},"geometry":{"type":"Polygon","coordinates":[[[-73.94705,40.70366],[-73.94193,40.70073],[-73.94439,40.70042],[-73.94033,40.67989],[-73.95337,40.68064],[-73.95468,40.68724],[-73.95957,40.68668],[-73.96029,40.69035],[-73.95541,40.69091],[-73.95614,40.69458],[-73.96016,40.69412],[-73.96105,40.69833],[-73.95702,40.69897],[-73.95746,40.70082],[-73.95381,40.70318],[-73.95129,40.70092],[-73.94705,40.70366]]]}},{"type":"Feature","id":18,"properties":{"id":18,"zone":"Bedford Park","borough":"Bronx"},"geometry":{"type":"Polygon","coordinates":[[[-73.88147,40.86857],[-73.88683,40.86539],[-73.88812,40.86425],[-73.8889,40.86475],[-73.89177,40.86187],[-73.89138,40.8617],[-73.89322,40.85987],[-73.89381,40.85899],[-73.89469,40.85943],[-73.89574,40.85814],[-73.89884,40.85931],[-73.89714,40.86245],[-73.89944,40.86212],[-73.90108,40.86276],[-73.8974,40.86747],[-73.89438,40.86607],[-73.89157,40.86968],[-73.88785,40.87211],[-73.88937,40.87338],[-73.88774,40.87703],[-73.88528,40.87922],[-73.88346,40.87606],[-73.8834,40.87395],[-73.88255,40.87246],[-73.88147,40.86857]]]}},{"type":"Feature","id":19,"properties":{"id":19,"zone":"Bellerose","borough":"Queens"},"geometry":{"type":"Polygon","coordinates":[[[-73.7234,40.75039],[-73.72259,40.74885],[-73.7201,40.74978],[-73.71545,40.73922],[-73.71148,40.7325],[-73.71075,40.73053],[-73.7105,40.72723],[-73.71588,40.72654],[-73.71829,40.72604],[-73.72567,40.72404],[-73.72816,40.72308],[-73.72836,40.72361],[-73.72991,40.72327],[-73.73147,40.72741],[-73.74556,40.73064],[-73.7464,40.73129],[-73.74672,40.73248],[-73.74295,40.73546],[-73.74152,40.73686],[-73.73933,40.73947],[-73.73816,40.74038],[-73.73437,40.74235],[-73.73242,40.74369],[-73.73043,40.74558],[-73.72896,40.74763],[-73.72829,40.74746],[-73.72766,40.74965],[-73.72627,40.74931],[-73.7234,40.75039]]]}},{"type":"Feature","id":20,"properties":{"id":20,"zone":"Belmont","borough":"Bronx"},"geometry":{"type":"Polygon","coordinates":[[[-73.88387,40.86429],[-73.88201,40.86205],[-73.88093,40.86116],[-73.88061,40.86036],[-73.88101,40.85827],[-73.88073,40.85668],[-73.88312,40.84822],[-73.88752,40.85095],[-73.88824,40.85104],[-73.88988,40.85207],[-73.88994,40.85259],[-73.88961,40.85362],[-73.89039,40.85469],[-73.8911,40.85678],[-73.89113,40.86006],[-73.89028,40.86111],[-73.89177,40.86187],[-73.8889,40.86475],[-73.88812,40.86425],[-73.88683,40.86539],[-73.88363,40.86726],[-73.88268,40.86609],[-73.88377,40.86531],[-73.88397,40.86482],[-73.88387,40.86429]]]}},{"type":"Feature","id":21,"properties":{"id":21,"zone":"Bensonhurst East","borough":"Brooklyn"},"geometry":{"type":"Polygon","coordinates":[[[-73.97478,40.61264],[-73.97403,40.6087],[-73.97299,40.60881],[-73.97218,40.60419],[-73.97291,40.59932],[-73.97191,40.59942],[-73.97148,40.59717],[-73.98036,40.59619],[-73.97995,40.59407],[-73.98464,40.59355],[-73.98602,40.59445],[-73.98962,40.59098],[-73.99036,40.59143],[-73.99154,40.59039],[-73.99331,40.58958],[-73.99376,40.59033],[-73.99802,40.58843],[-73.99867,40.5892],[-73.99924,40.58894],[-73.99946,40.58923],[-73.99838,40.58977],[-73.99884,40.58963],[-73.99844,40.58986],[-73.99878,40.59031],[-73.99844,40.59024],[-73.99711,40.59139],[-73.99723,40.59165],[-73.99806,40.59121],[-73.99728,40.59171],[-73.99755,40.59192],[-73.99917,40.59115],[-74.00004,40.5912],[-74.00023,40.59153],[-73.99901,40.59235],[-73.99948,40.59297],[-73.99737,40.59397],[-73.99634,40.59362],[-73.99619,40.59399],[-73.99531,40.59443],[-73.99675,40.59564],[-73.98685,40.6051],[-73.98913,40.60646],[-73.97964,40.61556],[-73.97478,40.61264]]]}},{"type":"Feature","id":22,"properties":{"id":22,"zone":"Bensonhurst West","borough":"Brooklyn"},"geometry":{"type":"Polygon","coordinates":[[[-73.99432,40.62534],[-73.98569,40.62013],[-73.98628,40.61957],[-73.97964,40.61556],[-73.98913,40.60646],[-73.98685,40.6051],[-73.99675,40.59564],[-73.99531,40.59443],[-73.99619,40.59399],[-73.99634,40.59362],[-73.99737,40.59397],[-74.00106,40.59254],[-74.002,40.59413],[-73.99559,40.60023],[-74.00002,40.60291],[-74.00032,40.60262],[-74.00493,40.60507],[-74.00094,40.60864],[-74.0105,40.6139],[-73.99932,40.62466],[-73.99771,40.62368],[-73.99679,40.62683],[-73.99465,40.6257],[-73.99489,40.62546],[-73.99432,40.62534]]]}},{"type":"Feature","id":23,"properties":{"id":23,"zone":"Bloomfield/Emerson Hill","borough":"Staten Island"},"geometry":{"type":"Polygon","coordinates":[[[-74.19569,40.63502],[-74.18368,40.62874],[-74.17994,40.6266],[-74.17888,40.62593],[-74.1761,40.62341],[-74.1746,40.62236],[-74.17236,40.62164],[-74.16808,40.62094],[-74.16484,40.61957],[-74.16163,40.61793],[-74.15793,40.61546],[-74.15019,40.6095],[-74.14954,40.60963],[-74.14691,40.60847],[-74.14392,40.60799],[-74.13215,40.60855],[-74.1321,40.60815],[-74.13094,40.60821],[-74.12651,40.60866],[-74.12135,40.60977],[-74.12117,40.60883],[-74.11742,40.60929],[-74.11707,40.60821],[-74.11588,40.60726],[-74.11511,40.60253],[-74.11487,40.60214],[-74.11684,40.60189],[-74.1206,40.60181],[-74.1207,40.60071],[-74.12264,40.59942],[-74.12506,40.59818],[-74.13092,40.59886],[-74.13124,40.59831],[-74.13385,40.59636],[-74.1351,40.59454],[-74.1364,40.59197],[-74.13864,40.58906],[-74.14387,40.58862],[-74.14791,40.58856],[-74.14847,40.5887],[-74.16026,40.59534],[-74.1619,40.5953],[-74.16194,40.59454],[-74.16231,40.59361],[-74.16279,40.59296],[-74.1637,40.59226],[-74.1635,40.59293],[-74.1636,40.59337],[-74.16639,40.59374],[-74.16886,40.59473],[-74.16828,40.59643],[-74.1672,40.60208],[-74.17123,40.6025],[-74.1726,40.60297],[-74.17489,40.60222],[-74.17822,40.59983],[-74.17932,40.59676],[-74.18183,40.59409],[-74.18468,40.59148],[-74.1873,40.58849],[-74.18537,40.58745],[-74.1876,40.5869],[-74.18877,40.58601],[-74.19079,40.58519],[-74.19132,40.5857],[-74.19226,40.58521],[-74.19232,40.58491],[-74.19252,40.58516],[-74.19423,40.58515],[-74.19965,40.58226],[-74.20049,40.57995],[-74.20129,40.57994],[-74.20354,40.58044],[-74.20584,40.57984],[-74.20599,40.58041],[-74.20572,40.58097],[-74.20542,40.58107],[-74.20508,40.5816],[-74.20509,40.58221],[-74.2044,40.58371],[-74.20463,40.58432],[-74.20436,40.58463],[-74.20441,40.58552],[-74.20412,40.58586],[-74.20427,40.58611],[-74.20427,40.58732],[-74.20458,40.58822],[-74.20412,40.58888],[-74.20432,40.58914],[-74.20457,40.58872],[-74.20471,40.58877],[-74.20444,40.58922],[-74.20465,40.58929],[-74.20386,40.59025],[-74.2037,40.5902],[-74.20389,40.58979],[-74.20266,40.59072],[-74.20238,40.59064],[-74.20201,40.5909],[-74.20247,40.59084],[-74.20305,40.59114],[-74.20203,40.591],[-74.20212,40.59125],[-74.20184,40.59164],[-74.202,40.59178],[-74.2023,40.59147],[-74.20232,40.59152],[-74.20093,40.59287],[-74.20047,40.59281],[-74.19974,40.59356],[-74.19936,40.59409],[-74.19948,40.59432],[-74.19873,40.59501],[-74.19795,40.59647],[-74.19751,40.5968],[-74.1975,40.59772],[-74.19731,40.59806],[-74.19876,40.60171],[-74.20015,40.60368],[-74.20139,40.60464],[-74.20222,40.60597],[-74.20282,40.60827],[-74.2023,40.61188],[-74.20244,40.61328],[-74.20038,40.61643],[-74.20059,40.61703],[-74.20083,40.61709],[-74.20091,40.6178],[-74.20087,40.6181],[-74.20054,40.618],[-74.20035,40.61834],[-74.20084,40.6188],[-74.20068,40.61917],[-74.20107,40.62038],[-74.20051,40.6203],[-74.20043,40.6205],[-74.20087,40.62059],[-74.20126,40.62155],[-74.20143,40.62161],[-74.20123,40.62207],[-74.20128,40.62269],[-74.20155,40.6227],[-74.20163,40.62312],[-74.20158,40.6235],[-74.20134,40.62355],[-74.2014,40.62374],[-74.20108,40.62408],[-74.20106,40.6259],[-74.20118,40.62611],[-74.20142,40.62607],[-74.20099,40.62934],[-74.2008,40.62933],[-74.20075,40.62959],[-74.20043,40.62982],[-74.20041,40.63025],[-74.20077,40.63025],[-74.20079,40.63035],[-74.2004,40.63029],[-74.20018,40.63133],[-74.20042,40.63135],[-74.2004,40.63145],[-74.20017,40.63136],[-74.1985,40.6328],[-74.19834,40.63314],[-74.19796,40.63327],[-74.19759,40.63308],[-74.19729,40.63329],[-74.19719,40.63388],[-74.19647,40.63414],[-74.19603,40.635],[-74.19569,40.63502]]]}},{"type":"Feature","id":24,"properties":{"id":24,"zone":"Bloomingdale","borough":"Manhattan"},"geometry":{"type":"Polygon","coordinates":[[[-73.95817,40.80058],[-73.96004,40.79804],[-73.97287,40.80336],[-73.97111,40.80579],[-73.9667,40.80417],[-73.95817,40.80058]]]}},{"type":"Feature","id":25,"properties":{"id":25,"zone":"Boerum Hill","borough":"Brooklyn"},"geometry":{"type":"Polygon","coordinates":[[[-73.98903,40.69212],[-73.98093,40.6889],[-73.97804,40.68486],[-73.98176,40.67931],[-73.9861,40.68101],[-73.98653,40.68037],[-73.98767,40.68082],[-73.98722,40.68145],[-73.9949,40.68443],[-73.99236,40.68969],[-73.99054,40.68917],[-73.98931,40.69099],[-73.98903,40.69212]]]}},{"type":"Feature","id":26,"properties":{"id":26,"zone":"Borough Park","borough":"Brooklyn"},"geometry":{"type":"Polygon","coordinates":[[[-73.98835,40.64456],[-73.98299,40.64132],[-73.98042,40.64239],[-73.97911,40.63544],[-73.97689,40.63567],[-73.97605,40.63128],[-73.97717,40.63075],[-73.97623,40.62598],[-73.97726,40.62585],[-73.97657,40.62199],[-73.97705,40.62153],[-73.97539,40.62077],[-73.97785,40.61729],[-73.97537,40.61575],[-73.97548,40.61631],[-73.97336,40.61654],[-73.9729,40.61415],[-73.97399,40.61403],[-73.97517,40.61472],[-73.97478,40.61264],[-73.98628,40.61957],[-73.98569,40.62013],[-73.99432,40.62534],[-73.99489,40.62546],[-73.99465,40.6257],[-73.99679,40.62683],[-73.99724,40.62529],[-74.00251,40.62847],[-74.00193,40.62903],[-74.00702,40.63211],[-74.00556,40.63308],[-74.00736,40.63416],[-73.99918,40.64203],[-73.99551,40.63981],[-73.98835,40.64456]]]}},{"type":"Feature","id":27,"properties":{"id":27,"zone":"Breezy Point/Fort Tilden/Riis Beach","borough":"Queens"},"geometry":{"type":"Polygon","coordinates":[[[-73.86663,40.57306],[-73.86454,40.56924],[-73.8641,40.56935],[-73.86309,40.5676],[-73.86268,40.56651],[-73.863,40.56688],[-73.86349,40.56703],[-73.86554,40.56657],[-73.86662,40.56609],[-73.86631,40.56555],[-73.86663,40.56609],[-73.86688,40.56608],[-73.86849,40.56553],[-73.86825,40.56507],[-73.86862,40.56554],[-73.87062,40.56481],[-73.87028,40.56417],[-73.87064,40.56481],[-73.87091,40.56476],[-73.87264,40.56408],[-73.87238,40.56358],[-73.87275,40.56411],[-73.87322,40.56406],[-73.87633,40.56309],[-73.88028,40.56151],[-73.8803,40.56137],[-73.88128,40.56137],[-73.88242,40.56091],[-73.88237,40.56076],[-73.88325,40.56086],[-73.88488,40.56018],[-73.88486,40.56004],[-73.88511,40.56015],[-73.88611,40.55992],[-73.88696,40.55956],[-73.88698,40.5594],[-73.88707,40.55954],[-73.88789,40.55951],[-73.88964,40.55866],[-73.89022,40.55881],[-73.8908,40.55862],[-73.89192,40.55816],[-73.89214,40.55787],[-73.89253,40.55812],[-73.89347,40.55795],[-73.89495,40.55729],[-73.89492,40.55708],[-73.89518,40.55739],[-73.89551,40.55741],[-73.897,40.55689],[-73.89708,40.55666],[-73.89736,40.557],[-73.898,40.5571],[-73.89912,40.5568],[-73.89912,40.55665],[-73.89927,40.55678],[-73.89984,40.55671],[-73.89983,40.55653],[-73.89991,40.5567],[-73.90045,40.55665],[-73.90058,40.55643],[-73.90068,40.55663],[-73.90124,40.55676],[-73.90279,40.55673],[-73.90659,40.55571],[-73.91948,40.55062],[-73.92642,40.54816],[-73.93055,40.54642],[-73.93612,40.54451],[-73.9389,40.54323],[-73.94047,40.54285],[-73.94056,40.54185],[-73.94074,40.54182],[-73.94013,40.548],[-73.94013,40.54952],[-73.94065,40.5525],[-73.94041,40.55357],[-73.93985,40.55456],[-73.9383,40.55591],[-73.93571,40.55722],[-73.9334,40.55735],[-73.93192,40.55782],[-73.92616,40.56155],[-73.92421,40.562],[-73.92108,40.56208],[-73.92037,40.56222],[-73.92026,40.56261],[-73.9201,40.56257],[-73.92033,40.56223],[-73.91766,40.56283],[-73.91455,40.56435],[-73.91313,40.56464],[-73.9122,40.56505],[-73.91188,40.56499],[-73.91193,40.56511],[-73.91195,40.56581],[-73.91216,40.56584],[-73.91197,40.56587],[-73.91174,40.56587],[-73.91193,40.56581],[-73.91186,40.565],[-73.9108,40.56511],[-73.9101,40.56496],[-73.91004,40.56479],[-73.90977,40.56531],[-73.90972,40.56529],[-73.91002,40.56478],[-73.90976,40.56428],[-73.90873,40.56393],[-73.90795,40.56416],[-73.90798,40.56356],[-73.90684,40.56286],[-73.9055,40.56277],[-73.90291,40.56348],[-73.90221,40.56297],[-73.90122,40.56301],[-73.89906,40.56381],[-73.89628,40.56523],[-73.89533,40.56634],[-73.89566,40.56706],[-73.89531,40.56702],[-73.89261,40.56859],[-73.88911,40.56792],[-73.88837,40.56814],[-73.88786,40.56804],[-73.88655,40.56847],[-73.8849,40.5685],[-73.88431,40.5687],[-73.88489,40.56847],[-73.88476,40.56829],[-73.88434,40.56849],[-73.88474,40.56827],[-73.88446,40.5679],[-73.88417,40.568],[-73.88426,40.56816],[-73.88415,40.56801],[-73.88399,40.56806],[-73.88407,40.5682],[-73.88379,40.56812],[-73.88402,40.5685],[-73.88378,40.56813],[-73.88358,40.56821],[-73.88369,40.5684],[-73.88348,40.56847],[-73.8839,40.56891],[-73.88369,40.56884],[-73.88337,40.56833],[-73.88263,40.56837],[-73.88192,40.56873],[-73.87867,40.56864],[-73.87781,40.5688],[-73.87586,40.56958],[-73.86288,40.57606],[-73.86275,40.57586],[-73.86397,40.57503],[-73.86341,40.57411],[-73.86361,40.57382],[-73.86663,40.57306]]]}},{"type":"Feature","id":28,"properties":{"id":28,"zone":"Briarwood/Jamaica Hills","borough":"Queens"},"geometry":{"type":"Polygon","coordinates":[[[-73.7924,40.71619],[-73.79362,40.71398],[-73.79356,40.71336],[-73.79303,40.71198],[-73.79304,40.71071],[-73.79473,40.71001],[-73.79777,40.70914],[-73.7987,40.71066],[-73.80131,40.70974],[-73.80193,40.70891],[-73.80302,40.70814],[-73.80166,40.70576],[-73.80565,40.70467],[-73.80695,40.70737],[-73.81201,40.70594],[-73.81153,40.70227],[-73.81356,40.70253],[-73.81638,40.70245],[-73.8181,40.70597],[-73.82045,40.70977],[-73.82364,40.71267],[-73.82472,40.71451],[-73.82592,40.71599],[-73.82525,40.71646],[-73.82187,40.71692],[-73.82052,40.71681],[-73.81828,40.716],[-73.8172,40.71584],[-73.80494,40.716],[-73.80022,40.71674],[-73.79315,40.71892],[-73.79073,40.71921],[-73.7909,40.71888],[-73.79201,40.71797],[-73.7924,40.71619]]]}},{"type":"Feature","id":29,"properties":{"id":29,"zone":"Brighton Beach","borough":"Brooklyn"},"geometry":{"type":"Polygon","coordinates":[[[-73.96005,40.58327],[-73.95901,40.58284],[-73.95703,40.58304],[-73.95646,40.58266],[-73.95414,40.58311],[-73.95236,40.57427],[-73.95374,40.5743],[-73.95408,40.57407],[-73.95413,40.57433],[-73.95569,40.57433],[-73.95635,40.57421],[-73.95635,40.5738],[-73.95657,40.57417],[-73.95843,40.57409],[-73.95897,40.57395],[-73.95899,40.57343],[-73.95907,40.57385],[-73.95939,40.57391],[-73.95942,40.57518],[-73.96471,40.57478],[-73.96757,40.57488],[-73.96766,40.57504],[-73.96889,40.57526],[-73.96514,40.5911],[-73.96068,40.5916],[-73.96005,40.58327]]]}},{"type":"Feature","id":30,"properties":{"id":30,"zone":"Broad Channel","borough":"Queens"},"geometry":{"type":"Polygon","coordinates":[[[-73.82076,40.61523],[-73.81653,40.61495],[-73.81657,40.61454],[-73.8156,40.61067],[-73.81475,40.60863],[-73.81506,40.60732],[-73.81601,40.60619],[-73.81599,40.60573],[-73.81643,40.60522],[-73.81739,40.60516],[-73.81725,40.60394],[-73.81772,40.60222],[-73.81831,40.60134],[-73.81849,40.59939],[-73.81928,40.59753],[-73.81974,40.59752],[-73.82038,40.59657],[-73.82045,40.59575],[-73.82071,40.59517],[-73.82136,40.59469],[-73.8248,40.59508],[-73.8259,40.59486],[-73.82914,40.59481],[-73.83048,40.59459],[-73.83241,40.59462],[-73.83466,40.59517],[-73.83485,40.59554],[-73.8344,40.59646],[-73.83336,40.59724],[-73.83215,40.59768],[-73.83239,40.5978],[-73.83154,40.59795],[-73.83063,40.59743],[-73.83039,40.59773],[-73.82948,40.59813],[-73.8291,40.59776],[-73.82806,40.59768],[-73.82785,40.598],[-73.82722,40.59833],[-73.8271,40.59869],[-73.82598,40.59947],[-73.82557,40.59855],[-73.82465,40.59815],[-73.82432,40.59831],[-73.82396,40.59888],[-73.82422,40.59907],[-73.82377,40.60004],[-73.82194,40.5998],[-73.82147,40.59999],[-73.82234,40.60023],[-73.82444,40.60034],[-73.82445,40.6008],[-73.82399,40.601],[-73.82351,40.60155],[-73.82358,40.60227],[-73.82305,40.60234],[-73.82294,40.60258],[-73.82277,40.6042],[-73.8229,40.60469],[-73.82247,40.60552],[-73.8229,40.60585],[-73.82236,40.60647],[-73.82126,40.607],[-73.82003,40.60892],[-73.81962,40.61048],[-73.82052,40.61195],[-73.82043,40.61207],[-73.82088,40.61226],[-73.82128,40.6111],[-73.82049,40.61022],[-73.82086,40.60923],[-73.82161,40.60848],[-73.82183,40.60896],[-73.82167,40.60923],[-73.82186,40.60987],[-73.82233,40.61029],[-73.82289,40.61034],[-73.82335,40.61115],[-73.82382,40.6115],[-73.8238,40.61213],[-73.82235,40.61426],[-73.82142,40.61505],[-73.82076,40.61523]]]}},{"type":"Feature","id":31,"properties":{"id":31,"zone":"Bronx Park","borough":"Bronx"},"geometry":{"type":"Polygon","coordinates":[[[-73.87094,40.85727],[-73.86955,40.85773],[-73.86842,40.85778],[-73.8699,40.85587],[-73.86823,40.85091],[-73.86941,40.84879],[-73.86889,40.84811],[-73.87109,40.84432],[-73.8719,40.84372],[-73.87281,40.84342],[-73.87399,40.84256],[-73.87459,40.84152],[-73.87817,40.84262],[-73.87733,40.84398],[-73.88284,40.84782],[-73.88276,40.84806],[-73.88312,40.84822],[-73.88073,40.85668],[-73.88101,40.85827],[-73.88061,40.86036],[-73.88093,40.86116],[-73.88201,40.86205],[-73.88379,40.86417],[-73.88394,40.86495],[-73.88356,40.86553],[-73.88268,40.86609],[-73.88309,40.86659],[-73.87619,40.87048],[-73.87519,40.87158],[-73.87255,40.87518],[-73.87094,40.87851],[-73.86943,40.87813],[-73.87031,40.87583],[-73.87056,40.87151],[-73.87046,40.86327],[-73.87108,40.85738],[-73.87094,40.85727]]]}},{"type":"Feature","id":32,"properties":{"id":32,"zone":"Bronxdale","borough":"Bronx"},"geometry":{"type":"Polygon","coordinates":[[[-73.85664,40.85812],[-73.86759,40.85783],[-73.86808,40.85785],[-73.86819,40.85806],[-73.86842,40.85778],[-73.86955,40.85773],[-73.87105,40.8573],[-73.87046,40.86327],[-73.87056,40.87151],[-73.86138,40.87134],[-73.86156,40.86555],[-73.85961,40.86551],[-73.85891,40.86464],[-73.85806,40.86304],[-73.8578,40.86304],[-73.85735,40.85971],[-73.85664,40.85812]]]}},{"type":"Feature","id":33,"properties":{"id":33,"zone":"Brooklyn Heights","borough":"Brooklyn"},"geometry":{"type":"Polygon","coordinates":[[[-73.99619,40.70338],[-73.99514,40.70297],[-73.99505,40.70313],[-73.99325,40.70241],[-73.99087,40.70067],[-73.99082,40.70035],[-73.99128,40.69923],[-73.99143,40.69828],[-73.99128,40.69659],[-73.99044,40.69383],[-73.99097,40.69255],[-73.98903,40.69212],[-73.98931,40.69099],[-73.99054,40.68917],[-74.00111,40.69206],[-74.00174,40.69241],[-74.00096,40.69407],[-74.00301,40.69478],[-74.0024,40.69571],[-74.00027,40.69497],[-73.99941,40.69636],[-73.99952,40.69657],[-74.00049,40.69693],[-74.00043,40.69705],[-73.99959,40.69678],[-73.99955,40.69695],[-73.99941,40.69689],[-73.99947,40.6967],[-73.999,40.69681],[-73.99876,40.69712],[-74.00105,40.69791],[-74.00049,40.69876],[-73.99838,40.69806],[-73.99802,40.69876],[-74.00002,40.69947],[-73.99947,40.70032],[-73.9975,40.69964],[-73.99716,40.69979],[-73.99724,40.70014],[-73.9967,40.70088],[-73.99814,40.70152],[-73.99619,40.70338]]]}},{"type":"Feature","id":34,"properties":{"id":34,"zone":"Brooklyn Navy Yard","borough":"Brooklyn"},"geometry":{"type":"MultiPolygon","coordinates":[[[[-73.97232,40.70908],[-73.97026,40.70689],[-73.97049,40.7054],[-73.97017,40.70536],[-73.97018,40.70493],[-73.96762,40.70335],[-73.96752,40.70344],[-73.96748,40.70395],[-73.9693,40.70509],[-73.96929,40.70709],[-73.96839,40.70683],[-73.96721,40.70426],[-73.96218,40.70022],[-73.96295,40.6976],[-73.96397,40.69638],[-73.96547,40.69593],[-73.96939,40.69608],[-73.96973,40.6978],[-73.98054,40.69825],[-73.9804,40.7007],[-73.98074,40.70128],[-73.98022,40.70306],[-73.97933,40.70475],[-73.97912,40.70553],[-73.97896,40.7055],[-73.97887,40.70587],[-73.97893,40.7055],[-73.97874,40.70546],[-73.97864,40.70583],[-73.9787,40.70546],[-73.97847,40.70556],[-73.9784,40.70598],[-73.97885,40.70607],[-73.97834,40.706],[-73.97859,40.70498],[-73.97802,40.70429],[-73.97721,40.70421],[-73.97751,40.7032],[-73.97714,40.70301],[-73.97624,40.70478],[-73.97596,40.70472],[-73.97693,40.7028],[-73.97616,40.70217],[-73.97553,40.70304],[-73.97533,40.70295],[-73.97601,40.70195],[-73.97455,40.70159],[-73.97582,40.69974],[-73.97574,40.69957],[-73.97538,40.6996],[-73.97412,40.70131],[-73.97293,40.70029],[-73.97257,40.70008],[-73.97239,40.70017],[-73.97376,40.70153],[-73.97319,40.70167],[-73.97114,40.69992],[-73.97078,40.69998],[-73.97332,40.70241],[-73.97284,40.70273],[-73.96983,40.70025],[-73.96949,40.70052],[-73.97284,40.70335],[-73.97267,40.7035],[-73.96925,40.70136],[-73.96899,40.70175],[-73.97231,40.70384],[-73.97216,40.70397],[-73.9711,40.70346],[-73.97093,40.70362],[-73.97102,40.70382],[-73.97466,40.70607],[-73.97439,40.70633],[-73.97348,40.70569],[-73.97255,40.7062],[-73.97463,40.70768],[-73.97424,40.70802],[-73.97122,40.70579],[-73.9711,40.70585],[-73.97106,40.70695],[-73.97276,40.70883],[-73.97232,40.70908]]],[[[-73.97906,40.70595],[-73.97893,40.70592],[-73.97906,40.70595],[-73.97906,40.70595]]],[[[-73.98237,40.70554],[-73.98242,40.70582],[-73.98102,40.7059],[-73.9823,40.70574],[-73.98237,40.70554]]]]}},{"type":"Feature","id":35,"properties":{"id":35,"zone":"Brownsville","borough":"Brooklyn"},"geometry":{"type":"Polygon","coordinates":[[[-73.90145,40.66366],[-73.90066,40.66059],[-73.89965,40.66074],[-73.89881,40.65741],[-73.90049,40.65715],[-73.90119,40.65651],[-73.90318,40.65531],[-73.90784,40.65459],[-73.9074,40.65284],[-73.90856,40.6521],[-73.90933,40.65281],[-73.91012,40.65585],[-73.91236,40.65551],[-73.91818,40.66073],[-73.9183,40.66116],[-73.9186,40.66112],[-73.91959,40.662],[-73.91974,40.66077],[-73.92008,40.65986],[-73.92638,40.66551],[-73.90347,40.67551],[-73.90042,40.66381],[-73.90145,40.66366]]]}},{"type":"Feature","id":36,"properties":{"id":36,"zone":"Bushwick North","borough":"Brooklyn"},"geometry":{"type":"Polygon","coordinates":[[[-73.92189,40.7094],[-73.91181,40.70343],[-73.9129,40.70236],[-73.91068,40.70105],[-73.91181,40.69994],[-73.90426,40.6957],[-73.9058,40.69413],[-73.90123,40.69144],[-73.90406,40.68855],[-73.90482,40.68881],[-73.93116,40.70377],[-73.9327,40.70317],[-73.93392,40.70749],[-73.92189,40.7094]]]}},{"type":"Feature","id":37,"properties":{"id":37,"zone":"Bushwick South","borough":"Brooklyn"},"geometry":{"type":"Polygon","coordinates":[[[-73.93392,40.70749],[-73.9327,40.70317],[-73.93116,40.70377],[-73.90482,40.68881],[-73.90406,40.68855],[-73.9018,40.69077],[-73.90042,40.68818],[-73.90116,40.68788],[-73.89647,40.68234],[-73.89658,40.68157],[-73.89704,40.68056],[-73.89749,40.68007],[-73.89827,40.67973],[-73.90047,40.67954],[-73.90262,40.68066],[-73.90405,40.67922],[-73.93857,40.69885],[-73.94395,40.69822],[-73.94439,40.70042],[-73.94042,40.70108],[-73.94103,40.70464],[-73.94273,40.70447],[-73.94379,40.7109],[-73.94042,40.71122],[-73.94069,40.71196],[-73.9348,40.71337],[-73.9323,40.70775],[-73.93392,40.70749]]]}},{"type":"Feature","id":38,"properties":{"id":38,"zone":"Cambria Heights","borough":"Queens"},"geometry":{"type":"Polygon","coordinates":[[[-73.74078,40.70268],[-73.7343,40.70248],[-73.73426,40.70322],[-73.72678,40.70306],[-73.72586,40.68324],[-73.73744,40.6867],[-73.7376,40.68636],[-73.74755,40.68935],[-73.74468,40.69341],[-73.74359,40.69622],[-73.74507,40.69639],[-73.74618,40.69612],[-73.74773,40.69955],[-73.745,40.70026],[-73.74591,40.70229],[-73.74109,40.70348],[-73.7405,40.70343],[-73.74078,40.70268]]]}},{"type":"Feature","id":39,"properties":{"id":39,"zone":"Canarsie","borough":"Brooklyn"},"geometry":{"type":"MultiPolygon","coordinates":[[[[-73.89122,40.64999],[-73.89057,40.64921],[-73.89102,40.64934],[-73.8912,40.64913],[-73.8911,40.64881],[-73.88945,40.64717],[-73.88948,40.64691],[-73.8888,40.64605],[-73.88938,40.64697],[-73.88887,40.64722],[-73.88854,40.64697],[-73.8886,40.64671],[-73.88808,40.64662],[-73.88809,40.64621],[-73.88829,40.64604],[-73.888,40.64603],[-73.88741,40.64533],[-73.88806,40.64512],[-73.88791,40.645],[-73.88734,40.64522],[-73.88691,40.64447],[-73.88655,40.64431],[-73.88624,40.64382],[-73.88469,40.64312],[-73.88374,40.64245],[-73.88079,40.63976],[-73.88055,40.63916],[-73.87954,40.63822],[-73.87897,40.63846],[-73.87864,40.63829],[-73.87844,40.63795],[-73.87863,40.63755],[-73.87784,40.6369],[-73.87714,40.63598],[-73.87821,40.63457],[-73.87999,40.63351],[-73.88038,40.63298],[-73.88127,40.63237],[-73.88301,40.63163],[-73.88364,40.63094],[-73.88377,40.63022],[-73.88345,40.62991],[-73.88405,40.62956],[-73.88263,40.62827],[-73.88369,40.62756],[-73.88513,40.62883],[-73.88572,40.62845],[-73.88604,40.6287],[-73.88753,40.62833],[-73.89049,40.62622],[-73.8909,40.62502],[-73.89238,40.62373],[-73.89301,40.62336],[-73.89359,40.62339],[-73.89577,40.62252],[-73.89607,40.62277],[-73.89826,40.62299],[-73.90115,40.62569],[-73.90413,40.62631],[-73.91633,40.63204],[-73.91716,40.63173],[-73.91861,40.63209],[-73.91995,40.64471],[-73.9183,40.64581],[-73.90945,40.65152],[-73.90398,40.64663],[-73.89586,40.65188],[-73.89761,40.65345],[-73.89355,40.6552],[-73.89137,40.65236],[-73.89001,40.65115],[-73.89122,40.64999]]],[[[-73.88834,40.64671],[-73.8885,40.64676],[-73.88853,40.64686],[-73.88847,40.6469],[-73.88834,40.64671]]]]}},{"type":"Feature","id":40,"properties":{"id":40,"zone":"Carroll Gardens","borough":"Brooklyn"},"geometry":{"type":"Polygon","coordinates":[[[-74.00005,40.6828],[-73.99621,40.68172],[-73.9949,40.68443],[-73.98722,40.68145],[-73.98932,40.67835],[-73.98941,40.67745],[-73.9907,40.67581],[-73.99349,40.67618],[-73.99421,40.67615],[-73.99506,40.67584],[-73.99862,40.67183],[-74.00106,40.67556],[-74.00112,40.6757],[-74.00067,40.67556],[-74.00153,40.67727],[-74.00329,40.67964],[-74.00065,40.68525],[-73.99908,40.68482],[-74.00005,40.6828]]]}},{"type":"Feature","id":41,"properties":{"id":41,"zone":"Central Harlem","borough":"Manhattan"},"geometry":{"type":"Polygon","coordinates":[[[-73.9521,40.81144],[-73.94177,40.80709],[-73.94275,40.80574],[-73.9443,40.80639],[-73.94524,40.80514],[-73.94613,40.80388],[-73.9446,40.80323],[-73.94922,40.79691],[-73.95965,40.80116],[-73.95825,40.80311],[-73.95818,40.8056],[-73.95497,40.81006],[-73.95358,40.80948],[-73.9521,40.81144]]]}},{"type":"Feature","id":42,"properties":{"id":42,"zone":"Central Harlem North","borough":"Manhattan"},"geometry":{"type":"Polygon","coordinates":[[[-73.93436,40.8362],[-73.93492,40.83523],[-73.93517,40.83287],[-73.93442,40.82704],[-73.93397,40.81973],[-73.93383,40.81952],[-73.9344,40.81967],[-73.93407,40.81783],[-73.93445,40.81719],[-73.93902,40.81086],[-73.93581,40.8095],[-73.93854,40.80573],[-73.9521,40.81144],[-73.95035,40.81316],[-73.9492,40.81472],[-73.94608,40.82126],[-73.94515,40.82088],[-73.94292,40.82326],[-73.93925,40.8283],[-73.93864,40.82974],[-73.94017,40.83038],[-73.93868,40.8328],[-73.93496,40.83576],[-73.9348,40.83611],[-73.93436,40.8362]]]}},{"type":"Feature","id":43,"properties":{"id":43,"zone":"Central Park","borough":"Manhattan"},"geometry":{"type":"Polygon","coordinates":[[[-73.94922,40.79691],[-73.97301,40.76428],[-73.98136,40.76784],[-73.98133,40.76819],[-73.98165,40.76844],[-73.95817,40.80058],[-73.94922,40.79691]]]}},{"type":"Feature","id":44,"properties":{"id":44,"zone":"Charleston/Tottenville","borough":"Staten Island"},"geometry":{"type":"Polygon","coordinates":[[[-74.2122,40.55644],[-74.2135,40.55567],[-74.21509,40.5555],[-74.21784,40.55443],[-74.21778,40.55305],[-74.21912,40.55223],[-74.22132,40.55025],[-74.21777,40.54113],[-74.21771,40.53831],[-74.21832,40.53531],[-74.21801,40.5323],[-74.21685,40.52864],[-74.21574,40.52646],[-74.21567,40.52396],[-74.2141,40.5241],[-74.21355,40.52124],[-74.21761,40.52087],[-74.22282,40.51846],[-74.2238,40.5182],[-74.2255,40.51851],[-74.22691,40.51917],[-74.22663,40.51725],[-74.2229,40.50894],[-74.22322,40.50866],[-74.22188,40.50267],[-74.22159,40.5025],[-74.22305,40.50248],[-74.22507,40.50176],[-74.22729,40.5023],[-74.22972,40.50209],[-74.23034,40.5018],[-74.23054,40.50195],[-74.23114,40.50185],[-74.2336,40.50091],[-74.23526,40.50061],[-74.23679,40.5],[-74.23767,40.49912],[-74.23799,40.49917],[-74.23851,40.4989],[-74.23988,40.49757],[-74.24433,40.49755],[-74.24549,40.49704],[-74.24676,40.49613],[-74.24803,40.49619],[-74.24917,40.49657],[-74.25085,40.49801],[-74.25117,40.49899],[-74.2526,40.49964],[-74.25336,40.50041],[-74.25385,40.50164],[-74.25531,40.50414],[-74.25531,40.50654],[-74.25554,40.50784],[-74.25463,40.50867],[-74.25498,40.50877],[-74.25497,40.50881],[-74.25462,40.50869],[-74.25399,40.50897],[-74.25404,40.50925],[-74.25439,40.50934],[-74.25431,40.50941],[-74.25402,40.50927],[-74.25369,40.50943],[-74.25465,40.50983],[-74.25453,40.50997],[-74.25365,40.50947],[-74.25332,40.50986],[-74.25306,40.51106],[-74.25326,40.51109],[-74.25301,40.51119],[-74.25353,40.51168],[-74.25304,40.51143],[-74.25309,40.51212],[-74.25195,40.513],[-74.25213,40.51371],[-74.25135,40.51439],[-74.25005,40.51511],[-74.25056,40.51572],[-74.25016,40.51536],[-74.24989,40.51552],[-74.25056,40.51611],[-74.25042,40.51619],[-74.24936,40.51501],[-74.24922,40.51508],[-74.24994,40.51614],[-74.24943,40.51569],[-74.24865,40.51611],[-74.24876,40.51636],[-74.24855,40.51617],[-74.2486,40.51631],[-74.24828,40.51649],[-74.24895,40.51719],[-74.24941,40.51698],[-74.24851,40.51748],[-74.24892,40.51721],[-74.24752,40.51574],[-74.24693,40.51607],[-74.24644,40.51597],[-74.24613,40.51614],[-74.24675,40.5165],[-74.24651,40.51667],[-74.247,40.51718],[-74.24648,40.51669],[-74.24654,40.51696],[-74.24635,40.51675],[-74.24521,40.51729],[-74.24567,40.51779],[-74.24563,40.51808],[-74.24509,40.51807],[-74.2443,40.51852],[-74.24365,40.51829],[-74.24232,40.51833],[-74.24103,40.51954],[-74.24049,40.51919],[-74.23992,40.52005],[-74.24003,40.52031],[-74.24056,40.52045],[-74.24117,40.52106],[-74.24133,40.52089],[-74.24293,40.52123],[-74.24258,40.5222],[-74.2428,40.52401],[-74.24336,40.52482],[-74.24397,40.52491],[-74.24334,40.52585],[-74.24283,40.52742],[-74.24289,40.5282],[-74.24251,40.52845],[-74.24219,40.52944],[-74.24225,40.52982],[-74.24151,40.53104],[-74.24181,40.53256],[-74.24218,40.53258],[-74.24228,40.53339],[-74.24196,40.53363],[-74.24205,40.53435],[-74.24366,40.53607],[-74.24412,40.5362],[-74.24398,40.53646],[-74.24415,40.53688],[-74.24459,40.53693],[-74.24494,40.53666],[-74.24534,40.53691],[-74.24444,40.53807],[-74.24527,40.53924],[-74.2456,40.54095],[-74.24599,40.54128],[-74.24649,40.54221],[-74.24768,40.54313],[-74.24803,40.54309],[-74.24618,40.54563],[-74.24336,40.54787],[-74.24358,40.54762],[-74.24294,40.54711],[-74.2422,40.54695],[-74.24039,40.54766],[-74.23837,40.54914],[-74.23762,40.55012],[-74.23642,40.55051],[-74.23617,40.55143],[-74.23652,40.55202],[-74.23642,40.55233],[-74.2349,40.55301],[-74.23378,40.55251],[-74.23334,40.5525],[-74.23229,40.55336],[-74.23193,40.55415],[-74.23076,40.55554],[-74.23025,40.55539],[-74.22932,40.55549],[-74.22931,40.55582],[-74.22872,40.5563],[-74.22816,40.55638],[-74.22744,40.55604],[-74.2264,40.55626],[-74.2239,40.5559],[-74.22386,40.5561],[-74.22344,40.55605],[-74.22379,40.55588],[-74.22316,40.55579],[-74.22297,40.5555],[-74.22257,40.55541],[-74.2218,40.55542],[-74.22157,40.55565],[-74.2213,40.55537],[-74.22098,40.55591],[-74.22062,40.5559],[-74.22018,40.55543],[-74.22005,40.55484],[-74.21974,40.55461],[-74.21908,40.55485],[-74.21934,40.55569],[-74.21922,40.5558],[-74.21896,40.55486],[-74.21859,40.55467],[-74.21882,40.55587],[-74.21871,40.55604],[-74.21775,40.55501],[-74.21604,40.55554],[-74.21474,40.55624],[-74.21502,40.55676],[-74.21462,40.55691],[-74.21423,40.55656],[-74.21396,40.55666],[-74.21376,40.5564],[-74.21324,40.55667],[-74.2057,40.55852],[-74.207,40.55757],[-74.21051,40.55706],[-74.2122,40.55644]]]}},{"type":"Feature","id":45,"properties":{"id":45,"zone":"Chinatown","borough":"Manhattan"},"geometry":{"type":"Polygon","coordinates":[[[-73.9975,40.71407],[-73.99256,40.71439],[-73.99178,40.70982],[-73.99205,40.70978],[-73.99191,40.70953],[-73.99728,40.70873],[-73.99919,40.70795],[-74.00366,40.71149],[-74.00511,40.71206],[-74.00589,40.71201],[-74.00486,40.71245],[-74.00272,40.71439],[-73.99996,40.71802],[-73.99859,40.7171],[-73.99606,40.71623],[-73.9975,40.71407]]]}},{"type":"Feature","id":46,"properties":{"id":46,"zone":"City Island","borough":"Bronx"},"geometry":{"type":"MultiPolygon","coordinates":[[[[-73.78452,40.86048],[-73.7844,40.85977],[-73.78457,40.85972],[-73.78471,40.85917],[-73.7852,40.85883],[-73.78602,40.8593],[-73.78657,40.85923],[-73.78711,40.85881],[-73.78743,40.85894],[-73.78698,40.85953],[-73.78711,40.85972],[-73.78686,40.86005],[-73.78452,40.86048]]],[[[-73.76783,40.85444],[-73.76856,40.85324],[-73.76904,40.85329],[-73.76939,40.85254],[-73.76861,40.85079],[-73.7696,40.84759],[-73.7695,40.84722],[-73.76789,40.84529],[-73.76901,40.8451],[-73.77118,40.84694],[-73.77157,40.8475],[-73.77089,40.84975],[-73.77205,40.85162],[-73.77271,40.85183],[-73.77247,40.85183],[-73.77246,40.85206],[-73.77296,40.85216],[-73.77265,40.85222],[-73.77289,40.8524],[-73.77246,40.85211],[-73.77245,40.85244],[-73.77173,40.85248],[-73.77172,40.853],[-73.7723,40.85309],[-73.77235,40.85385],[-73.77296,40.8538],[-73.77296,40.85414],[-73.77269,40.85391],[-73.77233,40.8539],[-73.77214,40.85441],[-73.77218,40.85887],[-73.77235,40.85967],[-73.77219,40.85999],[-73.77085,40.8601],[-73.76947,40.85933],[-73.76836,40.85836],[-73.76836,40.85766],[-73.76533,40.85504],[-73.76783,40.85444]]],[[[-73.79019,40.85861],[-73.78898,40.85847],[-73.78878,40.85742],[-73.78804,40.85756],[-73.78878,40.8574],[-73.7889,40.85657],[-73.78836,40.85563],[-73.78855,40.85515],[-73.78829,40.85482],[-73.78848,40.8544],[-73.78835,40.85415],[-73.78756,40.85438],[-73.78735,40.85439],[-73.78832,40.8541],[-73.78731,40.85421],[-73.78691,40.85406],[-73.78793,40.85374],[-73.78796,40.85347],[-73.78588,40.85179],[-73.78529,40.85162],[-73.78413,40.85183],[-73.78431,40.85177],[-73.78396,40.85149],[-73.78338,40.85159],[-73.7836,40.85132],[-73.7846,40.8511],[-73.78445,40.85077],[-73.78384,40.85069],[-73.78407,40.85063],[-73.7842,40.85006],[-73.78353,40.84922],[-73.78304,40.84907],[-73.78245,40.84934],[-73.78209,40.84925],[-73.78216,40.84912],[-73.78157,40.84943],[-73.78154,40.8494],[-73.78214,40.8491],[-73.78143,40.8488],[-73.78149,40.84858],[-73.78267,40.84814],[-73.78098,40.84846],[-73.78131,40.84835],[-73.78111,40.84829],[-73.78264,40.84807],[-73.7825,40.84791],[-73.78158,40.84804],[-73.78148,40.84788],[-73.78143,40.84746],[-73.78221,40.84686],[-73.78216,40.84664],[-73.78064,40.84692],[-73.78068,40.84706],[-73.78046,40.8471],[-73.7804,40.84693],[-73.78106,40.8468],[-73.78115,40.84625],[-73.78111,40.84675],[-73.78169,40.84664],[-73.78174,40.84641],[-73.78171,40.84666],[-73.78109,40.8468],[-73.78216,40.84661],[-73.78251,40.84641],[-73.78236,40.84598],[-73.78258,40.84594],[-73.7825,40.84566],[-73.78309,40.84552],[-73.78315,40.84531],[-73.78307,40.84551],[-73.78242,40.84568],[-73.78182,40.84576],[-73.78305,40.8455],[-73.78306,40.84509],[-73.78182,40.84548],[-73.78307,40.84506],[-73.78315,40.8453],[-73.78322,40.84506],[-73.78298,40.84468],[-73.78337,40.84444],[-73.78306,40.84437],[-73.78301,40.84417],[-73.78327,40.84407],[-73.78309,40.84387],[-73.78348,40.84368],[-73.78291,40.84394],[-73.78053,40.84453],[-73.77993,40.84388],[-73.78053,40.84445],[-73.7804,40.84397],[-73.78058,40.84443],[-73.78106,40.84433],[-73.78088,40.84386],[-73.78109,40.84432],[-73.78155,40.84422],[-73.78138,40.8437],[-73.78158,40.84421],[-73.78201,40.84411],[-73.78183,40.84358],[-73.78204,40.8441],[-73.78244,40.84401],[-73.78225,40.84344],[-73.78247,40.844],[-73.78282,40.84392],[-73.78257,40.84329],[-73.78278,40.84375],[-73.78309,40.84369],[-73.78287,40.84312],[-73.78313,40.8437],[-73.78281,40.84378],[-73.78284,40.84389],[-73.78347,40.84365],[-73.78319,40.84287],[-73.78305,40.8429],[-73.78321,40.84348],[-73.78291,40.84292],[-73.78314,40.84282],[-73.78292,40.84281],[-73.78312,40.84274],[-73.78289,40.84249],[-73.78273,40.84252],[-73.78282,40.84276],[-73.78271,40.84253],[-73.7823,40.84261],[-73.78244,40.84304],[-73.78227,40.84261],[-73.7818,40.8427],[-73.78193,40.84323],[-73.78177,40.8427],[-73.78125,40.8428],[-73.78143,40.84337],[-73.78122,40.8428],[-73.78067,40.84291],[-73.78083,40.84351],[-73.78064,40.84291],[-73.7803,40.84297],[-73.78023,40.84378],[-73.78023,40.84288],[-73.78286,40.84248],[-73.7806,40.84279],[-73.78237,40.84243],[-73.78215,40.84236],[-73.78231,40.84222],[-73.78162,40.84233],[-73.78231,40.84221],[-73.78233,40.84192],[-73.78144,40.84214],[-73.78232,40.8419],[-73.78204,40.84184],[-73.78226,40.84178],[-73.78202,40.84179],[-73.78217,40.84169],[-73.7813,40.84179],[-73.78134,40.842],[-73.78125,40.84188],[-73.7812,40.84204],[-73.78098,40.84195],[-73.78102,40.84209],[-73.78085,40.84199],[-73.78089,40.84213],[-73.7807,40.84203],[-73.78072,40.84219],[-73.78066,40.84204],[-73.78056,40.84221],[-73.78035,40.84211],[-73.78043,40.84249],[-73.7803,40.84251],[-73.7802,40.84205],[-73.78185,40.84165],[-73.78166,40.84112],[-73.78084,40.84128],[-73.78089,40.84155],[-73.7808,40.84126],[-73.78165,40.8411],[-73.78139,40.84104],[-73.78161,40.841],[-73.78137,40.84098],[-73.78159,40.84094],[-73.78142,40.84071],[-73.78154,40.84039],[-73.78149,40.84021],[-73.78125,40.84026],[-73.78149,40.8402],[-73.78136,40.83973],[-73.78118,40.83975],[-73.78136,40.83971],[-73.78134,40.83948],[-73.78114,40.83949],[-73.78134,40.83947],[-73.78157,40.83854],[-73.782,40.83802],[-73.78188,40.83765],[-73.78238,40.83732],[-73.78273,40.83749],[-73.78291,40.83732],[-73.7827,40.83684],[-73.78282,40.83634],[-73.78303,40.83635],[-73.78338,40.83691],[-73.7841,40.83673],[-73.78448,40.83702],[-73.78498,40.83675],[-73.78508,40.83688],[-73.7845,40.83706],[-73.78485,40.83747],[-73.78564,40.83706],[-73.78583,40.83721],[-73.78565,40.83713],[-73.78517,40.83747],[-73.78558,40.83793],[-73.78553,40.8388],[-73.78574,40.83923],[-73.78653,40.83972],[-73.78741,40.83968],[-73.78764,40.84053],[-73.78736,40.84059],[-73.78749,40.84084],[-73.78818,40.84071],[-73.78816,40.84049],[-73.78825,40.84075],[-73.78752,40.84088],[-73.78779,40.84089],[-73.78786,40.84108],[-73.78761,40.8412],[-73.78784,40.84147],[-73.78837,40.8415],[-73.78802,40.84178],[-73.78829,40.84179],[-73.78806,40.84187],[-73.78838,40.84238],[-73.78884,40.84235],[-73.78853,40.84243],[-73.78906,40.84324],[-73.78992,40.84322],[-73.78993,40.84304],[-73.79,40.84331],[-73.78973,40.84341],[-73.7899,40.84342],[-73.7898,40.84359],[-73.78934,40.84368],[-73.78947,40.84429],[-73.79067,40.84574],[-73.79099,40.84565],[-73.7907,40.84579],[-73.79097,40.84636],[-73.79149,40.84625],[-73.79113,40.84636],[-73.79118,40.84656],[-73.79141,40.84655],[-73.79148,40.8468],[-73.79179,40.84673],[-73.79137,40.84689],[-73.79144,40.84731],[-73.79177,40.84723],[-73.79192,40.84726],[-73.79143,40.84736],[-73.79154,40.84754],[-73.79127,40.8476],[-73.79133,40.84806],[-73.79162,40.84805],[-73.79134,40.84809],[-73.79111,40.84881],[-73.79092,40.84887],[-73.79101,40.84899],[-73.79089,40.84889],[-73.78976,40.84953],[-73.78986,40.84997],[-73.79095,40.84974],[-73.79099,40.84983],[-73.78987,40.84999],[-73.79002,40.85032],[-73.79036,40.85014],[-73.79041,40.85027],[-73.79002,40.85035],[-73.78992,40.85061],[-73.79102,40.85043],[-73.78993,40.85063],[-73.79007,40.85093],[-73.79025,40.8509],[-73.79009,40.85098],[-73.79027,40.85096],[-73.79009,40.85099],[-73.79012,40.85119],[-73.78951,40.8513],[-73.78966,40.85149],[-73.78979,40.85146],[-73.78967,40.85134],[-73.79006,40.85141],[-73.79002,40.85126],[-73.79009,40.85141],[-73.79035,40.85137],[-73.79034,40.85122],[-73.79038,40.85136],[-73.79082,40.85129],[-73.79082,40.85115],[-73.79099,40.85126],[-73.79089,40.8514],[-73.78966,40.8515],[-73.78973,40.85169],[-73.79089,40.85155],[-73.7902,40.85175],[-73.79046,40.85177],[-73.79008,40.85203],[-73.79016,40.85225],[-73.79016,40.85204],[-73.79027,40.85222],[-73.79053,40.85216],[-73.79045,40.85199],[-73.79081,40.8521],[-73.79056,40.85194],[-73.79079,40.85186],[-73.79085,40.85209],[-73.79111,40.85201],[-73.79101,40.85186],[-73.79117,40.85182],[-73.79119,40.85202],[-73.79146,40.85195],[-73.79132,40.85178],[-73.79152,40.85173],[-73.7915,40.85193],[-73.79173,40.85176],[-73.79249,40.85155],[-73.79177,40.85177],[-73.79206,40.85183],[-73.79017,40.85228],[-73.79114,40.85206],[-73.79136,40.85223],[-73.79124,40.85228],[-73.79318,40.85181],[-73.79312,40.85158],[-73.79324,40.85193],[-73.79125,40.8523],[-73.79138,40.8526],[-73.79341,40.85202],[-73.79351,40.85226],[-73.79342,40.85214],[-73.79139,40.85263],[-73.79145,40.85277],[-73.79042,40.85302],[-73.7905,40.85319],[-73.79101,40.85312],[-73.79145,40.85301],[-73.79144,40.85282],[-73.7915,40.853],[-73.7917,40.85296],[-73.79166,40.85278],[-73.79173,40.85295],[-73.79196,40.8529],[-73.79192,40.85271],[-73.79199,40.85289],[-73.79222,40.85283],[-73.79218,40.85265],[-73.79225,40.85282],[-73.79249,40.85277],[-73.79244,40.85259],[-73.79251,40.85276],[-73.79283,40.85268],[-73.79282,40.85249],[-73.7929,40.8527],[-73.79081,40.8532],[-73.79111,40.85326],[-73.79127,40.85371],[-73.79252,40.85341],[-73.79241,40.85305],[-73.79256,40.8534],[-73.79298,40.8533],[-73.79288,40.85294],[-73.79304,40.85337],[-73.79127,40.85373],[-73.79106,40.85392],[-73.79246,40.8536],[-73.79107,40.85394],[-73.79254,40.85385],[-73.79257,40.85402],[-73.79179,40.854],[-73.79192,40.85422],[-73.79129,40.85458],[-73.79208,40.85565],[-73.7925,40.85579],[-73.79202,40.85618],[-73.79271,40.85619],[-73.79269,40.85634],[-73.79316,40.85635],[-73.79315,40.85647],[-73.79201,40.85623],[-73.79194,40.85641],[-73.79209,40.85648],[-73.7919,40.85655],[-73.79309,40.85669],[-73.79303,40.85681],[-73.79189,40.85657],[-73.79196,40.85672],[-73.79179,40.85672],[-73.79193,40.85677],[-73.79179,40.85673],[-73.79171,40.85685],[-73.79186,40.85679],[-73.79174,40.85687],[-73.7922,40.85715],[-73.79243,40.85693],[-73.79222,40.85715],[-73.79283,40.85744],[-73.79301,40.857],[-73.79288,40.85748],[-73.79186,40.857],[-73.79268,40.85742],[-73.79211,40.85717],[-73.79189,40.85744],[-73.79257,40.85764],[-73.7924,40.85785],[-73.79174,40.85739],[-73.79209,40.85716],[-73.79184,40.85703],[-73.7916,40.85738],[-73.79129,40.85726],[-73.79094,40.85755],[-73.79164,40.85788],[-73.79179,40.85778],[-73.79144,40.85815],[-73.79162,40.8579],[-73.79093,40.85757],[-73.79024,40.85815],[-73.79006,40.85846],[-73.79019,40.85861]]],[[[-73.78283,40.85587],[-73.78302,40.85509],[-73.78368,40.85517],[-73.78395,40.85563],[-73.78343,40.85636],[-73.78283,40.85587]]],[[[-73.78062,40.85574],[-73.7809,40.85497],[-73.78156,40.855],[-73.78156,40.85574],[-73.78123,40.85609],[-73.78062,40.85574]]],[[[-73.78833,40.83467],[-73.78931,40.83446],[-73.78951,40.83536],[-73.78846,40.83531],[-73.78833,40.83467]]]]}},{"type":"Feature","id":47,"properties":{"id":47,"zone":"Claremont/Bathgate","borough":"Bronx"},"geometry":{"type":"Polygon","coordinates":[[[-73.89039,40.85469],[-73.89217,40.85277],[-73.89307,40.85325],[-73.89432,40.85189],[-73.89479,40.85108],[-73.89407,40.85071],[-73.89618,40.84666],[-73.8929,40.84627],[-73.89538,40.84294],[-73.89666,40.84352],[-73.90123,40.8355],[-73.90553,40.8291],[-73.91049,40.83074],[-73.90538,40.83977],[-73.90561,40.83984],[-73.90519,40.84071],[-73.90483,40.8448],[-73.90134,40.84443],[-73.89561,40.85457],[-73.89115,40.86091],[-73.89106,40.86153],[-73.89028,40.86111],[-73.89113,40.86006],[-73.89109,40.8566],[-73.89039,40.85469]]]}},{"type":"Feature","id":48,"properties":{"id":48,"zone":"Clinton East","borough":"Manhattan"},"geometry":{"type":"Polygon","coordinates":[[[-73.98237,40.76739],[-73.99163,40.75471],[-73.99731,40.75711],[-73.98806,40.76979],[-73.98237,40.76739]]]}},{"type":"Feature","id":49,"properties":{"id":49,"zone":"Clinton Hill","borough":"Brooklyn"},"geometry":{"type":"Polygon","coordinates":[[[-73.96105,40.69833],[-73.96016,40.69412],[-73.95614,40.69458],[-73.95541,40.69091],[-73.96029,40.69035],[-73.95957,40.68668],[-73.95468,40.68724],[-73.95328,40.6802],[-73.95544,40.67996],[-73.95529,40.6792],[-73.96869,40.68201],[-73.97013,40.68951],[-73.9691,40.68947],[-73.96983,40.69313],[-73.96881,40.69312],[-73.96939,40.69608],[-73.96547,40.69593],[-73.96455,40.69611],[-73.96348,40.6968],[-73.96284,40.69804],[-73.96105,40.69833]]]}},{"type":"Feature","id":50,"properties":{"id":50,"zone":"Clinton West","borough":"Manhattan"},"geometry":{"type":"Polygon","coordinates":[[[-73.99668,40.77351],[-73.99416,40.77249],[-73.99383,40.77293],[-73.9935,40.77275],[-73.99387,40.77224],[-73.98806,40.76979],[-73.99547,40.75963],[-74.00128,40.76208],[-74.00153,40.76264],[-74.00376,40.76358],[-74.00361,40.76378],[-74.00139,40.76285],[-74.00097,40.76342],[-74.00315,40.76433],[-74.00295,40.76462],[-74.00322,40.76464],[-74.00311,40.76475],[-73.99993,40.76341],[-73.99915,40.76421],[-74.00227,40.76553],[-74.00202,40.76589],[-73.99888,40.76457],[-73.99858,40.765],[-73.99869,40.76521],[-73.99828,40.76557],[-74.00157,40.76698],[-74.00131,40.76725],[-73.99807,40.76587],[-73.99738,40.76682],[-74.00065,40.76825],[-74.00039,40.7685],[-73.99716,40.76713],[-73.99646,40.7681],[-73.99974,40.76951],[-73.99947,40.76976],[-73.99707,40.76873],[-73.99715,40.76885],[-73.99657,40.76942],[-73.99903,40.77046],[-73.99876,40.77083],[-73.99631,40.7698],[-73.99588,40.7704],[-73.99602,40.77045],[-73.99542,40.77103],[-73.996,40.77131],[-73.9959,40.77145],[-73.99531,40.7712],[-73.99494,40.77147],[-73.99498,40.77166],[-73.99711,40.77255],[-73.99691,40.77283],[-73.99477,40.77193],[-73.99445,40.77238],[-73.99645,40.77306],[-73.99614,40.77325],[-73.99668,40.77351]]]}},{"type":"Feature","id":51,"properties":{"id":51,"zone":"Co-Op City","borough":"Bronx"},"geometry":{"type":"Polygon","coordinates":[[[-73.82127,40.86907],[-73.81579,40.86576],[-73.817,40.86446],[-73.81684,40.86431],[-73.82038,40.86103],[-73.82451,40.85976],[-73.82444,40.8595],[-73.827,40.85909],[-73.82799,40.86084],[-73.82834,40.86089],[-73.82955,40.86216],[-73.83316,40.86832],[-73.83566,40.86751],[-73.83829,40.87295],[-73.83746,40.87322],[-73.83925,40.87662],[-73.83815,40.87695],[-73.84324,40.87911],[-73.84128,40.88032],[-73.83664,40.88212],[-73.83435,40.88385],[-73.83342,40.88428],[-73.83065,40.88485],[-73.8253,40.88698],[-73.82387,40.88778],[-73.82077,40.88671],[-73.82024,40.88549],[-73.81993,40.88212],[-73.8233,40.8731],[-73.82127,40.86907]]]}},{"type":"Feature","id":52,"properties":{"id":52,"zone":"Cobble Hill","borough":"Brooklyn"},"geometry":{"type":"Polygon","coordinates":[[[-73.99236,40.68969],[-73.99621,40.68172],[-74.00005,40.6828],[-73.99908,40.68482],[-74.00065,40.68525],[-73.99777,40.69119],[-73.99236,40.68969]]]}},{"type":"Feature","id":53,"properties":{"id":53,"zone":"College Point","borough":"Queens"},"geometry":{"type":"MultiPolygon","coordinates":[[[[-73.83787,40.79844],[-73.83919,40.79778],[-73.84026,40.79759],[-73.83997,40.79691],[-73.83904,40.79705],[-73.8384,40.79676],[-73.83663,40.79252],[-73.83922,40.79304],[-73.84068,40.79391],[-73.84082,40.7915],[-73.83896,40.79144],[-73.83901,40.79062],[-73.83992,40.79065],[-73.84008,40.78785],[-73.83824,40.78779],[-73.8387,40.78168],[-73.82514,40.7817],[-73.82831,40.776],[-73.83,40.77373],[-73.83161,40.77241],[-73.83614,40.76953],[-73.83747,40.76831],[-73.83913,40.76599],[-73.8397,40.76639],[-73.83973,40.76673],[-73.8395,40.76702],[-73.83975,40.76712],[-73.83994,40.76706],[-73.8399,40.76682],[-73.84031,40.76629],[-73.84252,40.76578],[-73.84296,40.76585],[-73.84395,40.76549],[-73.84491,40.76553],[-73.8462,40.7662],[-73.84723,40.76631],[-73.84781,40.76677],[-73.84857,40.76809],[-73.8483,40.76843],[-73.84884,40.76875],[-73.84901,40.76922],[-73.8486,40.76982],[-73.84873,40.76999],[-73.84893,40.76991],[-73.84882,40.76974],[-73.8495,40.76951],[-73.84977,40.76994],[-73.84908,40.77019],[-73.84899,40.77003],[-73.84873,40.77011],[-73.84867,40.77076],[-73.84949,40.77133],[-73.84994,40.77193],[-73.8503,40.77194],[-73.85034,40.77174],[-73.8513,40.77181],[-73.85127,40.77199],[-73.85036,40.77183],[-73.85033,40.77202],[-73.84995,40.77196],[-73.84987,40.77218],[-73.85004,40.77222],[-73.84957,40.77256],[-73.84898,40.77356],[-73.84922,40.77464],[-73.84894,40.77556],[-73.84912,40.77579],[-73.84896,40.77796],[-73.84975,40.77841],[-73.84946,40.77866],[-73.84993,40.77877],[-73.84957,40.77919],[-73.84964,40.77948],[-73.85095,40.77907],[-73.85149,40.77899],[-73.85101,40.77912],[-73.85108,40.7793],[-73.85014,40.77939],[-73.84979,40.7795],[-73.84982,40.77963],[-73.85235,40.77948],[-73.85232,40.77917],[-73.85239,40.77953],[-73.84982,40.77965],[-73.84955,40.77999],[-73.85169,40.77987],[-73.85167,40.78004],[-73.84949,40.78007],[-73.84989,40.78109],[-73.85094,40.78112],[-73.84989,40.78112],[-73.84984,40.7816],[-73.84919,40.78164],[-73.84955,40.78184],[-73.84925,40.78226],[-73.85028,40.78246],[-73.85315,40.78232],[-73.85332,40.78203],[-73.85528,40.78198],[-73.85545,40.78314],[-73.85631,40.78338],[-73.85644,40.78316],[-73.85668,40.78315],[-73.8566,40.78289],[-73.85665,40.78289],[-73.85684,40.78337],[-73.85734,40.78337],[-73.85808,40.78372],[-73.85813,40.78419],[-73.85783,40.78444],[-73.85798,40.78468],[-73.85853,40.78523],[-73.85899,40.7852],[-73.85906,40.78543],[-73.85909,40.78544],[-73.85904,40.78509],[-73.85911,40.78544],[-73.85953,40.78553],[-73.85952,40.78556],[-73.85899,40.78549],[-73.85912,40.78585],[-73.85859,40.78615],[-73.85868,40.78653],[-73.85813,40.78705],[-73.85681,40.78667],[-73.8562,40.78715],[-73.85596,40.78768],[-73.85345,40.78783],[-73.85284,40.78821],[-73.85289,40.78835],[-73.85438,40.78832],[-73.8548,40.78862],[-73.85447,40.79026],[-73.85266,40.79111],[-73.85286,40.79153],[-73.85378,40.79242],[-73.85363,40.7931],[-73.85373,40.79394],[-73.85277,40.79439],[-73.85263,40.79494],[-73.85243,40.79461],[-73.85159,40.79409],[-73.84906,40.79336],[-73.84885,40.7935],[-73.84908,40.79415],[-73.84878,40.79454],[-73.84888,40.79513],[-73.84856,40.7955],[-73.84625,40.79616],[-73.84559,40.79601],[-73.84529,40.79544],[-73.8446,40.79491],[-73.84355,40.79491],[-73.84334,40.79502],[-73.84331,40.7955],[-73.84285,40.79521],[-73.84328,40.79617],[-73.84281,40.79542],[-73.84226,40.79558],[-73.84287,40.79692],[-73.84217,40.79561],[-73.84159,40.7954],[-73.84136,40.79562],[-73.84149,40.79598],[-73.8413,40.79622],[-73.8406,40.79681],[-73.84014,40.79688],[-73.84042,40.79768],[-73.83921,40.79784],[-73.83843,40.79838],[-73.83787,40.79844]]],[[[-73.86788,40.78736],[-73.86813,40.78723],[-73.86923,40.78597],[-73.8681,40.78746],[-73.86788,40.78736]]]]}},{"type":"Feature","id":54,"properties":{"id":54,"zone":"Columbia Street","borough":"Brooklyn"},"geometry":{"type":"MultiPolygon","coordinates":[[[[-74.00174,40.69241],[-74.00401,40.69321],[-74.00346,40.69406],[-74.00127,40.6933],[-74.00174,40.69241]]],[[[-74.00174,40.69241],[-74.00111,40.69206],[-73.99777,40.69119],[-74.00329,40.67964],[-74.00447,40.68099],[-74.00596,40.68336],[-74.00485,40.68567],[-74.00717,40.68636],[-74.00753,40.68607],[-74.00772,40.68626],[-74.00702,40.68653],[-74.00588,40.6862],[-74.00563,40.68678],[-74.00783,40.68739],[-74.00742,40.68821],[-74.005,40.68761],[-74.00459,40.68822],[-74.00678,40.68883],[-74.00636,40.68967],[-74.00382,40.68893],[-74.00341,40.68961],[-74.00576,40.69024],[-74.00534,40.69109],[-74.00196,40.69014],[-74.00185,40.69039],[-74.00096,40.69013],[-74.0007,40.69061],[-74.00479,40.69176],[-74.00441,40.69253],[-74.00197,40.69184],[-74.00174,40.69241]]],[[[-74.00816,40.68617],[-74.01193,40.68389],[-74.01218,40.6841],[-74.00835,40.6864],[-74.00816,40.68617]]]]}},{"type":"Feature","id":55,"properties":{"id":55,"zone":"Coney Island","borough":"Brooklyn"},"geometry":{"type":"Polygon","coordinates":[[[-73.9871,40.58464],[-73.98493,40.5846],[-73.98482,40.58417],[-73.97743,40.58291],[-73.97461,40.58313],[-73.969,40.58406],[-73.96782,40.58454],[-73.96662,40.58457],[-73.96889,40.57526],[-73.96766,40.57504],[-73.96757,40.57488],[-73.96471,40.57478],[-73.95942,40.57518],[-73.95939,40.57391],[-73.9672,40.57333],[-73.96744,40.57321],[-73.96743,40.57299],[-73.96753,40.57319],[-73.96839,40.57315],[-73.96945,40.57286],[-73.96925,40.5723],[-73.96956,40.57281],[-73.97085,40.57277],[-73.97135,40.5726],[-73.97118,40.57194],[-73.97161,40.57263],[-73.9725,40.57258],[-73.97335,40.57232],[-73.97325,40.57163],[-73.97345,40.57227],[-73.97373,40.57229],[-73.97547,40.57197],[-73.97541,40.57142],[-73.97568,40.57196],[-73.97593,40.57202],[-73.9773,40.57186],[-73.97766,40.57173],[-73.97767,40.57117],[-73.97808,40.57123],[-73.97772,40.57125],[-73.97781,40.57176],[-73.97845,40.57189],[-73.97985,40.57154],[-73.97944,40.57122],[-73.97975,40.57125],[-73.98001,40.5717],[-73.98033,40.57174],[-73.98204,40.57148],[-73.98157,40.57125],[-73.98195,40.57124],[-73.98226,40.57157],[-73.98367,40.57141],[-73.9834,40.57017],[-73.98304,40.57015],[-73.98339,40.57009],[-73.98336,40.56953],[-73.98349,40.57009],[-73.98384,40.57011],[-73.98349,40.57016],[-73.98376,40.5714],[-73.98804,40.57099],[-73.98862,40.5709],[-73.98858,40.5707],[-73.98872,40.57088],[-73.99026,40.57071],[-73.99077,40.5706],[-73.99079,40.57025],[-73.99086,40.5706],[-73.99119,40.57061],[-73.99273,40.57043],[-73.99298,40.5702],[-73.99316,40.57038],[-73.99494,40.57035],[-73.99514,40.57031],[-73.99519,40.57002],[-73.99529,40.57032],[-73.99576,40.57039],[-73.99719,40.57035],[-73.99737,40.57014],[-73.99767,40.57037],[-73.99847,40.5705],[-74.00106,40.5704],[-74.00201,40.57021],[-74.00209,40.56959],[-74.00249,40.57174],[-74.00303,40.57219],[-74.00373,40.57229],[-74.0044,40.5728],[-74.00667,40.57339],[-74.01007,40.57383],[-74.01116,40.57417],[-74.01202,40.57489],[-74.01246,40.57668],[-74.01302,40.5778],[-74.01235,40.57922],[-74.01117,40.58028],[-74.00796,40.58168],[-74.00605,40.58198],[-74.00221,40.58137],[-74.00001,40.58125],[-73.99822,40.58147],[-73.99793,40.58124],[-73.99799,40.58077],[-73.99781,40.5806],[-73.99183,40.57925],[-73.99036,40.57942],[-73.98899,40.57884],[-73.98814,40.57887],[-73.98739,40.57909],[-73.9867,40.57981],[-73.98702,40.58002],[-73.98589,40.58114],[-73.98605,40.58172],[-73.98695,40.58114],[-73.98757,40.58003],[-73.98801,40.57967],[-73.98996,40.58066],[-73.9883,40.58347],[-73.98654,40.58366],[-73.9871,40.58464]]]}},{"type":"Feature","id":56,"properties":{"id":56,"zone":"Corona","borough":"Queens"},"geometry":{"type":"Polygon","coordinates":[[[-73.85443,40.74885],[-73.85012,40.74072],[-73.8478,40.74005],[-73.84824,40.73929],[-73.84778,40.73934],[-73.84751,40.73901],[-73.85187,40.73734],[-73.85567,40.73659],[-73.85872,40.73571],[-73.85887,40.73594],[-73.86462,40.73428],[-73.86583,40.73664],[-73.86756,40.74094],[-73.86749,40.7433],[-73.86791,40.74493],[-73.85443,40.74885]]]}},{"type":"Feature","id":57,"properties":{"id":57,"zone":"Corona","borough":"Queens"},"geometry":{"type":"Polygon","coordinates":[[[-73.85086,40.75],[-73.85443,40.74885],[-73.85583,40.75158],[-73.85456,40.75196],[-73.8558,40.75441],[-73.85313,40.75511],[-73.85262,40.75341],[-73.85086,40.75]]]}},{"type":"Feature","id":58,"properties":{"id":58,"zone":"Country Club","borough":"Bronx"},"geometry":{"type":"Polygon","coordinates":[[[-73.81561,40.84819],[-73.8159,40.84801],[-73.81586,40.84778],[-73.8156,40.84766],[-73.81597,40.84765],[-73.81613,40.84739],[-73.81603,40.8464],[-73.81572,40.84629],[-73.81546,40.8466],[-73.81463,40.84714],[-73.81465,40.84722],[-73.81451,40.84711],[-73.8157,40.84629],[-73.81492,40.84648],[-73.81369,40.84727],[-73.81356,40.84715],[-73.81491,40.84647],[-73.81442,40.84619],[-73.81503,40.8455],[-73.81421,40.84601],[-73.81399,40.84583],[-73.81319,40.84623],[-73.81403,40.84559],[-73.81369,40.84566],[-73.81394,40.84551],[-73.81363,40.84528],[-73.81336,40.84585],[-73.81329,40.84595],[-73.81321,40.84592],[-73.81362,40.84528],[-73.81326,40.84523],[-73.81285,40.84632],[-73.81272,40.84629],[-73.81324,40.84524],[-73.8131,40.84517],[-73.81288,40.84513],[-73.81316,40.84521],[-73.81286,40.84519],[-73.81241,40.84656],[-73.81228,40.84654],[-73.81284,40.84518],[-73.81261,40.84511],[-73.81286,40.84513],[-73.81254,40.84498],[-73.81188,40.84659],[-73.81244,40.84674],[-73.8117,40.84668],[-73.81266,40.84421],[-73.81271,40.84447],[-73.81282,40.84426],[-73.81276,40.84447],[-73.81299,40.84452],[-73.8127,40.84449],[-73.81265,40.84466],[-73.81312,40.84479],[-73.81264,40.84468],[-73.81255,40.84495],[-73.81366,40.84506],[-73.81414,40.84482],[-73.8137,40.84485],[-73.81417,40.84464],[-73.81356,40.84438],[-73.81337,40.8438],[-73.81354,40.84358],[-73.81418,40.84345],[-73.81437,40.84309],[-73.81502,40.84351],[-73.8157,40.84439],[-73.816,40.8444],[-73.81602,40.84413],[-73.81631,40.84398],[-73.8175,40.84437],[-73.81824,40.84436],[-73.81819,40.84411],[-73.81769,40.84427],[-73.81719,40.84392],[-73.81663,40.84394],[-73.81572,40.84254],[-73.81517,40.84258],[-73.8157,40.84252],[-73.81542,40.84239],[-73.81558,40.84184],[-73.81526,40.84126],[-73.81473,40.84138],[-73.81522,40.8412],[-73.81523,40.84101],[-73.81505,40.84054],[-73.8149,40.84056],[-73.81505,40.84052],[-73.81481,40.8398],[-73.81437,40.83987],[-73.8148,40.83979],[-73.81472,40.83959],[-73.81432,40.83965],[-73.81431,40.83962],[-73.81472,40.83957],[-73.81478,40.83908],[-73.81585,40.83866],[-73.81626,40.83826],[-73.81648,40.83766],[-73.81606,40.83603],[-73.82379,40.8343],[-73.82463,40.83386],[-73.82516,40.83461],[-73.82601,40.83402],[-73.82622,40.83435],[-73.8256,40.83503],[-73.8254,40.83566],[-73.82585,40.83706],[-73.82624,40.84299],[-73.82518,40.8427],[-73.82496,40.84611],[-73.82048,40.8485],[-73.82014,40.84802],[-73.8163,40.84857],[-73.81507,40.84913],[-73.81561,40.84819]]]}},{"type":"Feature","id":59,"properties":{"id":59,"zone":"Crotona Park","borough":"Bronx"},"geometry":{"type":"Polygon","coordinates":[[[-73.88942,40.83942],[-73.88869,40.83916],[-73.88814,40.83986],[-73.8866,40.83928],[-73.8873,40.83813],[-73.88841,40.83855],[-73.88874,40.83797],[-73.89057,40.8369],[-73.89386,40.8364],[-73.89469,40.83591],[-73.89582,40.8349],[-73.89697,40.83435],[-73.90122,40.83541],[-73.89666,40.84352],[-73.89538,40.84294],[-73.88942,40.83942]]]}},{"type":"Feature","id":60,"properties":{"id":60,"zone":"Crotona Park East","borough":"Bronx"},"geometry":{"type":"Polygon","coordinates":[[[-73.88006,40.84016],[-73.87277,40.83975],[-73.87315,40.83826],[-73.8738,40.83745],[-73.8743,40.83724],[-73.87491,40.83736],[-73.8747,40.83716],[-73.87482,40.83686],[-73.87628,40.83646],[-73.87757,40.83582],[-73.87925,40.83442],[-73.88005,40.8347],[-73.8839,40.8298],[-73.88352,40.82926],[-73.88439,40.82682],[-73.88461,40.82528],[-73.88465,40.82382],[-73.8844,40.82297],[-73.88753,40.82251],[-73.88706,40.82319],[-73.88648,40.82529],[-73.88601,40.82824],[-73.88761,40.82934],[-73.88991,40.83012],[-73.89336,40.83015],[-73.89469,40.83062],[-73.89717,40.83037],[-73.8963,40.83354],[-73.89697,40.83435],[-73.89567,40.835],[-73.89409,40.8363],[-73.89338,40.83654],[-73.89074,40.83683],[-73.88874,40.83797],[-73.88841,40.83855],[-73.8873,40.83813],[-73.88618,40.84011],[-73.88465,40.83917],[-73.88413,40.83936],[-73.88275,40.83859],[-73.88285,40.8385],[-73.88226,40.83803],[-73.882,40.83744],[-73.88155,40.83818],[-73.88055,40.8392],[-73.88006,40.84016]]]}},{"type":"Feature","id":61,"properties":{"id":61,"zone":"Crown Heights North","borough":"Brooklyn"},"geometry":{"type":"Polygon","coordinates":[[[-73.92916,40.68344],[-73.92901,40.6827],[-73.92281,40.68341],[-73.92197,40.67908],[-73.92165,40.67887],[-73.92275,40.6671],[-73.92872,40.6645],[-73.92868,40.66509],[-73.93698,40.66554],[-73.93675,40.66813],[-73.94782,40.66878],[-73.94773,40.66971],[-73.95527,40.67012],[-73.96132,40.67141],[-73.96007,40.67488],[-73.96318,40.67553],[-73.96135,40.68046],[-73.95529,40.6792],[-73.95544,40.67996],[-73.95328,40.6802],[-73.95337,40.68064],[-73.93435,40.67956],[-73.93501,40.68276],[-73.92916,40.68344]]]}},{"type":"Feature","id":62,"properties":{"id":62,"zone":"Crown Heights South","borough":"Brooklyn"},"geometry":{"type":"Polygon","coordinates":[[[-73.92872,40.6645],[-73.93068,40.66362],[-73.94283,40.66285],[-73.9427,40.66406],[-73.94546,40.66423],[-73.95721,40.66352],[-73.95729,40.6643],[-73.95787,40.66427],[-73.96034,40.66411],[-73.96062,40.6633],[-73.96096,40.66329],[-73.96259,40.67171],[-73.95527,40.67012],[-73.94773,40.66971],[-73.94782,40.66878],[-73.93675,40.66813],[-73.93698,40.66554],[-73.92868,40.66509],[-73.92872,40.6645]]]}},{"type":"Feature","id":63,"properties":{"id":63,"zone":"Cypress Hills","borough":"Brooklyn"},"geometry":{"type":"Polygon","coordinates":[[[-73.86868,40.69403],[-73.86603,40.68192],[-73.8641,40.68237],[-73.86329,40.67908],[-73.86235,40.67916],[-73.86106,40.67434],[-73.86176,40.67423],[-73.87231,40.67776],[-73.87305,40.67819],[-73.87421,40.67958],[-73.87532,40.68011],[-73.87689,40.68016],[-73.88061,40.67911],[-73.88117,40.68135],[-73.88489,40.68081],[-73.88467,40.67994],[-73.88987,40.6783],[-73.89622,40.67736],[-73.89654,40.67859],[-73.90005,40.67689],[-73.90405,40.67922],[-73.90262,40.68066],[-73.90047,40.67954],[-73.8989,40.67956],[-73.89786,40.67988],[-73.89698,40.68067],[-73.89642,40.68248],[-73.896,40.6832],[-73.89417,40.68528],[-73.89252,40.68342],[-73.89015,40.685],[-73.88963,40.68424],[-73.88808,40.68529],[-73.88452,40.68668],[-73.88378,40.68786],[-73.87951,40.69115],[-73.87402,40.69419],[-73.86892,40.69515],[-73.86842,40.69472],[-73.86868,40.69403]]]}},{"type":"Feature","id":64,"properties":{"id":64,"zone":"Douglaston","borough":"Queens"},"geometry":{"type":"Polygon","coordinates":[[[-73.75081,40.78289],[-73.74008,40.77621],[-73.73938,40.77601],[-73.7377,40.77479],[-73.72871,40.76946],[-73.72356,40.76613],[-73.72306,40.76614],[-73.72248,40.76553],[-73.72114,40.76487],[-73.71352,40.75984],[-73.71613,40.75966],[-73.71767,40.75931],[-73.71897,40.75878],[-73.72032,40.7579],[-73.72146,40.75666],[-73.72241,40.75492],[-73.72327,40.75395],[-73.72641,40.75192],[-73.72771,40.75063],[-73.72825,40.74969],[-73.72907,40.74739],[-73.73106,40.74489],[-73.73242,40.74369],[-73.73437,40.74235],[-73.73857,40.74009],[-73.74017,40.73848],[-73.74128,40.73879],[-73.74307,40.73844],[-73.7436,40.73901],[-73.74396,40.74079],[-73.74997,40.73975],[-73.75098,40.74002],[-73.75139,40.74019],[-73.75347,40.7424],[-73.74888,40.74329],[-73.74568,40.74303],[-73.74478,40.74328],[-73.74626,40.74671],[-73.74384,40.74769],[-73.74578,40.75156],[-73.74653,40.75184],[-73.7471,40.75235],[-73.74774,40.75385],[-73.74711,40.75417],[-73.7481,40.7559],[-73.75005,40.7584],[-73.75058,40.75801],[-73.75116,40.75907],[-73.7523,40.75946],[-73.75321,40.75824],[-73.75405,40.75851],[-73.75512,40.75848],[-73.75557,40.75828],[-73.75584,40.75774],[-73.75682,40.75973],[-73.758,40.76038],[-73.75848,40.76199],[-73.75802,40.76211],[-73.75785,40.76257],[-73.75845,40.76368],[-73.75845,40.76412],[-73.75886,40.76327],[-73.75922,40.76432],[-73.75567,40.76469],[-73.75377,40.7653],[-73.7538,40.76507],[-73.75341,40.76469],[-73.75219,40.76383],[-73.75107,40.76176],[-73.74861,40.76093],[-73.74754,40.75986],[-73.74656,40.75934],[-73.74629,40.75906],[-73.74642,40.75821],[-73.74626,40.75777],[-73.7461,40.75768],[-73.74578,40.75785],[-73.74464,40.75689],[-73.74456,40.75656],[-73.74458,40.75692],[-73.74487,40.7572],[-73.74576,40.75791],[-73.74605,40.75781],[-73.74631,40.75805],[-73.74606,40.75876],[-73.74616,40.75902],[-73.74655,40.75945],[-73.74749,40.75998],[-73.74816,40.76073],[-73.74837,40.76156],[-73.74936,40.76184],[-73.74917,40.76138],[-73.75004,40.76158],[-73.75057,40.76192],[-73.75142,40.76276],[-73.7517,40.76365],[-73.75251,40.76453],[-73.75305,40.76482],[-73.75507,40.76753],[-73.75486,40.7684],[-73.75439,40.76875],[-73.75471,40.7688],[-73.75471,40.76974],[-73.75533,40.771],[-73.75553,40.77099],[-73.75534,40.77102],[-73.75557,40.77153],[-73.75438,40.77204],[-73.75357,40.77269],[-73.75337,40.77321],[-73.75424,40.77527],[-73.75519,40.7765],[-73.75486,40.77689],[-73.75498,40.77704],[-73.75481,40.77762],[-73.75552,40.77758],[-73.75552,40.7777],[-73.75481,40.77764],[-73.75456,40.77778],[-73.75465,40.77799],[-73.7543,40.77841],[-73.75413,40.77938],[-73.75301,40.78087],[-73.753,40.78129],[-73.75081,40.78289]]]}},{"type":"Feature","id":65,"properties":{"id":65,"zone":"Downtown Brooklyn/MetroTech","borough":"Brooklyn"},"geometry":{"type":"Polygon","coordinates":[[[-73.99093,40.70077],[-73.98679,40.70063],[-73.98697,40.6985],[-73.98305,40.69838],[-73.98312,40.69754],[-73.98051,40.69745],[-73.98014,40.6947],[-73.97917,40.69349],[-73.98251,40.69361],[-73.98254,40.693],[-73.98176,40.69296],[-73.98179,40.69164],[-73.98213,40.69123],[-73.98148,40.68993],[-73.98372,40.69001],[-73.98947,40.6923],[-73.99097,40.69255],[-73.99044,40.69383],[-73.99128,40.69659],[-73.99142,40.69778],[-73.99135,40.69896],[-73.99082,40.70035],[-73.99093,40.70077]]]}},{"type":"Feature","id":66,"properties":{"id":66,"zone":"DUMBO/Vinegar Hill","borough":"Brooklyn"},"geometry":{"type":"Polygon","coordinates":[[[-73.97906,40.70595],[-73.97933,40.70475],[-73.98022,40.70306],[-73.98074,40.70128],[-73.9804,40.7007],[-73.98051,40.69745],[-73.98312,40.69754],[-73.98305,40.69838],[-73.98697,40.6985],[-73.98679,40.70063],[-73.99093,40.70077],[-73.99286,40.7022],[-73.99545,40.70328],[-73.99529,40.70355],[-73.9948,40.70329],[-73.99466,40.70343],[-73.99503,40.70381],[-73.99471,40.704],[-73.99478,40.70425],[-73.99351,40.70462],[-73.99213,40.70469],[-73.99186,40.70409],[-73.99095,40.70403],[-73.99023,40.70493],[-73.9883,40.70454],[-73.98829,40.70507],[-73.98796,40.70513],[-73.98686,40.70516],[-73.98653,40.70498],[-73.98643,40.70535],[-73.98344,40.70564],[-73.98337,40.70546],[-73.98274,40.70557],[-73.98093,40.70537],[-73.98091,40.70591],[-73.97956,40.70574],[-73.97906,40.70595]]]}},{"type":"Feature","id":67,"properties":{"id":67,"zone":"Dyker Heights","borough":"Brooklyn"},"geometry":{"type":"Polygon","coordinates":[[[-74.01515,40.63322],[-74.01,40.63011],[-74.00702,40.63211],[-74.00193,40.62903],[-74.00251,40.62847],[-73.99724,40.62529],[-73.99771,40.62368],[-73.99932,40.62466],[-74.01702,40.60765],[-74.0155,40.60684],[-74.01869,40.60361],[-74.0213,40.60443],[-74.02079,40.60567],[-74.02248,40.60667],[-74.02151,40.60782],[-74.0243,40.60946],[-74.02458,40.61022],[-74.02478,40.6097],[-74.02711,40.61024],[-74.02638,40.61245],[-74.02754,40.61294],[-74.02525,40.61668],[-74.02009,40.62242],[-74.0197,40.62218],[-74.01515,40.63322]]]}},{"type":"Feature","id":68,"properties":{"id":68,"zone":"East Chelsea","borough":"Manhattan"},"geometry":{"type":"Polygon","coordinates":[[[-73.99163,40.75471],[-74.00252,40.73975],[-74.0082,40.74215],[-73.99731,40.75711],[-73.99163,40.75471]]]}},{"type":"Feature","id":69,"properties":{"id":69,"zone":"East Concourse/Concourse Village","borough":"Bronx"},"geometry":{"type":"Polygon","coordinates":[[[-73.91179,40.82643],[-73.91131,40.82485],[-73.91317,40.82546],[-73.91351,40.8248],[-73.91475,40.8252],[-73.91541,40.82577],[-73.91661,40.82499],[-73.91609,40.82484],[-73.92265,40.82049],[-73.92518,40.81801],[-73.92732,40.81856],[-73.92634,40.82058],[-73.92565,40.82113],[-73.925,40.8222],[-73.92431,40.82399],[-73.91986,40.83195],[-73.91839,40.83381],[-73.91371,40.83881],[-73.91296,40.8402],[-73.91194,40.8432],[-73.91043,40.84311],[-73.91046,40.84279],[-73.90515,40.84255],[-73.90502,40.8424],[-73.90519,40.84071],[-73.90561,40.83984],[-73.90538,40.83977],[-73.91049,40.83074],[-73.90896,40.83023],[-73.91031,40.82877],[-73.91169,40.82776],[-73.91179,40.82643]]]}},{"type":"Feature","id":70,"properties":{"id":70,"zone":"East Elmhurst","borough":"Queens"},"geometry":{"type":"Polygon","coordinates":[[[-73.85912,40.76128],[-73.85604,40.75973],[-73.8545,40.75828],[-73.8554,40.75834],[-73.85856,40.75791],[-73.86567,40.75763],[-73.87514,40.75663],[-73.87601,40.76144],[-73.875,40.76126],[-73.87639,40.769],[-73.87601,40.76982],[-73.87609,40.77154],[-73.87381,40.77177],[-73.87143,40.77158],[-73.86963,40.77101],[-73.8681,40.77017],[-73.86607,40.7688],[-73.8634,40.76646],[-73.85912,40.76128]]]}},{"type":"Feature","id":71,"properties":{"id":71,"zone":"East Flatbush/Farragut","borough":"Brooklyn"},"geometry":{"type":"Polygon","coordinates":[[[-73.93191,40.65654],[-73.93139,40.65169],[-73.93038,40.65173],[-73.92911,40.6398],[-73.92574,40.64001],[-73.92652,40.63649],[-73.92745,40.63526],[-73.93727,40.63465],[-73.93702,40.63231],[-73.94463,40.63184],[-73.94537,40.63879],[-73.94826,40.63861],[-73.94841,40.63999],[-73.94744,40.64005],[-73.94779,40.64331],[-73.94587,40.64342],[-73.94667,40.65095],[-73.94571,40.65101],[-73.94607,40.65441],[-73.94703,40.65434],[-73.94716,40.65559],[-73.93191,40.65654]]]}},{"type":"Feature","id":72,"properties":{"id":72,"zone":"East Flatbush/Remsen Village","borough":"Brooklyn"},"geometry":{"type":"Polygon","coordinates":[[[-73.92638,40.66551],[-73.92008,40.65986],[-73.91974,40.66077],[-73.91959,40.662],[-73.9186,40.66112],[-73.9183,40.66116],[-73.91818,40.66073],[-73.91236,40.65551],[-73.91012,40.65585],[-73.90933,40.65281],[-73.90856,40.6521],[-73.91995,40.64471],[-73.91974,40.64278],[-73.92333,40.6399],[-73.92357,40.6425],[-73.92538,40.64238],[-73.92574,40.64001],[-73.92911,40.6398],[-73.93038,40.65173],[-73.93139,40.65169],[-73.93191,40.65654],[-73.92799,40.6568],[-73.92834,40.66006],[-73.92819,40.66018],[-73.92726,40.65934],[-73.92646,40.65981],[-73.93068,40.66362],[-73.92638,40.66551]]]}},{"type":"Feature","id":73,"properties":{"id":73,"zone":"East Flushing","borough":"Queens"},"geometry":{"type":"Polygon","coordinates":[[[-73.79472,40.75065],[-73.7973,40.74944],[-73.79472,40.7476],[-73.79468,40.74721],[-73.80335,40.74643],[-73.80277,40.74812],[-73.80288,40.74977],[-73.80751,40.75014],[-73.81416,40.74614],[-73.82085,40.75224],[-73.81841,40.75383],[-73.8203,40.75551],[-73.81789,40.75709],[-73.82064,40.75887],[-73.81105,40.76142],[-73.80951,40.7613],[-73.8003,40.7597],[-73.7994,40.7594],[-73.79493,40.7578],[-73.79458,40.75356],[-73.79472,40.75065]]]}},{"type":"Feature","id":74,"properties":{"id":74,"zone":"East Harlem North","borough":"Manhattan"},"geometry":{"type":"MultiPolygon","coordinates":[[[[-73.93381,40.81651],[-73.93401,40.81448],[-73.93386,40.81448],[-73.93393,40.81335],[-73.93434,40.80993],[-73.93412,40.80866],[-73.93356,40.8076],[-73.93031,40.80379],[-73.92921,40.80115],[-73.92903,40.80108],[-73.9289,40.79986],[-73.92904,40.79676],[-73.92928,40.79585],[-73.93007,40.7947],[-73.93505,40.79169],[-73.93543,40.792],[-73.93555,40.79184],[-73.93774,40.79282],[-73.93865,40.79156],[-73.94327,40.79349],[-73.94188,40.79541],[-73.94831,40.79813],[-73.9446,40.80323],[-73.94613,40.80388],[-73.9443,40.80639],[-73.94275,40.80574],[-73.94177,40.80709],[-73.93854,40.80573],[-73.93581,40.8095],[-73.93902,40.81086],[-73.93407,40.81783],[-73.9344,40.81967],[-73.93383,40.81952],[-73.93381,40.81651]]],[[[-73.92689,40.80084],[-73.92651,40.80066],[-73.92687,40.80078],[-73.92705,40.80065],[-73.92689,40.80084]]],[[[-73.92717,40.80041],[-73.9267,40.80015],[-73.92725,40.80039],[-73.92711,40.80056],[-73.92717,40.80041]]],[[[-73.92672,40.80041],[-73.92654,40.80033],[-73.92674,40.8004],[-73.92672,40.80041]]],[[[-73.92719,40.79735],[-73.92767,40.79722],[-73.92771,40.7973],[-73.92738,40.79738],[-73.92719,40.79735]]]]}},{"type":"Feature","id":75,"properties":{"id":75,"zone":"East Harlem South","borough":"Manhattan"},"geometry":{"type":"Polygon","coordinates":[[[-73.94327,40.79349],[-73.93865,40.79156],[-73.93774,40.79282],[-73.93555,40.79184],[-73.93543,40.792],[-73.93505,40.79169],[-73.93583,40.79109],[-73.93708,40.78937],[-73.93614,40.78895],[-73.93622,40.7888],[-73.93715,40.78917],[-73.93812,40.78718],[-73.93983,40.78526],[-73.94247,40.7839],[-73.94316,40.78341],[-73.94354,40.78288],[-73.94376,40.78283],[-73.95578,40.78791],[-73.94831,40.79813],[-73.94188,40.79541],[-73.94327,40.79349]]]}},{"type":"Feature","id":76,"properties":{"id":76,"zone":"East New York","borough":"Brooklyn"},"geometry":{"type":"Polygon","coordinates":[[[-73.88064,40.67918],[-73.87689,40.68016],[-73.87507,40.68004],[-73.87421,40.67958],[-73.87305,40.67819],[-73.87231,40.67776],[-73.86176,40.67423],[-73.86106,40.67434],[-73.86039,40.67127],[-73.85763,40.67166],[-73.85568,40.66387],[-73.85843,40.66345],[-73.85761,40.66011],[-73.86036,40.65965],[-73.86317,40.65828],[-73.8627,40.65762],[-73.863,40.65749],[-73.86328,40.65694],[-73.863,40.65665],[-73.86299,40.65637],[-73.8632,40.65634],[-73.86264,40.65567],[-73.86099,40.65521],[-73.85976,40.6541],[-73.85898,40.65268],[-73.85696,40.65059],[-73.85752,40.65],[-73.85783,40.6483],[-73.8584,40.647],[-73.85822,40.64607],[-73.85729,40.64453],[-73.85717,40.64368],[-73.85894,40.64322],[-73.86201,40.64289],[-73.86289,40.64255],[-73.86531,40.64075],[-73.8667,40.64002],[-73.86535,40.63895],[-73.86563,40.63879],[-73.86682,40.63996],[-73.86732,40.63987],[-73.86867,40.64093],[-73.86991,40.64328],[-73.87002,40.64407],[-73.87061,40.64486],[-73.87119,40.64531],[-73.87257,40.64558],[-73.87922,40.65459],[-73.87972,40.65438],[-73.87676,40.65056],[-73.87319,40.64545],[-73.87344,40.64467],[-73.87327,40.6439],[-73.87297,40.64384],[-73.87276,40.64325],[-73.87195,40.64239],[-73.87085,40.64056],[-73.87009,40.63984],[-73.87008,40.63921],[-73.8699,40.63893],[-73.868,40.63812],[-73.86961,40.63709],[-73.86921,40.63747],[-73.86956,40.63795],[-73.87124,40.63732],[-73.87255,40.63649],[-73.87348,40.63629],[-73.87515,40.63705],[-73.87716,40.63867],[-73.87842,40.63891],[-73.8762,40.64326],[-73.87458,40.64561],[-73.8761,40.64621],[-73.88221,40.65452],[-73.89001,40.65115],[-73.89137,40.65236],[-73.89355,40.6552],[-73.89761,40.65345],[-73.89586,40.65188],[-73.90398,40.64663],[-73.90945,40.65152],[-73.9074,40.65284],[-73.90784,40.65459],[-73.90318,40.65531],[-73.90039,40.65718],[-73.89613,40.65781],[-73.89617,40.65798],[-73.88186,40.66415],[-73.88331,40.66611],[-73.88811,40.66405],[-73.88991,40.66378],[-73.89069,40.66685],[-73.88977,40.66699],[-73.89088,40.67132],[-73.89271,40.67105],[-73.89367,40.67482],[-73.89931,40.67398],[-73.90005,40.67689],[-73.89654,40.67859],[-73.89622,40.67736],[-73.88987,40.6783],[-73.88467,40.67994],[-73.88489,40.68081],[-73.88117,40.68135],[-73.88064,40.67918]]]}},{"type":"Feature","id":77,"properties":{"id":77,"zone":"East New York/Pennsylvania Avenue","borough":"Brooklyn"},"geometry":{"type":"Polygon","coordinates":[[[-73.90005,40.67689],[-73.89931,40.67398],[-73.89367,40.67482],[-73.89271,40.67105],[-73.89088,40.67132],[-73.88977,40.66699],[-73.89069,40.66685],[-73.88991,40.66378],[-73.88811,40.66405],[-73.88331,40.66611],[-73.88186,40.66415],[-73.89617,40.65798],[-73.89613,40.65781],[-73.89881,40.65741],[-73.89965,40.66074],[-73.90066,40.66059],[-73.90145,40.66366],[-73.90042,40.66381],[-73.90347,40.67551],[-73.90005,40.67689]]]}},{"type":"Feature","id":78,"properties":{"id":78,"zone":"East Tremont","borough":"Bronx"},"geometry":{"type":"Polygon","coordinates":[[[-73.88961,40.85362],[-73.88994,40.85259],[-73.88988,40.85207],[-73.88824,40.85104],[-73.88752,40.85095],[-73.88276,40.84806],[-73.88284,40.84782],[-73.87733,40.84398],[-73.87817,40.84262],[-73.87459,40.84152],[-73.87399,40.84256],[-73.87281,40.84342],[-73.8719,40.84372],[-73.87109,40.84432],[-73.86889,40.84811],[-73.86941,40.84879],[-73.86921,40.84924],[-73.86786,40.84886],[-73.86835,40.84708],[-73.86893,40.84688],[-73.86866,40.84626],[-73.86864,40.84531],[-73.86804,40.84481],[-73.871,40.84311],[-73.8736,40.8398],[-73.88006,40.84016],[-73.88055,40.8392],[-73.88155,40.83818],[-73.882,40.83744],[-73.88226,40.83803],[-73.88285,40.8385],[-73.88275,40.83859],[-73.88413,40.83936],[-73.88465,40.83917],[-73.88618,40.84011],[-73.8866,40.83928],[-73.88814,40.83986],[-73.88869,40.83916],[-73.88942,40.83942],[-73.89538,40.84294],[-73.8929,40.84627],[-73.89618,40.84666],[-73.89407,40.85071],[-73.89479,40.85108],[-73.89432,40.85189],[-73.89307,40.85325],[-73.89217,40.85277],[-73.89039,40.85469],[-73.88961,40.85362]]]}},{"type":"Feature","id":79,"properties":{"id":79,"zone":"East Village","borough":"Manhattan"},"geometry":{"type":"Polygon","coordinates":[[[-73.98378,40.72154],[-73.9926,40.72414],[-73.99051,40.73056],[-73.98987,40.73353],[-73.9899,40.73443],[-73.97803,40.72943],[-73.98378,40.72154]]]}},{"type":"Feature","id":80,"properties":{"id":80,"zone":"East Williamsburg","borough":"Brooklyn"},"geometry":{"type":"Polygon","coordinates":[[[-73.93227,40.72817],[-73.92958,40.72761],[-73.92849,40.72661],[-73.92787,40.72585],[-73.9278,40.72493],[-73.92561,40.72006],[-73.92482,40.72027],[-73.92454,40.71934],[-73.92493,40.71841],[-73.92838,40.71758],[-73.92888,40.71772],[-73.92971,40.71705],[-73.92932,40.71611],[-73.92947,40.71572],[-73.93221,40.71496],[-73.93214,40.71468],[-73.93175,40.71474],[-73.93124,40.71372],[-73.93165,40.71334],[-73.93264,40.71305],[-73.93203,40.71159],[-73.93338,40.71123],[-73.93328,40.71098],[-73.9319,40.71134],[-73.93093,40.70917],[-73.93036,40.70872],[-73.93025,40.70893],[-73.93155,40.71186],[-73.93078,40.71216],[-73.93161,40.71204],[-73.93185,40.71256],[-73.93173,40.71275],[-73.93042,40.71317],[-73.93105,40.71461],[-73.93085,40.7149],[-73.92844,40.71553],[-73.92891,40.71662],[-73.92827,40.71709],[-73.9246,40.71795],[-73.92359,40.71727],[-73.92306,40.71634],[-73.92431,40.71585],[-73.92489,40.71527],[-73.92434,40.71412],[-73.92406,40.71411],[-73.92223,40.71285],[-73.92169,40.71189],[-73.92155,40.71104],[-73.92075,40.71053],[-73.92189,40.7094],[-73.9323,40.70775],[-73.9348,40.71337],[-73.94069,40.71196],[-73.94042,40.71122],[-73.94379,40.7109],[-73.94273,40.70447],[-73.94103,40.70464],[-73.94089,40.70391],[-73.94042,40.70108],[-73.94193,40.70073],[-73.95024,40.70547],[-73.95087,40.70951],[-73.94866,40.70972],[-73.94937,40.71407],[-73.95348,40.71407],[-73.95005,40.71681],[-73.94196,40.72165],[-73.94022,40.72289],[-73.93765,40.72427],[-73.93227,40.72817]]]}},{"type":"Feature","id":81,"properties":{"id":81,"zone":"Eastchester","borough":"Bronx"},"geometry":{"type":"Polygon","coordinates":[[[-73.83738,40.89392],[-73.82268,40.88962],[-73.82249,40.8901],[-73.82326,40.88999],[-73.82337,40.89108],[-73.82285,40.89121],[-73.81828,40.88985],[-73.80291,40.88603],[-73.79301,40.88336],[-73.79323,40.88282],[-73.80551,40.88609],[-73.80764,40.88595],[-73.8121,40.88672],[-73.81548,40.88669],[-73.82027,40.88555],[-73.82077,40.88671],[-73.82387,40.88778],[-73.8253,40.88698],[-73.83065,40.88485],[-73.83342,40.88428],[-73.83435,40.88385],[-73.83664,40.88212],[-73.84128,40.88032],[-73.84324,40.87911],[-73.83815,40.87695],[-73.83925,40.87662],[-73.83746,40.87322],[-73.83829,40.87295],[-73.83566,40.86751],[-73.83316,40.86832],[-73.82955,40.86216],[-73.82834,40.86089],[-73.82951,40.86184],[-73.83089,40.86221],[-73.83578,40.86502],[-73.84793,40.87134],[-73.85364,40.8733],[-73.85069,40.87549],[-73.85172,40.87684],[-73.85255,40.87709],[-73.85092,40.87789],[-73.85207,40.8793],[-73.85248,40.87946],[-73.84705,40.88767],[-73.83999,40.88872],[-73.83732,40.88874],[-73.83555,40.88913],[-73.83738,40.89392]]]}},{"type":"Feature","id":82,"properties":{"id":82,"zone":"Elmhurst","borough":"Queens"},"geometry":{"type":"Polygon","coordinates":[[[-73.86853,40.74759],[-73.86749,40.7433],[-73.86756,40.74094],[-73.86583,40.73664],[-73.86447,40.73401],[-73.87628,40.73031],[-73.87969,40.72901],[-73.88131,40.72868],[-73.88501,40.72837],[-73.88721,40.72779],[-73.88724,40.72893],[-73.88756,40.7302],[-73.88806,40.73009],[-73.88852,40.73453],[-73.88689,40.7341],[-73.885,40.73397],[-73.88381,40.73356],[-73.88353,40.73385],[-73.87752,40.73159],[-73.87725,40.73179],[-73.87822,40.7321],[-73.87708,40.73291],[-73.88066,40.73571],[-73.88052,40.73575],[-73.88033,40.73733],[-73.8823,40.73771],[-73.87743,40.7386],[-73.87849,40.73993],[-73.881,40.74184],[-73.88294,40.74161],[-73.88283,40.74099],[-73.88551,40.74017],[-73.88573,40.74129],[-73.88751,40.74108],[-73.88799,40.74355],[-73.89072,40.74313],[-73.89139,40.74664],[-73.89175,40.74681],[-73.86942,40.74916],[-73.86853,40.74759]]]}},{"type":"Feature","id":83,"properties":{"id":83,"zone":"Elmhurst/Maspeth","borough":"Queens"},"geometry":{"type":"Polygon","coordinates":[[[-73.89139,40.74664],[-73.89072,40.74313],[-73.88799,40.74355],[-73.88751,40.74108],[-73.88573,40.74129],[-73.88551,40.74017],[-73.88283,40.74099],[-73.88294,40.74161],[-73.881,40.74184],[-73.87792,40.73939],[-73.87743,40.7386],[-73.8823,40.73771],[-73.88033,40.73733],[-73.88052,40.73575],[-73.88066,40.73571],[-73.87708,40.73291],[-73.87822,40.7321],[-73.87725,40.73179],[-73.87752,40.73159],[-73.88353,40.73385],[-73.88381,40.73356],[-73.885,40.73397],[-73.88689,40.7341],[-73.8891,40.73459],[-73.89256,40.73448],[-73.89492,40.73501],[-73.89855,40.73519],[-73.90029,40.73473],[-73.90108,40.73391],[-73.90517,40.73586],[-73.90602,40.73401],[-73.90569,40.73392],[-73.90629,40.7324],[-73.91069,40.73347],[-73.90926,40.7364],[-73.90673,40.73691],[-73.90058,40.73949],[-73.89525,40.74382],[-73.89479,40.74458],[-73.89469,40.74562],[-73.89624,40.74872],[-73.89139,40.74664]]]}},{"type":"Feature","id":84,"properties":{"id":84,"zone":"Eltingville/Annadale/Prince's Bay","borough":"Staten Island"},"geometry":{"type":"Polygon","coordinates":[[[-74.16135,40.52937],[-74.15988,40.52737],[-74.16034,40.52755],[-74.16158,40.52701],[-74.16227,40.52719],[-74.16372,40.52635],[-74.1646,40.52615],[-74.17,40.52305],[-74.17049,40.52308],[-74.1711,40.52355],[-74.17206,40.52332],[-74.17601,40.52088],[-74.17756,40.51922],[-74.17832,40.51995],[-74.17924,40.51998],[-74.17981,40.52055],[-74.18104,40.52071],[-74.18483,40.51934],[-74.18657,40.51812],[-74.18849,40.51634],[-74.18927,40.51534],[-74.18884,40.51509],[-74.18971,40.51532],[-74.19179,40.51305],[-74.19344,40.51157],[-74.1941,40.51064],[-74.19521,40.50998],[-74.1965,40.50992],[-74.19861,40.5112],[-74.19967,40.51143],[-74.20004,40.51268],[-74.19893,40.51278],[-74.19936,40.51301],[-74.20083,40.51303],[-74.20536,40.51232],[-74.20822,40.51162],[-74.20969,40.5108],[-74.20919,40.5105],[-74.20932,40.5104],[-74.20971,40.51078],[-74.21014,40.51041],[-74.21179,40.50817],[-74.21338,40.50677],[-74.21353,40.5064],[-74.21386,40.50661],[-74.21434,40.50652],[-74.21566,40.50562],[-74.21755,40.50336],[-74.21977,40.50274],[-74.22074,40.50274],[-74.22154,40.5025],[-74.22188,40.50267],[-74.22322,40.50866],[-74.2229,40.50894],[-74.22663,40.51725],[-74.22691,40.51917],[-74.2255,40.51851],[-74.2238,40.5182],[-74.22282,40.51846],[-74.21761,40.52087],[-74.21355,40.52124],[-74.2141,40.5241],[-74.21143,40.52441],[-74.21028,40.52472],[-74.2092,40.52538],[-74.20755,40.52525],[-74.20277,40.52591],[-74.20153,40.52627],[-74.20071,40.52723],[-74.1991,40.5283],[-74.19174,40.53192],[-74.19377,40.53583],[-74.19135,40.53666],[-74.18903,40.53816],[-74.18129,40.54696],[-74.17991,40.54883],[-74.17512,40.55762],[-74.17359,40.5597],[-74.17185,40.56152],[-74.16983,40.56109],[-74.16707,40.54816],[-74.16623,40.54734],[-74.1654,40.54443],[-74.15787,40.53656],[-74.15397,40.53427],[-74.15691,40.53126],[-74.16135,40.52937]]]}},{"type":"Feature","id":85,"properties":{"id":85,"zone":"Erasmus","borough":"Brooklyn"},"geometry":{"type":"Polygon","coordinates":[[[-73.94716,40.65559],[-73.94703,40.65434],[-73.94607,40.65441],[-73.94571,40.65101],[-73.94667,40.65095],[-73.94587,40.64342],[-73.94779,40.64331],[-73.94744,40.64005],[-73.94841,40.63999],[-73.94826,40.63861],[-73.9536,40.63842],[-73.95764,40.64269],[-73.95798,40.64458],[-73.95826,40.64853],[-73.95871,40.65039],[-73.94957,40.65081],[-73.95007,40.65542],[-73.94716,40.65559]]]}},{"type":"Feature","id":86,"properties":{"id":86,"zone":"Far Rockaway","borough":"Queens"},"geometry":{"type":"Polygon","coordinates":[[[-73.76669,40.61423],[-73.76622,40.61395],[-73.76516,40.61375],[-73.76502,40.61348],[-73.76515,40.61309],[-73.76506,40.61204],[-73.7623,40.61136],[-73.76172,40.61185],[-73.76024,40.61082],[-73.76178,40.60915],[-73.76155,40.60903],[-73.75998,40.61088],[-73.75949,40.61082],[-73.75972,40.61015],[-73.75928,40.61037],[-73.75655,40.61016],[-73.75586,40.61032],[-73.75561,40.61008],[-73.75587,40.61039],[-73.75556,40.61012],[-73.755,40.61013],[-73.75473,40.61041],[-73.75346,40.61052],[-73.75009,40.61164],[-73.74822,40.61201],[-73.74799,40.61231],[-73.74761,40.612],[-73.74722,40.61218],[-73.74686,40.61157],[-73.74576,40.61199],[-73.74307,40.60789],[-73.74333,40.60754],[-73.74315,40.60726],[-73.74029,40.6046],[-73.73923,40.60414],[-73.73815,40.60271],[-73.738,40.6016],[-73.73831,40.59821],[-73.73809,40.59769],[-73.73865,40.59734],[-73.73849,40.59736],[-73.73872,40.59695],[-73.73858,40.59725],[-73.73879,40.59698],[-73.73938,40.59724],[-73.73993,40.59705],[-73.74012,40.59673],[-73.7398,40.59643],[-73.7401,40.59621],[-73.74039,40.59618],[-73.74036,40.59677],[-73.74064,40.597],[-73.74108,40.59682],[-73.74157,40.5969],[-73.74183,40.5967],[-73.74151,40.59653],[-73.74052,40.59657],[-73.74055,40.59612],[-73.73993,40.59606],[-73.73958,40.59638],[-73.73946,40.59688],[-73.7395,40.59702],[-73.73988,40.59677],[-73.73975,40.59654],[-73.73991,40.59677],[-73.7398,40.59688],[-73.73951,40.59704],[-73.7394,40.59705],[-73.73893,40.59688],[-73.73945,40.59703],[-73.73912,40.59678],[-73.73858,40.59686],[-73.73812,40.59739],[-73.73804,40.59591],[-73.73764,40.59442],[-73.73817,40.59454],[-73.73849,40.59437],[-73.73877,40.59453],[-73.73878,40.59436],[-73.73882,40.59436],[-73.73879,40.59453],[-73.73907,40.5946],[-73.73929,40.59445],[-73.73956,40.59456],[-73.73959,40.59443],[-73.73962,40.59458],[-73.74014,40.59451],[-73.74063,40.59472],[-73.7409,40.59449],[-73.74132,40.59479],[-73.7417,40.59464],[-73.74223,40.59491],[-73.74243,40.59487],[-73.74239,40.59473],[-73.74335,40.5948],[-73.74348,40.59459],[-73.74462,40.59465],[-73.74665,40.59428],[-73.74895,40.59341],[-73.75023,40.59271],[-73.75155,40.59142],[-73.75353,40.59095],[-73.75595,40.59087],[-73.75789,40.59136],[-73.76134,40.59173],[-73.76376,40.59144],[-73.7644,40.59457],[-73.76278,40.59476],[-73.76333,40.59782],[-73.76255,40.59832],[-73.76129,40.59955],[-73.76166,40.59997],[-73.76336,40.59911],[-73.76445,40.60044],[-73.76654,40.59943],[-73.766,40.59872],[-73.76696,40.59807],[-73.76715,40.59758],[-73.76718,40.59662],[-73.76742,40.59631],[-73.76772,40.59626],[-73.7681,40.59785],[-73.76795,40.59816],[-73.77034,40.59898],[-73.77098,40.59889],[-73.77116,40.59942],[-73.77111,40.60055],[-73.77074,40.60154],[-73.77084,40.60181],[-73.77062,40.60187],[-73.77019,40.60275],[-73.7704,40.60294],[-73.77016,40.60309],[-73.77044,40.60385],[-73.77048,40.60484],[-73.77003,40.60527],[-73.76985,40.60594],[-73.77001,40.60721],[-73.7697,40.60749],[-73.76967,40.60803],[-73.76915,40.60846],[-73.76896,40.60928],[-73.76915,40.60967],[-73.76977,40.61006],[-73.77125,40.61039],[-73.77177,40.61077],[-73.77221,40.6115],[-73.77338,40.61115],[-73.77296,40.61015],[-73.77377,40.61126],[-73.77394,40.61212],[-73.77417,40.61183],[-73.7734,40.61368],[-73.7728,40.61359],[-73.77179,40.61392],[-73.76669,40.61423]]]}},{"type":"Feature","id":87,"properties":{"id":87,"zone":"Financial District North","borough":"Manhattan"},"geometry":{"type":"Polygon","coordinates":[[[-74.00506,40.70879],[-74.00197,40.70473],[-74.00243,40.70468],[-74.00332,40.70563],[-74.00363,40.70543],[-74.00297,40.70477],[-74.00364,40.70542],[-74.00438,40.70511],[-74.00427,40.70501],[-74.00459,40.70479],[-74.0035,40.7038],[-74.00372,40.70365],[-74.00481,40.70464],[-74.00519,40.70442],[-74.00493,40.70421],[-74.00521,40.70441],[-74.00535,40.70431],[-74.00416,40.70323],[-74.00427,40.70302],[-74.00564,40.70411],[-74.0066,40.70369],[-74.0053,40.70256],[-74.0055,40.70243],[-74.00554,40.70265],[-74.00568,40.70258],[-74.00679,40.70357],[-74.0076,40.70299],[-74.0078,40.70306],[-74.00975,40.70478],[-74.00998,40.70515],[-74.00987,40.7058],[-74.01251,40.70677],[-74.00906,40.71089],[-74.00506,40.70879]]]}},{"type":"Feature","id":88,"properties":{"id":88,"zone":"Financial District South","borough":"Manhattan"},"geometry":{"type":"Polygon","coordinates":[[[-74.00998,40.70515],[-74.0076,40.70299],[-74.00931,40.70195],[-74.0087,40.70114],[-74.00776,40.70155],[-74.00759,40.70133],[-74.00854,40.70092],[-74.00835,40.70067],[-74.00862,40.70055],[-74.0096,40.70187],[-74.01117,40.70148],[-74.0111,40.70127],[-74.01129,40.70125],[-74.01083,40.70021],[-74.01115,40.7009],[-74.01136,40.70085],[-74.01133,40.70057],[-74.0115,40.70082],[-74.01173,40.70077],[-74.01163,40.70046],[-74.01185,40.70074],[-74.01209,40.70068],[-74.01196,40.70004],[-74.01239,40.70062],[-74.01259,40.70057],[-74.01261,40.70011],[-74.01291,40.70052],[-74.01311,40.70051],[-74.01304,40.69977],[-74.01327,40.7005],[-74.01349,40.70048],[-74.01353,40.70011],[-74.01367,40.70013],[-74.01356,40.70094],[-74.01416,40.7011],[-74.01377,40.70114],[-74.0139,40.70227],[-74.01443,40.70315],[-74.01429,40.70455],[-74.01327,40.70455],[-74.01325,40.70587],[-74.01251,40.70677],[-74.00987,40.7058],[-74.00998,40.70515]]]}},{"type":"Feature","id":89,"properties":{"id":89,"zone":"Flatbush/Ditmas Park","borough":"Brooklyn"},"geometry":{"type":"Polygon","coordinates":[[[-73.95764,40.64269],[-73.9536,40.63842],[-73.95116,40.63845],[-73.94537,40.63879],[-73.94463,40.63184],[-73.94648,40.63171],[-73.94416,40.62951],[-73.95996,40.62778],[-73.96041,40.63016],[-73.96233,40.62997],[-73.97137,40.62893],[-73.97092,40.62657],[-73.97623,40.62598],[-73.97717,40.63075],[-73.96987,40.63419],[-73.97029,40.63641],[-73.96804,40.63665],[-73.9714,40.64826],[-73.96465,40.65089],[-73.96621,40.65319],[-73.95986,40.65563],[-73.95826,40.64853],[-73.95798,40.64458],[-73.95764,40.64269]]]}},{"type":"Feature","id":90,"properties":{"id":90,"zone":"Flatiron","borough":"Manhattan"},"geometry":{"type":"Polygon","coordinates":[[[-73.99142,40.7448],[-73.99684,40.73736],[-74.00252,40.73975],[-73.9971,40.74721],[-73.99142,40.7448]]]}},{"type":"Feature","id":91,"properties":{"id":91,"zone":"Flatlands","borough":"Brooklyn"},"geometry":{"type":"Polygon","coordinates":[[[-73.91974,40.64278],[-73.9169,40.61627],[-73.92053,40.61394],[-73.92062,40.61484],[-73.9264,40.61448],[-73.9263,40.61312],[-73.93173,40.61793],[-73.9332,40.61697],[-73.93687,40.62025],[-73.94079,40.6177],[-73.94347,40.61739],[-73.94574,40.61536],[-73.94651,40.61949],[-73.94452,40.61971],[-73.94542,40.6245],[-73.94642,40.62439],[-73.94733,40.62917],[-73.94416,40.62951],[-73.94648,40.63171],[-73.93702,40.63231],[-73.93727,40.63465],[-73.92745,40.63526],[-73.92652,40.63649],[-73.92616,40.63757],[-73.92538,40.64238],[-73.92357,40.6425],[-73.92333,40.6399],[-73.91974,40.64278]]]}},{"type":"Feature","id":92,"properties":{"id":92,"zone":"Flushing","borough":"Queens"},"geometry":{"type":"Polygon","coordinates":[[[-73.82648,40.77312],[-73.82656,40.77014],[-73.82467,40.77041],[-73.82348,40.76465],[-73.82081,40.75894],[-73.81789,40.75709],[-73.8203,40.75551],[-73.81841,40.75383],[-73.82085,40.75224],[-73.81537,40.74722],[-73.81575,40.74698],[-73.81782,40.74739],[-73.82108,40.74856],[-73.82426,40.75183],[-73.82577,40.75097],[-73.82565,40.75065],[-73.82584,40.74935],[-73.82766,40.74986],[-73.82923,40.74926],[-73.83092,40.74896],[-73.83122,40.74869],[-73.83125,40.74811],[-73.833,40.74783],[-73.83312,40.74805],[-73.8323,40.75194],[-73.8356,40.75139],[-73.83701,40.75403],[-73.83778,40.75413],[-73.83806,40.75467],[-73.83867,40.75702],[-73.83679,40.76117],[-73.8369,40.7627],[-73.8379,40.76459],[-73.83946,40.76545],[-73.83806,40.7676],[-73.83614,40.76953],[-73.83161,40.77241],[-73.83,40.77373],[-73.82831,40.776],[-73.82514,40.7817],[-73.82224,40.78169],[-73.82292,40.78054],[-73.82433,40.77674],[-73.82583,40.77592],[-73.82648,40.77312]]]}},{"type":"Feature","id":93,"properties":{"id":93,"zone":"Flushing Meadows-Corona Park","borough":"Queens"},"geometry":{"type":"Polygon","coordinates":[[[-73.85696,40.76407],[-73.85667,40.76393],[-73.8568,40.76398],[-73.85758,40.76307],[-73.85659,40.76272],[-73.85678,40.76251],[-73.85671,40.76262],[-73.8576,40.76305],[-73.85818,40.7624],[-73.85661,40.76165],[-73.85819,40.76237],[-73.85859,40.76192],[-73.85748,40.76131],[-73.85538,40.76067],[-73.85522,40.76082],[-73.85533,40.76066],[-73.85466,40.76017],[-73.85372,40.76025],[-73.85159,40.75936],[-73.85018,40.75959],[-73.8493,40.76024],[-73.84987,40.7611],[-73.85197,40.76025],[-73.85207,40.76039],[-73.84981,40.76127],[-73.84917,40.7603],[-73.84869,40.76014],[-73.84671,40.76135],[-73.84607,40.76091],[-73.84324,40.75534],[-73.83867,40.75702],[-73.83834,40.75543],[-73.83778,40.75413],[-73.83701,40.75403],[-73.8356,40.75139],[-73.8323,40.75194],[-73.83312,40.74805],[-73.833,40.74783],[-73.83413,40.74743],[-73.83469,40.7469],[-73.83568,40.74485],[-73.8361,40.74243],[-73.83699,40.74209],[-73.83711,40.7414],[-73.83669,40.73954],[-73.83662,40.73937],[-73.83628,40.73957],[-73.83565,40.73849],[-73.83563,40.73711],[-73.83636,40.73501],[-73.83613,40.73424],[-73.8349,40.73297],[-73.834,40.73157],[-73.83386,40.73055],[-73.83307,40.72992],[-73.83073,40.72655],[-73.8298,40.7259],[-73.82805,40.72532],[-73.82731,40.72465],[-73.82557,40.71972],[-73.82532,40.71728],[-73.82332,40.71745],[-73.81913,40.71735],[-73.8173,40.71758],[-73.81908,40.7172],[-73.82019,40.71674],[-73.82187,40.71692],[-73.82525,40.71646],[-73.82716,40.71539],[-73.83103,40.71434],[-73.83146,40.71455],[-73.8305,40.71486],[-73.8298,40.71557],[-73.83488,40.7193],[-73.83538,40.72072],[-73.83652,40.72237],[-73.83985,40.72818],[-73.84147,40.73],[-73.8435,40.73181],[-73.84421,40.73273],[-73.84543,40.73495],[-73.84606,40.7371],[-73.84689,40.73867],[-73.84721,40.73864],[-73.84778,40.73934],[-73.84824,40.73929],[-73.8478,40.74005],[-73.85012,40.74072],[-73.85437,40.74874],[-73.85443,40.74885],[-73.85086,40.75],[-73.85262,40.75341],[-73.8538,40.75718],[-73.85525,40.75915],[-73.85604,40.75973],[-73.85912,40.76128],[-73.8611,40.76366],[-73.86043,40.76387],[-73.85941,40.76248],[-73.85892,40.76241],[-73.85892,40.76212],[-73.85865,40.76251],[-73.85889,40.76213],[-73.85869,40.76222],[-73.85884,40.76206],[-73.85862,40.76194],[-73.85765,40.76308],[-73.8585,40.76338],[-73.85834,40.76356],[-73.85764,40.7631],[-73.85684,40.764],[-73.85696,40.76407]]]}},{"type":"Feature","id":94,"properties":{"id":94,"zone":"Fordham South","borough":"Bronx"},"geometry":{"type":"Polygon","coordinates":[[[-73.89964,40.86221],[-73.89714,40.86245],[-73.89884,40.85931],[-73.89574,40.85814],[-73.89469,40.85943],[-73.89381,40.85899],[-73.89322,40.85987],[-73.89138,40.8617],[-73.89106,40.86147],[-73.89115,40.86091],[-73.89561,40.85457],[-73.8971,40.85517],[-73.89864,40.85391],[-73.89817,40.85515],[-73.90078,40.85605],[-73.90186,40.85459],[-73.90395,40.85497],[-73.90557,40.85579],[-73.90468,40.85706],[-73.90566,40.8574],[-73.90351,40.86092],[-73.90254,40.86058],[-73.90108,40.86276],[-73.89964,40.86221]]]}},{"type":"Feature","id":95,"properties":{"id":95,"zone":"Forest Hills","borough":"Queens"},"geometry":{"type":"Polygon","coordinates":[[[-73.84751,40.73901],[-73.84689,40.73867],[-73.84606,40.7371],[-73.84543,40.73495],[-73.84406,40.73249],[-73.83985,40.72818],[-73.83652,40.72237],[-73.83538,40.72072],[-73.83488,40.7193],[-73.8298,40.71557],[-73.8305,40.71486],[-73.83146,40.71455],[-73.83103,40.71434],[-73.83601,40.71173],[-73.83611,40.71183],[-73.83771,40.71104],[-73.84134,40.70995],[-73.84491,40.70856],[-73.84666,40.70832],[-73.84933,40.70839],[-73.85594,40.7064],[-73.85668,40.70769],[-73.85868,40.72261],[-73.85991,40.72435],[-73.86204,40.72596],[-73.85805,40.72445],[-73.85727,40.72568],[-73.85942,40.72646],[-73.85809,40.72857],[-73.85741,40.72832],[-73.85772,40.72851],[-73.85763,40.72861],[-73.85851,40.73029],[-73.85626,40.73096],[-73.85872,40.73571],[-73.85567,40.73659],[-73.85187,40.73734],[-73.84751,40.73901]]]}},{"type":"Feature","id":96,"properties":{"id":96,"zone":"Forest Park/Highland Park","borough":"Queens"},"geometry":{"type":"Polygon","coordinates":[[[-73.83804,40.70832],[-73.83715,40.70796],[-73.8381,40.70631],[-73.83801,40.70588],[-73.83696,40.70421],[-73.83948,40.70269],[-73.84156,40.7011],[-73.84276,40.70066],[-73.84502,40.69936],[-73.84914,40.69828],[-73.85071,40.7002],[-73.85443,40.7006],[-73.85271,40.69841],[-73.85261,40.69781],[-73.85277,40.69756],[-73.85744,40.69691],[-73.86842,40.69472],[-73.86892,40.69515],[-73.87402,40.69419],[-73.87951,40.69115],[-73.88378,40.68786],[-73.88452,40.68668],[-73.88808,40.68529],[-73.88963,40.68424],[-73.89015,40.685],[-73.89252,40.68342],[-73.89417,40.68528],[-73.89578,40.6835],[-73.89647,40.68234],[-73.90116,40.68788],[-73.90042,40.68818],[-73.9018,40.69077],[-73.90123,40.69144],[-73.90039,40.69314],[-73.90003,40.69344],[-73.89736,40.69411],[-73.89691,40.69384],[-73.89743,40.69329],[-73.89769,40.69337],[-73.89696,40.69195],[-73.89474,40.69264],[-73.89326,40.6922],[-73.89358,40.69309],[-73.89398,40.69308],[-73.89559,40.69398],[-73.89508,40.69459],[-73.89245,40.69523],[-73.89196,40.69441],[-73.88919,40.69494],[-73.88829,40.69524],[-73.88865,40.69583],[-73.88642,40.69646],[-73.88734,40.69702],[-73.88779,40.69767],[-73.88818,40.69886],[-73.88771,40.69968],[-73.88432,40.7002],[-73.88281,40.70068],[-73.88183,40.69953],[-73.87622,40.7016],[-73.8764,40.70229],[-73.86285,40.70341],[-73.8582,40.70291],[-73.85893,40.70132],[-73.85725,40.70121],[-73.85717,40.70167],[-73.8553,40.70199],[-73.85529,40.7026],[-73.85252,40.70229],[-73.85474,40.70518],[-73.85473,40.70676],[-73.84933,40.70839],[-73.84567,40.70841],[-73.84315,40.70922],[-73.83804,40.70832]]]}},{"type":"Feature","id":97,"properties":{"id":97,"zone":"Fort Greene","borough":"Brooklyn"},"geometry":{"type":"Polygon","coordinates":[[[-73.96973,40.6978],[-73.96881,40.69312],[-73.96983,40.69313],[-73.9691,40.68947],[-73.97013,40.68951],[-73.96869,40.68201],[-73.97595,40.68347],[-73.97746,40.68405],[-73.98093,40.6889],[-73.98372,40.69001],[-73.98148,40.68993],[-73.98213,40.69123],[-73.98179,40.69164],[-73.98176,40.69296],[-73.98254,40.693],[-73.98251,40.69361],[-73.97917,40.69349],[-73.98014,40.6947],[-73.98054,40.69825],[-73.96973,40.6978]]]}},{"type":"Feature","id":98,"properties":{"id":98,"zone":"Fresh Meadows","borough":"Queens"},"geometry":{"type":"Polygon","coordinates":[[[-73.76557,40.74326],[-73.76249,40.73673],[-73.76273,40.73526],[-73.76511,40.73456],[-73.7637,40.73286],[-73.76564,40.73253],[-73.76435,40.73115],[-73.76234,40.72954],[-73.75787,40.72711],[-73.7567,40.72623],[-73.75835,40.72589],[-73.75995,40.72581],[-73.76568,40.72638],[-73.76857,40.72585],[-73.76873,40.72599],[-73.76924,40.7259],[-73.7714,40.72535],[-73.77437,40.72426],[-73.77606,40.72336],[-73.77584,40.72343],[-73.77728,40.72235],[-73.77804,40.72328],[-73.777,40.72372],[-73.77634,40.72447],[-73.77523,40.72524],[-73.77758,40.73019],[-73.78116,40.72921],[-73.79174,40.72579],[-73.79379,40.7307],[-73.79398,40.7323],[-73.79459,40.73341],[-73.79459,40.73505],[-73.79595,40.73781],[-73.79585,40.73807],[-73.79651,40.73791],[-73.79608,40.73814],[-73.79636,40.73812],[-73.7964,40.73828],[-73.78037,40.74259],[-73.77241,40.74388],[-73.76773,40.74578],[-73.76688,40.74409],[-73.76557,40.74326]]]}},{"type":"Feature","id":99,"properties":{"id":99,"zone":"Freshkills Park","borough":"Staten Island"},"geometry":{"type":"Polygon","coordinates":[[[-74.16843,40.5865],[-74.16962,40.57843],[-74.16995,40.57346],[-74.16963,40.5683],[-74.16983,40.56109],[-74.17146,40.56138],[-74.17489,40.56283],[-74.17659,40.56324],[-74.17795,40.56398],[-74.1816,40.56532],[-74.18296,40.56548],[-74.18425,40.56511],[-74.18525,40.56455],[-74.18948,40.56358],[-74.19101,40.56257],[-74.19288,40.56265],[-74.19341,40.56249],[-74.19769,40.55889],[-74.20018,40.55645],[-74.20092,40.55601],[-74.20195,40.55587],[-74.20315,40.55606],[-74.2052,40.55733],[-74.207,40.55757],[-74.2057,40.55852],[-74.21324,40.55667],[-74.21314,40.55705],[-74.21264,40.55729],[-74.21267,40.55765],[-74.212,40.55838],[-74.21176,40.55912],[-74.21197,40.5593],[-74.21188,40.5596],[-74.21117,40.56046],[-74.21134,40.56123],[-74.2111,40.56213],[-74.21138,40.56349],[-74.21073,40.56527],[-74.20963,40.56732],[-74.20953,40.56793],[-74.20932,40.56803],[-74.20887,40.56891],[-74.20893,40.56962],[-74.20802,40.57052],[-74.20817,40.57072],[-74.20784,40.57261],[-74.20708,40.57427],[-74.20728,40.57525],[-74.20681,40.57592],[-74.20709,40.57631],[-74.20658,40.57665],[-74.20653,40.5769],[-74.20681,40.57718],[-74.20632,40.57754],[-74.20592,40.57862],[-74.20596,40.58005],[-74.20562,40.57984],[-74.20461,40.58027],[-74.20351,40.58044],[-74.20129,40.57994],[-74.20049,40.57995],[-74.19965,40.58226],[-74.19423,40.58515],[-74.19252,40.58516],[-74.19232,40.58491],[-74.19226,40.58521],[-74.19132,40.5857],[-74.19079,40.58519],[-74.18877,40.58601],[-74.1876,40.5869],[-74.18537,40.58745],[-74.1873,40.58849],[-74.18468,40.59148],[-74.18183,40.59409],[-74.17932,40.59676],[-74.17822,40.59983],[-74.17489,40.60222],[-74.1726,40.60297],[-74.17123,40.6025],[-74.1672,40.60208],[-74.16828,40.59643],[-74.16886,40.59473],[-74.16639,40.59374],[-74.16351,40.59327],[-74.1637,40.59226],[-74.16579,40.59071],[-74.16769,40.58883],[-74.16843,40.5865]]]}},{"type":"Feature","id":100,"properties":{"id":100,"zone":"Garment District","borough":"Manhattan"},"geometry":{"type":"Polygon","coordinates":[[[-73.98412,40.75484],[-73.98777,40.74979],[-73.99346,40.75219],[-73.98979,40.75723],[-73.98412,40.75484]]]}},{"type":"Feature","id":101,"properties":{"id":101,"zone":"Glen Oaks","borough":"Queens"},"geometry":{"type":"Polygon","coordinates":[[[-73.70163,40.75249],[-73.70002,40.73924],[-73.70147,40.73751],[-73.70766,40.72783],[-73.7105,40.72723],[-73.71075,40.73053],[-73.71148,40.7325],[-73.71545,40.73922],[-73.7201,40.74978],[-73.72259,40.74885],[-73.7234,40.75039],[-73.72627,40.74931],[-73.72766,40.74965],[-73.72829,40.74746],[-73.72896,40.74763],[-73.72825,40.74969],[-73.72738,40.75103],[-73.72641,40.75192],[-73.72327,40.75395],[-73.72241,40.75492],[-73.72146,40.75666],[-73.72063,40.75762],[-73.71956,40.75845],[-73.71832,40.75908],[-73.71613,40.75966],[-73.71352,40.75984],[-73.71245,40.75924],[-73.70163,40.75249]]]}},{"type":"Feature","id":102,"properties":{"id":102,"zone":"Glendale","borough":"Queens"},"geometry":{"type":"Polygon","coordinates":[[[-73.85596,40.70643],[-73.85473,40.70676],[-73.85474,40.70518],[-73.85252,40.70229],[-73.85529,40.7026],[-73.8553,40.70199],[-73.85717,40.70167],[-73.85725,40.70121],[-73.85827,40.70122],[-73.85893,40.70132],[-73.8582,40.70291],[-73.86285,40.70341],[-73.8764,40.70229],[-73.87622,40.7016],[-73.88183,40.69953],[-73.88281,40.70068],[-73.88432,40.7002],[-73.88771,40.69968],[-73.88818,40.69886],[-73.88779,40.69767],[-73.88734,40.69702],[-73.88642,40.69646],[-73.88865,40.69583],[-73.88829,40.69524],[-73.88919,40.69494],[-73.89196,40.69441],[-73.89245,40.69523],[-73.89508,40.69459],[-73.89559,40.69398],[-73.89398,40.69308],[-73.89358,40.69309],[-73.89326,40.6922],[-73.89474,40.69264],[-73.89696,40.69195],[-73.89769,40.69337],[-73.89743,40.69329],[-73.89691,40.69384],[-73.89736,40.69411],[-73.90003,40.69344],[-73.89838,40.69614],[-73.89558,40.69713],[-73.89578,40.69851],[-73.89485,40.69859],[-73.895,40.69971],[-73.88912,40.7056],[-73.88653,40.70623],[-73.88555,40.70615],[-73.88553,40.70645],[-73.88377,40.70629],[-73.86911,40.70709],[-73.87016,40.70921],[-73.86501,40.71078],[-73.85965,40.71338],[-73.85976,40.71185],[-73.85729,40.71147],[-73.85668,40.70769],[-73.85596,40.70643]]]}},{"type":"Feature","id":103,"properties":{"id":103,"zone":"Governor's Island/Ellis Island/Liberty Island","borough":"Manhattan"},"geometry":{"type":"Polygon","coordinates":[[[-74.04389,40.69018],[-74.04351,40.68969],[-74.0427,40.69016],[-74.04255,40.68996],[-74.04347,40.68964],[-74.04364,40.68877],[-74.04439,40.68852],[-74.04628,40.68933],[-74.0468,40.68995],[-74.04748,40.68961],[-74.04773,40.68992],[-74.04743,40.6898],[-74.04689,40.69006],[-74.0472,40.69042],[-74.04717,40.69099],[-74.04615,40.69112],[-74.04389,40.69018]]]}},{"type":"Feature","id":104,"properties":{"id":104,"zone":"Governor's Island/Ellis Island/Liberty Island","borough":"Manhattan"},"geometry":{"type":"Polygon","coordinates":[[[-74.03995,40.70089],[-74.03771,40.69934],[-74.0381,40.69904],[-74.03823,40.69837],[-74.039,40.69837],[-74.03934,40.69812],[-74.04124,40.69954],[-74.04175,40.69915],[-74.03991,40.6977],[-74.04166,40.69645],[-74.04367,40.69802],[-74.0427,40.6988],[-74.04297,40.699],[-74.0411,40.70049],[-74.0408,40.70027],[-74.04031,40.70063],[-74.04054,40.70078],[-74.04029,40.70064],[-74.03995,40.70089]]]}},{"type":"Feature","id":105,"properties":{"id":105,"zone":"Governor's Island/Ellis Island/Liberty Island","borough":"Manhattan"},"geometry":{"type":"Polygon","coordinates":[[[-74.01675,40.69334],[-74.0154,40.69307],[-74.01539,40.6933],[-74.01517,40.69326],[-74.01526,40.69304],[-74.01512,40.69326],[-74.01493,40.69316],[-74.01516,40.69302],[-74.01422,40.69282],[-74.01344,40.69212],[-74.01257,40.6923],[-74.01234,40.69256],[-74.01181,40.69248],[-74.0119,40.69209],[-74.01246,40.69221],[-74.01333,40.69202],[-74.01261,40.69136],[-74.01203,40.6915],[-74.0126,40.69133],[-74.01253,40.69115],[-74.01183,40.69106],[-74.0122,40.69103],[-74.01221,40.69079],[-74.01197,40.69077],[-74.01198,40.69061],[-74.01223,40.69046],[-74.01231,40.68928],[-74.01317,40.68815],[-74.01488,40.68725],[-74.01605,40.68734],[-74.01705,40.68688],[-74.01665,40.68642],[-74.01514,40.68644],[-74.01667,40.68631],[-74.01753,40.68536],[-74.01678,40.68635],[-74.01712,40.68684],[-74.02054,40.68527],[-74.02021,40.68483],[-74.0194,40.68509],[-74.02095,40.68438],[-74.02028,40.68481],[-74.02061,40.68524],[-74.02259,40.68436],[-74.02213,40.68377],[-74.02306,40.68292],[-74.02319,40.683],[-74.02237,40.68378],[-74.02276,40.68428],[-74.02354,40.684],[-74.02465,40.68398],[-74.02567,40.68424],[-74.02633,40.6848],[-74.02663,40.68553],[-74.02643,40.68618],[-74.02021,40.69203],[-74.01971,40.69313],[-74.01675,40.69334]]]}},{"type":"Feature","id":106,"properties":{"id":106,"zone":"Gowanus","borough":"Brooklyn"},"geometry":{"type":"Polygon","coordinates":[[[-73.9861,40.68101],[-73.98176,40.67931],[-73.9839,40.67615],[-73.99277,40.66551],[-73.9949,40.66679],[-73.99648,40.66893],[-73.99667,40.66874],[-73.99862,40.67183],[-73.99506,40.67584],[-73.99421,40.67615],[-73.99349,40.67618],[-73.9907,40.67581],[-73.98941,40.67745],[-73.98932,40.67835],[-73.98767,40.68082],[-73.98653,40.68037],[-73.9861,40.68101]]]}},{"type":"Feature","id":107,"properties":{"id":107,"zone":"Gramercy","borough":"Manhattan"},"geometry":{"type":"Polygon","coordinates":[[[-73.97805,40.73755],[-73.98256,40.73135],[-73.9899,40.73443],[-73.98992,40.73535],[-73.98407,40.74332],[-73.98086,40.74197],[-73.98266,40.7395],[-73.97805,40.73755]]]}},{"type":"Feature","id":108,"properties":{"id":108,"zone":"Gravesend","borough":"Brooklyn"},"geometry":{"type":"Polygon","coordinates":[[[-73.97148,40.59717],[-73.97133,40.59635],[-73.97153,40.59637],[-73.9719,40.59435],[-73.97115,40.59044],[-73.96514,40.5911],[-73.96662,40.58457],[-73.96782,40.58454],[-73.969,40.58406],[-73.97461,40.58313],[-73.97743,40.58291],[-73.98482,40.58417],[-73.98493,40.5846],[-73.98628,40.58448],[-73.9871,40.58464],[-73.98654,40.58366],[-73.9883,40.58347],[-73.98996,40.58066],[-73.99163,40.58108],[-73.99186,40.58162],[-73.99034,40.58422],[-73.99026,40.58462],[-73.99547,40.58221],[-73.99673,40.58225],[-74.00031,40.58318],[-74.00036,40.58419],[-73.99879,40.58515],[-73.99809,40.58536],[-73.99971,40.58569],[-73.99953,40.58576],[-73.99957,40.58624],[-73.99815,40.58653],[-73.99417,40.58838],[-73.99566,40.58794],[-73.99408,40.58869],[-73.99422,40.58887],[-73.99556,40.58828],[-73.9951,40.58859],[-73.99796,40.58727],[-73.99488,40.58877],[-73.99535,40.58933],[-74.00011,40.58695],[-74.00011,40.58656],[-74.00032,40.58645],[-74.00038,40.58713],[-73.99788,40.58834],[-73.99802,40.58843],[-73.99376,40.59033],[-73.99331,40.58958],[-73.99154,40.59039],[-73.99036,40.59143],[-73.98962,40.59098],[-73.98602,40.59445],[-73.98464,40.59355],[-73.97995,40.59407],[-73.98036,40.59619],[-73.97148,40.59717]]]}},{"type":"Feature","id":109,"properties":{"id":109,"zone":"Great Kills","borough":"Staten Island"},"geometry":{"type":"Polygon","coordinates":[[[-74.14706,40.57051],[-74.14635,40.57052],[-74.14131,40.56843],[-74.13494,40.56539],[-74.1317,40.56454],[-74.13311,40.56287],[-74.13341,40.56213],[-74.13481,40.56083],[-74.13561,40.55898],[-74.13818,40.55759],[-74.13885,40.55695],[-74.13317,40.55236],[-74.13456,40.55126],[-74.1377,40.54938],[-74.13862,40.54849],[-74.13701,40.54697],[-74.13586,40.54645],[-74.13641,40.54625],[-74.13652,40.54591],[-74.1371,40.54595],[-74.13718,40.54579],[-74.13626,40.54496],[-74.13612,40.54502],[-74.13638,40.54485],[-74.13628,40.54495],[-74.13719,40.54578],[-74.13751,40.54558],[-74.13673,40.5448],[-74.13659,40.54485],[-74.13687,40.54468],[-74.13675,40.54478],[-74.13795,40.546],[-74.13887,40.54513],[-74.13762,40.54425],[-74.13776,40.54414],[-74.13768,40.54426],[-74.13876,40.54493],[-74.13902,40.54472],[-74.13787,40.54405],[-74.13804,40.5439],[-74.13903,40.5447],[-74.13954,40.5443],[-74.13915,40.54451],[-74.13903,40.54443],[-74.13942,40.54421],[-74.13929,40.54412],[-74.13897,40.54438],[-74.13922,40.54407],[-74.13908,40.54397],[-74.13888,40.54424],[-74.13873,40.54413],[-74.13908,40.54396],[-74.13883,40.54379],[-74.13859,40.5441],[-74.13842,40.54398],[-74.13882,40.54378],[-74.13854,40.54359],[-74.13828,40.54387],[-74.13815,40.54377],[-74.13853,40.54358],[-74.13834,40.54355],[-74.13852,40.5434],[-74.13846,40.54351],[-74.13859,40.54345],[-74.13957,40.54427],[-74.13984,40.54405],[-74.13871,40.54329],[-74.13891,40.54313],[-74.13877,40.54329],[-74.13904,40.54323],[-74.13898,40.54338],[-74.13968,40.54389],[-74.13989,40.54375],[-74.1397,40.54391],[-74.13987,40.54403],[-74.14001,40.54383],[-74.14039,40.54403],[-74.14033,40.5438],[-74.13935,40.5431],[-74.13922,40.54317],[-74.13941,40.54302],[-74.1403,40.54364],[-74.14013,40.54351],[-74.14029,40.54339],[-74.13936,40.54283],[-74.13954,40.54268],[-74.14031,40.54337],[-74.14063,40.54311],[-74.13963,40.54254],[-74.13986,40.54236],[-74.13977,40.54246],[-74.14065,40.54309],[-74.14085,40.54294],[-74.14132,40.54309],[-74.14039,40.54242],[-74.14041,40.54236],[-74.14029,40.54246],[-74.14017,40.54237],[-74.14034,40.54223],[-74.14021,40.54237],[-74.14041,40.54233],[-74.14141,40.54302],[-74.14108,40.54279],[-74.14108,40.54264],[-74.14133,40.54275],[-74.14114,40.54259],[-74.14125,40.54266],[-74.14134,40.54259],[-74.14026,40.54196],[-74.1405,40.54206],[-74.14068,40.54191],[-74.14062,40.54206],[-74.14135,40.54258],[-74.14146,40.54248],[-74.14129,40.54234],[-74.14148,40.54247],[-74.14135,40.54229],[-74.14155,40.54241],[-74.1418,40.5422],[-74.14089,40.54157],[-74.14064,40.54169],[-74.14096,40.54143],[-74.14089,40.54154],[-74.14187,40.54217],[-74.14167,40.54234],[-74.1423,40.54226],[-74.14218,40.54202],[-74.14248,40.54133],[-74.14178,40.54009],[-74.142,40.53957],[-74.14173,40.53934],[-74.1423,40.53907],[-74.14177,40.53854],[-74.14227,40.53814],[-74.14187,40.53844],[-74.14223,40.53811],[-74.14217,40.53793],[-74.14122,40.53725],[-74.14104,40.53735],[-74.1413,40.53714],[-74.14219,40.53792],[-74.14239,40.53775],[-74.14158,40.53709],[-74.14375,40.53719],[-74.14418,40.53679],[-74.14474,40.5358],[-74.14536,40.53586],[-74.14599,40.53538],[-74.14626,40.53554],[-74.14794,40.53492],[-74.14978,40.53389],[-74.14976,40.53342],[-74.1507,40.53255],[-74.15112,40.53274],[-74.15176,40.5324],[-74.15185,40.53216],[-74.15246,40.53207],[-74.15413,40.53072],[-74.15405,40.53059],[-74.15421,40.53067],[-74.15464,40.53033],[-74.15454,40.53006],[-74.15493,40.53023],[-74.15565,40.52964],[-74.1555,40.52944],[-74.15573,40.5296],[-74.15622,40.52922],[-74.15646,40.52897],[-74.15609,40.52864],[-74.15667,40.52899],[-74.15702,40.52898],[-74.15826,40.5283],[-74.15797,40.52807],[-74.15833,40.52828],[-74.1597,40.5273],[-74.16135,40.52937],[-74.15691,40.53126],[-74.15397,40.53427],[-74.15787,40.53656],[-74.1654,40.54443],[-74.16623,40.54734],[-74.16707,40.54816],[-74.16983,40.56109],[-74.16494,40.56011],[-74.16378,40.56032],[-74.16153,40.56127],[-74.15726,40.56255],[-74.15585,40.56377],[-74.15466,40.56551],[-74.1479,40.57089],[-74.14706,40.57051]]]}},{"type":"Feature","id":110,"properties":{"id":110,"zone":"Great Kills Park","borough":"Staten Island"},"geometry":{"type":"Polygon","coordinates":[[[-74.11876,40.55122],[-74.11656,40.54913],[-74.11496,40.54958],[-74.11338,40.54807],[-74.11474,40.548],[-74.11546,40.54752],[-74.11608,40.54786],[-74.11655,40.54787],[-74.11804,40.54731],[-74.11978,40.54547],[-74.12158,40.54521],[-74.12245,40.54477],[-74.12424,40.54311],[-74.12638,40.54052],[-74.13071,40.53454],[-74.13356,40.53151],[-74.13691,40.52928],[-74.13729,40.52974],[-74.13815,40.52968],[-74.13883,40.52989],[-74.13915,40.53152],[-74.14061,40.53413],[-74.14032,40.53528],[-74.13995,40.53546],[-74.13822,40.53521],[-74.13508,40.53524],[-74.13381,40.53564],[-74.13303,40.53624],[-74.13337,40.53636],[-74.13301,40.53626],[-74.13316,40.53637],[-74.13294,40.53632],[-74.1312,40.53787],[-74.13153,40.53772],[-74.13129,40.53796],[-74.13181,40.53831],[-74.13211,40.53805],[-74.1317,40.53786],[-74.13185,40.53773],[-74.13214,40.53803],[-74.13243,40.53778],[-74.13191,40.53753],[-74.13208,40.5374],[-74.13245,40.53776],[-74.13275,40.5375],[-74.13224,40.53726],[-74.1324,40.53712],[-74.13278,40.53748],[-74.13307,40.53723],[-74.13256,40.53699],[-74.13274,40.53685],[-74.13309,40.53721],[-74.13339,40.53696],[-74.13287,40.53672],[-74.13304,40.53657],[-74.13341,40.53694],[-74.13386,40.5366],[-74.12997,40.53997],[-74.13021,40.5397],[-74.12968,40.53947],[-74.12985,40.53933],[-74.13023,40.53968],[-74.13052,40.53943],[-74.13,40.53917],[-74.13017,40.53903],[-74.13054,40.53941],[-74.13084,40.53915],[-74.13032,40.5389],[-74.13049,40.53876],[-74.13086,40.53913],[-74.13115,40.53887],[-74.13065,40.53862],[-74.1308,40.53849],[-74.13117,40.53886],[-74.13147,40.5386],[-74.13098,40.53834],[-74.13112,40.53822],[-74.1315,40.53858],[-74.13179,40.53833],[-74.13116,40.5379],[-74.12845,40.54025],[-74.12771,40.54115],[-74.12739,40.5423],[-74.12767,40.54338],[-74.12793,40.54337],[-74.12757,40.5435],[-74.12763,40.54361],[-74.12799,40.54348],[-74.12782,40.54356],[-74.12838,40.54434],[-74.13011,40.54598],[-74.13155,40.54652],[-74.13309,40.54683],[-74.13436,40.54679],[-74.13586,40.54645],[-74.13701,40.54697],[-74.13862,40.54849],[-74.1377,40.54938],[-74.13456,40.55126],[-74.13042,40.55444],[-74.1273,40.5573],[-74.11946,40.55222],[-74.11852,40.55143],[-74.11876,40.55122]]]}},{"type":"Feature","id":111,"properties":{"id":111,"zone":"Green-Wood Cemetery","borough":"Brooklyn"},"geometry":{"type":"Polygon","coordinates":[[[-73.99517,40.65967],[-73.99296,40.65834],[-73.99238,40.6589],[-73.99019,40.6576],[-73.98843,40.65925],[-73.9818,40.65525],[-73.98029,40.6473],[-73.98181,40.64713],[-73.98835,40.64456],[-73.98906,40.64412],[-73.99831,40.64974],[-73.99779,40.65029],[-74.00214,40.65296],[-73.99517,40.65967]]]}},{"type":"Feature","id":112,"properties":{"id":112,"zone":"Greenpoint","borough":"Brooklyn"},"geometry":{"type":"MultiPolygon","coordinates":[[[[-73.9544,40.73911],[-73.95199,40.73875],[-73.94652,40.73693],[-73.9472,40.73536],[-73.94707,40.7344],[-73.9466,40.73444],[-73.94674,40.73529],[-73.94693,40.73531],[-73.94663,40.73587],[-73.94644,40.73581],[-73.94617,40.7362],[-73.94587,40.7361],[-73.94557,40.73661],[-73.945,40.73644],[-73.94525,40.73589],[-73.94519,40.73548],[-73.94503,40.73543],[-73.94452,40.73628],[-73.94239,40.73543],[-73.94174,40.73495],[-73.94115,40.73415],[-73.941,40.73379],[-73.94116,40.73375],[-73.94057,40.73306],[-73.94068,40.73302],[-73.94037,40.73221],[-73.93981,40.73115],[-73.9381,40.72973],[-73.93693,40.72911],[-73.93493,40.72854],[-73.93227,40.72817],[-73.93676,40.72484],[-73.94022,40.72289],[-73.94196,40.72165],[-73.94721,40.71856],[-73.94842,40.71846],[-73.94908,40.72254],[-73.95065,40.72171],[-73.95165,40.72349],[-73.95478,40.72246],[-73.95814,40.7244],[-73.95794,40.72465],[-73.95795,40.72504],[-73.95843,40.7254],[-73.96012,40.72532],[-73.96029,40.72595],[-73.96162,40.72587],[-73.96162,40.72666],[-73.961,40.72877],[-73.96143,40.73097],[-73.96191,40.73165],[-73.96226,40.73292],[-73.96407,40.73278],[-73.96406,40.73295],[-73.9623,40.73311],[-73.96229,40.73405],[-73.96157,40.73518],[-73.95983,40.73706],[-73.95838,40.7381],[-73.95693,40.73889],[-73.9544,40.73911]]],[[[-73.96247,40.72413],[-73.96201,40.72399],[-73.96207,40.72388],[-73.96247,40.72413]]]]}},{"type":"Feature","id":113,"properties":{"id":113,"zone":"Greenwich Village North","borough":"Manhattan"},"geometry":{"type":"Polygon","coordinates":[[[-73.99003,40.73276],[-73.99155,40.72709],[-73.99657,40.72955],[-73.99556,40.73072],[-74.00007,40.73293],[-73.99684,40.73736],[-73.9899,40.73443],[-73.99003,40.73276]]]}},{"type":"Feature","id":114,"properties":{"id":114,"zone":"Greenwich Village South","borough":"Manhattan"},"geometry":{"type":"Polygon","coordinates":[[[-73.99258,40.7242],[-73.99677,40.72543],[-74.00282,40.72836],[-74.00141,40.73107],[-74.00007,40.73293],[-73.99556,40.73072],[-73.99657,40.72955],[-73.99155,40.72709],[-73.99258,40.7242]]]}},{"type":"Feature","id":115,"properties":{"id":115,"zone":"Grymes Hill/Clifton","borough":"Staten Island"},"geometry":{"type":"Polygon","coordinates":[[[-74.0807,40.62754],[-74.081,40.62734],[-74.08242,40.62745],[-74.08326,40.62719],[-74.08405,40.62644],[-74.08496,40.62463],[-74.08627,40.61783],[-74.08785,40.61524],[-74.08747,40.61456],[-74.08721,40.61331],[-74.08,40.61855],[-74.07254,40.62246],[-74.07117,40.6207],[-74.07113,40.62036],[-74.07131,40.61961],[-74.07183,40.6189],[-74.07398,40.61747],[-74.07503,40.61638],[-74.07939,40.60908],[-74.08155,40.60629],[-74.08543,40.60702],[-74.09411,40.61041],[-74.09556,40.61062],[-74.09777,40.61062],[-74.09988,40.61292],[-74.10209,40.6146],[-74.10351,40.61642],[-74.10255,40.61685],[-74.10004,40.61936],[-74.09224,40.62574],[-74.08934,40.62992],[-74.08836,40.63073],[-74.08575,40.63396],[-74.08491,40.63364],[-74.08141,40.6303],[-74.08173,40.63001],[-74.07972,40.62895],[-74.08052,40.6281],[-74.0807,40.62754]]]}},{"type":"Feature","id":116,"properties":{"id":116,"zone":"Hamilton Heights","borough":"Manhattan"},"geometry":{"type":"Polygon","coordinates":[[[-73.93925,40.8283],[-73.94292,40.82326],[-73.94515,40.82088],[-73.94808,40.82211],[-73.94854,40.82149],[-73.94992,40.82207],[-73.95083,40.82083],[-73.95634,40.82309],[-73.95954,40.82364],[-73.95726,40.82712],[-73.95695,40.827],[-73.95632,40.82794],[-73.95504,40.82741],[-73.9547,40.82792],[-73.95454,40.82786],[-73.95132,40.83245],[-73.95016,40.8344],[-73.94942,40.83436],[-73.93864,40.82974],[-73.93925,40.8283]]]}},{"type":"Feature","id":117,"properties":{"id":117,"zone":"Hammels/Arverne","borough":"Queens"},"geometry":{"type":"Polygon","coordinates":[[[-73.77769,40.6098],[-73.77522,40.6097],[-73.77413,40.60875],[-73.77481,40.6084],[-73.77422,40.60764],[-73.7746,40.60742],[-73.77485,40.60802],[-73.77524,40.60855],[-73.77601,40.60919],[-73.77495,40.60807],[-73.77459,40.6073],[-73.77458,40.60653],[-73.77519,40.6045],[-73.77469,40.60431],[-73.77491,40.60411],[-73.77538,40.60416],[-73.77588,40.60347],[-73.77605,40.60275],[-73.77559,40.60304],[-73.77569,40.60281],[-73.77648,40.60245],[-73.77663,40.60221],[-73.77649,40.60217],[-73.7778,40.60097],[-73.77837,40.60084],[-73.77808,40.6007],[-73.77816,40.6004],[-73.78017,40.6007],[-73.78081,40.59995],[-73.78194,40.59907],[-73.78186,40.59837],[-73.78133,40.59775],[-73.78017,40.5972],[-73.78005,40.59686],[-73.77972,40.59735],[-73.77742,40.59881],[-73.7772,40.59958],[-73.776,40.60139],[-73.77498,40.60175],[-73.77474,40.60096],[-73.77448,40.60099],[-73.77475,40.60095],[-73.77474,40.60074],[-73.77412,40.59988],[-73.77422,40.59901],[-73.77374,40.59867],[-73.77363,40.59815],[-73.77301,40.59787],[-73.77168,40.59798],[-73.77112,40.59829],[-73.77037,40.59809],[-73.76948,40.59826],[-73.7681,40.59785],[-73.76772,40.59626],[-73.76742,40.59631],[-73.76718,40.59662],[-73.76715,40.59758],[-73.76696,40.59807],[-73.766,40.59872],[-73.76654,40.59943],[-73.76445,40.60044],[-73.76336,40.59911],[-73.76166,40.59997],[-73.76129,40.59955],[-73.76255,40.59832],[-73.76333,40.59782],[-73.76278,40.59476],[-73.7644,40.59457],[-73.76376,40.59144],[-73.76797,40.59073],[-73.76873,40.59087],[-73.77593,40.59018],[-73.77584,40.59032],[-73.77918,40.58959],[-73.78043,40.5896],[-73.78453,40.58848],[-73.78768,40.58792],[-73.7886,40.58748],[-73.78945,40.58762],[-73.79602,40.58632],[-73.7967,40.58637],[-73.79847,40.58584],[-73.80184,40.58535],[-73.8033,40.58489],[-73.80378,40.58501],[-73.80562,40.58451],[-73.80652,40.58446],[-73.80784,40.58401],[-73.81352,40.58347],[-73.81731,40.58233],[-73.81751,40.58279],[-73.81545,40.58337],[-73.81788,40.58745],[-73.8185,40.58736],[-73.81909,40.58783],[-73.81913,40.58804],[-73.81884,40.58825],[-73.81742,40.58892],[-73.81764,40.58929],[-73.81674,40.58932],[-73.81525,40.58999],[-73.81475,40.59059],[-73.81406,40.59062],[-73.81341,40.59092],[-73.81326,40.59105],[-73.81359,40.5917],[-73.81323,40.59107],[-73.81313,40.59125],[-73.81224,40.59133],[-73.8117,40.59159],[-73.81151,40.59178],[-73.81149,40.5929],[-73.81133,40.59175],[-73.81101,40.59177],[-73.81082,40.59209],[-73.81095,40.5925],[-73.81139,40.59244],[-73.81141,40.59287],[-73.81107,40.59302],[-73.81137,40.5927],[-73.81075,40.59279],[-73.81137,40.59268],[-73.81136,40.59246],[-73.81094,40.59255],[-73.81081,40.59209],[-73.80991,40.59225],[-73.81006,40.59308],[-73.8099,40.59308],[-73.80978,40.5924],[-73.80973,40.5924],[-73.80981,40.59271],[-73.80971,40.59244],[-73.80951,40.59278],[-73.80959,40.59358],[-73.80603,40.59201],[-73.80578,40.59076],[-73.80581,40.59187],[-73.8043,40.59132],[-73.80417,40.59185],[-73.80783,40.59337],[-73.80805,40.59365],[-73.80781,40.59391],[-73.80798,40.59416],[-73.80711,40.59528],[-73.80604,40.59555],[-73.80485,40.59506],[-73.80411,40.59432],[-73.80413,40.59351],[-73.80381,40.59289],[-73.80303,40.59258],[-73.80244,40.59264],[-73.80251,40.59395],[-73.80314,40.59376],[-73.80318,40.59395],[-73.80251,40.59397],[-73.80257,40.59427],[-73.80324,40.59409],[-73.80329,40.59428],[-73.80324,40.5942],[-73.8026,40.59429],[-73.80235,40.5945],[-73.80319,40.59466],[-73.80344,40.59443],[-73.8032,40.59468],[-73.80338,40.59487],[-73.80366,40.59473],[-73.80372,40.59482],[-73.80365,40.59475],[-73.80338,40.59489],[-73.8032,40.59487],[-73.80339,40.59501],[-73.80321,40.59515],[-73.8039,40.59499],[-73.80331,40.59518],[-73.80368,40.5952],[-73.80486,40.59673],[-73.80509,40.59677],[-73.80513,40.59661],[-73.80525,40.5969],[-73.80519,40.59719],[-73.80516,40.59676],[-73.80514,40.59682],[-73.80488,40.59675],[-73.80511,40.59715],[-73.80471,40.59767],[-73.80393,40.59794],[-73.80298,40.59884],[-73.80167,40.5989],[-73.80095,40.59915],[-73.80092,40.59939],[-73.80078,40.59916],[-73.80047,40.59933],[-73.80045,40.59918],[-73.79916,40.59926],[-73.79914,40.59942],[-73.79914,40.59926],[-73.79843,40.59917],[-73.79555,40.5995],[-73.79457,40.59942],[-73.79331,40.59997],[-73.79233,40.59995],[-73.79025,40.60124],[-73.78786,40.60311],[-73.78635,40.60319],[-73.78618,40.60303],[-73.78716,40.60233],[-73.78793,40.601],[-73.78953,40.59997],[-73.79034,40.59919],[-73.79107,40.5972],[-73.79103,40.59553],[-73.79084,40.595],[-73.79042,40.59475],[-73.79057,40.59495],[-73.79081,40.59609],[-73.79059,40.59611],[-73.79054,40.59498],[-73.79038,40.59475],[-73.79015,40.59477],[-73.79042,40.59605],[-73.79018,40.59607],[-73.79013,40.59482],[-73.78974,40.59474],[-73.78987,40.5962],[-73.79,40.59621],[-73.7897,40.59623],[-73.78984,40.59621],[-73.78967,40.59486],[-73.7894,40.59495],[-73.78911,40.59547],[-73.78927,40.59645],[-73.78907,40.59802],[-73.7871,40.59944],[-73.78662,40.60002],[-73.78597,40.60032],[-73.78579,40.60057],[-73.78614,40.60065],[-73.78578,40.60059],[-73.78564,40.6008],[-73.78598,40.60092],[-73.78563,40.60082],[-73.78539,40.60152],[-73.78448,40.6018],[-73.78351,40.60256],[-73.78313,40.60376],[-73.78395,40.60482],[-73.78367,40.60532],[-73.77927,40.60931],[-73.77769,40.6098]]]}},{"type":"Feature","id":118,"properties":{"id":118,"zone":"Heartland Village/Todt Hill","borough":"Staten Island"},"geometry":{"type":"Polygon","coordinates":[[[-74.10834,40.61023],[-74.09556,40.61062],[-74.09306,40.61012],[-74.09045,40.60909],[-74.0924,40.60707],[-74.09272,40.60636],[-74.09244,40.60412],[-74.0929,40.60136],[-74.09172,40.59922],[-74.09193,40.5985],[-74.09272,40.59746],[-74.09375,40.59674],[-74.09722,40.59537],[-74.10041,40.59334],[-74.10082,40.59267],[-74.10098,40.59183],[-74.10088,40.59018],[-74.10149,40.58934],[-74.10791,40.58369],[-74.10925,40.58268],[-74.11307,40.58077],[-74.11563,40.57848],[-74.11702,40.5782],[-74.11911,40.57616],[-74.12126,40.57525],[-74.1221,40.57513],[-74.12318,40.57575],[-74.12513,40.57588],[-74.12709,40.57637],[-74.12765,40.57523],[-74.13261,40.57353],[-74.14419,40.57204],[-74.14387,40.57061],[-74.14439,40.56971],[-74.14635,40.57052],[-74.14721,40.57053],[-74.1479,40.57089],[-74.15466,40.56551],[-74.15585,40.56377],[-74.15726,40.56255],[-74.16153,40.56127],[-74.16378,40.56032],[-74.16494,40.56011],[-74.16983,40.56109],[-74.16963,40.5683],[-74.16995,40.57346],[-74.16962,40.57843],[-74.16843,40.5865],[-74.16769,40.58883],[-74.16579,40.59071],[-74.1626,40.59316],[-74.162,40.59433],[-74.1619,40.5953],[-74.16026,40.59534],[-74.15989,40.59517],[-74.1482,40.5886],[-74.14387,40.58862],[-74.13864,40.58906],[-74.1364,40.59197],[-74.1351,40.59454],[-74.13385,40.59636],[-74.13124,40.59831],[-74.13092,40.59886],[-74.12506,40.59818],[-74.12264,40.59942],[-74.1207,40.60071],[-74.1206,40.60181],[-74.11684,40.60189],[-74.11487,40.60214],[-74.11511,40.60253],[-74.11588,40.60726],[-74.11707,40.60821],[-74.11742,40.60929],[-74.12117,40.60883],[-74.12135,40.60977],[-74.11687,40.61097],[-74.11509,40.61121],[-74.11327,40.6111],[-74.11001,40.61034],[-74.10834,40.61023]]]}},{"type":"Feature","id":119,"properties":{"id":119,"zone":"Highbridge","borough":"Bronx"},"geometry":{"type":"Polygon","coordinates":[[[-73.92478,40.84475],[-73.91729,40.84511],[-73.9175,40.84468],[-73.91749,40.84374],[-73.91796,40.8431],[-73.91795,40.84223],[-73.91618,40.84233],[-73.91902,40.83838],[-73.92399,40.83505],[-73.92538,40.83263],[-73.92803,40.82972],[-73.93003,40.82859],[-73.93114,40.8283],[-73.93307,40.82816],[-73.93361,40.83279],[-73.93314,40.83519],[-73.93266,40.83647],[-73.93052,40.83993],[-73.93048,40.84046],[-73.92919,40.84282],[-73.92862,40.84468],[-73.92808,40.84539],[-73.92478,40.84475]]]}},{"type":"Feature","id":120,"properties":{"id":120,"zone":"Highbridge Park","borough":"Manhattan"},"geometry":{"type":"Polygon","coordinates":[[[-73.92295,40.85885],[-73.92283,40.85685],[-73.92204,40.85685],[-73.92238,40.85656],[-73.92228,40.85565],[-73.92444,40.85284],[-73.92972,40.84523],[-73.93089,40.84254],[-73.93436,40.8362],[-73.9348,40.83611],[-73.93496,40.83576],[-73.93839,40.83311],[-73.94008,40.83046],[-73.94035,40.83046],[-73.94025,40.83184],[-73.93948,40.83301],[-73.93804,40.83429],[-73.93638,40.83785],[-73.93506,40.83933],[-73.93501,40.83985],[-73.93563,40.84128],[-73.93557,40.84171],[-73.93062,40.84848],[-73.92971,40.84812],[-73.92887,40.84939],[-73.92748,40.85069],[-73.92708,40.85143],[-73.92703,40.8522],[-73.9277,40.85249],[-73.92469,40.85664],[-73.92467,40.85698],[-73.92487,40.85766],[-73.92519,40.85803],[-73.92618,40.85815],[-73.92664,40.85793],[-73.92691,40.85751],[-73.9271,40.85828],[-73.92677,40.85891],[-73.92529,40.86013],[-73.92502,40.8607],[-73.925,40.86146],[-73.92474,40.86159],[-73.92295,40.85885]]]}},{"type":"Feature","id":121,"properties":{"id":121,"zone":"Hillcrest/Pomonok","borough":"Queens"},"geometry":{"type":"Polygon","coordinates":[[[-73.79911,40.73821],[-73.7964,40.73828],[-73.79636,40.73812],[-73.79608,40.73814],[-73.79651,40.73791],[-73.79585,40.73807],[-73.79595,40.73781],[-73.79459,40.73505],[-73.79459,40.73341],[-73.79398,40.7323],[-73.79379,40.7307],[-73.79157,40.72533],[-73.79045,40.72355],[-73.79038,40.7201],[-73.79073,40.71921],[-73.79315,40.71892],[-73.80022,40.71674],[-73.80395,40.7161],[-73.80781,40.71585],[-73.80904,40.71991],[-73.80453,40.72146],[-73.80488,40.72505],[-73.80652,40.72487],[-73.80717,40.72827],[-73.81112,40.72782],[-73.81071,40.72677],[-73.81074,40.72627],[-73.8151,40.72854],[-73.81523,40.72879],[-73.81469,40.73595],[-73.81469,40.73714],[-73.81505,40.73894],[-73.81322,40.7387],[-73.79911,40.73821]]]}},{"type":"Feature","id":122,"properties":{"id":122,"zone":"Hollis","borough":"Queens"},"geometry":{"type":"Polygon","coordinates":[[[-73.75833,40.71958],[-73.75371,40.71332],[-73.75047,40.70564],[-73.76096,40.70291],[-73.76126,40.7036],[-73.76612,40.70233],[-73.76657,40.70275],[-73.76725,40.70631],[-73.76826,40.70953],[-73.76881,40.70981],[-73.77172,40.71032],[-73.77077,40.71074],[-73.76944,40.71198],[-73.77192,40.71569],[-73.76664,40.71765],[-73.76571,40.71639],[-73.75833,40.71958]]]}},{"type":"Feature","id":123,"properties":{"id":123,"zone":"Homecrest","borough":"Brooklyn"},"geometry":{"type":"Polygon","coordinates":[[[-73.96286,40.61255],[-73.96238,40.60999],[-73.95859,40.6104],[-73.95683,40.60109],[-73.95776,40.60099],[-73.95608,40.5921],[-73.957,40.592],[-73.95619,40.58776],[-73.96035,40.58731],[-73.96068,40.5916],[-73.97115,40.59044],[-73.9719,40.59435],[-73.97153,40.59637],[-73.97133,40.59635],[-73.97191,40.59942],[-73.97291,40.59932],[-73.97218,40.60419],[-73.97299,40.60881],[-73.9643,40.60978],[-73.96478,40.61233],[-73.96286,40.61255]]]}},{"type":"Feature","id":124,"properties":{"id":124,"zone":"Howard Beach","borough":"Queens"},"geometry":{"type":"MultiPolygon","coordinates":[[[[-73.86132,40.67502],[-73.84322,40.66934],[-73.84244,40.66929],[-73.84216,40.6687],[-73.84014,40.66827],[-73.84009,40.66844],[-73.83335,40.66677],[-73.8286,40.6572],[-73.82639,40.64832],[-73.82681,40.64878],[-73.82828,40.64904],[-73.82891,40.64938],[-73.82912,40.64983],[-73.82987,40.65043],[-73.83001,40.65092],[-73.83094,40.65163],[-73.83133,40.65275],[-73.83129,40.65347],[-73.83158,40.65381],[-73.82901,40.65611],[-73.82967,40.6556],[-73.83044,40.65552],[-73.8306,40.65481],[-73.83171,40.65393],[-73.83205,40.65405],[-73.832,40.65444],[-73.83222,40.65446],[-73.83149,40.65498],[-73.83116,40.65592],[-73.83003,40.65657],[-73.82938,40.65651],[-73.82931,40.65693],[-73.82897,40.65721],[-73.82918,40.6578],[-73.83013,40.6584],[-73.82971,40.6585],[-73.8296,40.65866],[-73.83015,40.65981],[-73.8297,40.65866],[-73.83024,40.65835],[-73.82922,40.65771],[-73.82909,40.65733],[-73.8295,40.65691],[-73.8295,40.65665],[-73.83009,40.65674],[-73.83127,40.656],[-73.83185,40.65489],[-73.83218,40.65489],[-73.8329,40.65748],[-73.83278,40.65755],[-73.83208,40.65613],[-73.83194,40.65617],[-73.8326,40.65783],[-73.83097,40.65823],[-73.83128,40.65841],[-73.83338,40.65805],[-73.83111,40.64942],[-73.83109,40.64848],[-73.83167,40.64797],[-73.83462,40.64812],[-73.83561,40.64851],[-73.83654,40.6527],[-73.83879,40.66109],[-73.83806,40.66201],[-73.83874,40.66245],[-73.83998,40.6619],[-73.83973,40.66095],[-73.83979,40.66049],[-73.83592,40.6455],[-73.83633,40.64532],[-73.84001,40.64514],[-73.84058,40.64486],[-73.84089,40.64497],[-73.846,40.64457],[-73.84951,40.64413],[-73.85183,40.64586],[-73.85237,40.64685],[-73.8523,40.64777],[-73.85159,40.6491],[-73.85091,40.64917],[-73.85078,40.64981],[-73.85058,40.64986],[-73.85058,40.65035],[-73.85038,40.65027],[-73.85042,40.65048],[-73.84926,40.65103],[-73.8494,40.65143],[-73.84992,40.65166],[-73.85078,40.65153],[-73.85149,40.6512],[-73.85179,40.65082],[-73.85251,40.65055],[-73.85403,40.65066],[-73.85592,40.65131],[-73.85628,40.65165],[-73.85633,40.65213],[-73.85671,40.6528],[-73.85705,40.65297],[-73.85772,40.65273],[-73.85828,40.65299],[-73.85876,40.65416],[-73.85915,40.6544],[-73.85931,40.65497],[-73.86136,40.65641],[-73.86136,40.65659],[-73.86062,40.65646],[-73.86021,40.65701],[-73.86007,40.65678],[-73.86006,40.65697],[-73.85983,40.65698],[-73.86007,40.65705],[-73.85981,40.65732],[-73.85994,40.65772],[-73.85957,40.65804],[-73.85964,40.65846],[-73.86026,40.65863],[-73.86023,40.6589],[-73.86045,40.6588],[-73.86051,40.6585],[-73.86098,40.65838],[-73.86049,40.65899],[-73.86061,40.65933],[-73.86125,40.65872],[-73.86127,40.65827],[-73.86096,40.65806],[-73.85977,40.65828],[-73.86058,40.65784],[-73.86041,40.65776],[-73.86034,40.65725],[-73.86088,40.65691],[-73.86161,40.657],[-73.8617,40.65802],[-73.8627,40.65762],[-73.86317,40.65828],[-73.86036,40.65965],[-73.85761,40.66011],[-73.85843,40.66345],[-73.85568,40.66387],[-73.85763,40.67166],[-73.86039,40.67127],[-73.86132,40.67502]]],[[[-73.83033,40.65513],[-73.83027,40.65543],[-73.82989,40.65552],[-73.82995,40.65542],[-73.83033,40.65513]]],[[[-73.85976,40.6541],[-73.86048,40.65466],[-73.86099,40.65521],[-73.86045,40.65507],[-73.85979,40.65448],[-73.85976,40.6541]]],[[[-73.85898,40.65268],[-73.85976,40.6541],[-73.85941,40.65386],[-73.85898,40.65268]]],[[[-73.85898,40.65268],[-73.85732,40.65124],[-73.85696,40.65059],[-73.85898,40.65268]]]]}},{"type":"Feature","id":125,"properties":{"id":125,"zone":"Hudson Sq","borough":"Manhattan"},"geometry":{"type":"Polygon","coordinates":[[[-74.00269,40.72831],[-74.00215,40.72804],[-74.00373,40.72625],[-74.00536,40.72218],[-74.00531,40.72182],[-74.01081,40.72579],[-74.01102,40.72579],[-74.01135,40.72428],[-74.01196,40.72433],[-74.01165,40.72587],[-74.0152,40.72636],[-74.01512,40.72679],[-74.01154,40.72645],[-74.01138,40.72823],[-74.01077,40.72817],[-74.01067,40.72911],[-74.00269,40.72831]]]}},{"type":"Feature","id":126,"properties":{"id":126,"zone":"Hunts Point","borough":"Bronx"},"geometry":{"type":"Polygon","coordinates":[[[-73.8861,40.82766],[-73.88706,40.82319],[-73.88753,40.82251],[-73.8844,40.82297],[-73.88245,40.81927],[-73.87806,40.81618],[-73.87663,40.81571],[-73.87673,40.81539],[-73.87239,40.81397],[-73.87166,40.81325],[-73.87096,40.81215],[-73.87057,40.81209],[-73.87055,40.81124],[-73.86811,40.80675],[-73.86846,40.80594],[-73.87175,40.80155],[-73.87238,40.80129],[-73.87247,40.80079],[-73.87224,40.80076],[-73.87235,40.80017],[-73.87298,40.80025],[-73.87288,40.80084],[-73.87263,40.80079],[-73.87271,40.80117],[-73.87355,40.80085],[-73.87468,40.80098],[-73.87473,40.80126],[-73.87527,40.8014],[-73.87586,40.80146],[-73.87593,40.80108],[-73.87814,40.80132],[-73.87797,40.80171],[-73.87806,40.80219],[-73.87791,40.80227],[-73.87843,40.8027],[-73.88005,40.80276],[-73.8837,40.80216],[-73.88396,40.80197],[-73.88369,40.80195],[-73.88372,40.80186],[-73.88505,40.80213],[-73.88727,40.80395],[-73.88738,40.80411],[-73.88725,40.80419],[-73.88796,40.805],[-73.88859,40.80479],[-73.88928,40.80518],[-73.88944,40.80544],[-73.88922,40.80585],[-73.89,40.80489],[-73.89015,40.80496],[-73.88937,40.80593],[-73.89006,40.8057],[-73.8915,40.80593],[-73.89144,40.80566],[-73.89179,40.80562],[-73.89198,40.80638],[-73.89271,40.80634],[-73.89253,40.80566],[-73.89227,40.8057],[-73.89216,40.8053],[-73.89127,40.80501],[-73.89128,40.80498],[-73.89187,40.80509],[-73.8922,40.80528],[-73.8923,40.80566],[-73.89257,40.80562],[-73.89275,40.80634],[-73.89463,40.80623],[-73.89457,40.80605],[-73.89473,40.80603],[-73.89485,40.80621],[-73.89484,40.80572],[-73.8951,40.80686],[-73.89551,40.8066],[-73.89528,40.80577],[-73.89559,40.80658],[-73.89572,40.80656],[-73.89567,40.80629],[-73.89598,40.80652],[-73.89587,40.80581],[-73.89611,40.8065],[-73.89623,40.80621],[-73.89726,40.80604],[-73.8975,40.80621],[-73.89741,40.8058],[-73.89764,40.8062],[-73.89773,40.80597],[-73.89801,40.80617],[-73.89787,40.80553],[-73.89816,40.80614],[-73.89824,40.80587],[-73.89805,40.80572],[-73.89854,40.80541],[-73.90097,40.80486],[-73.902,40.80475],[-73.90222,40.80495],[-73.90307,40.80988],[-73.89759,40.81378],[-73.89543,40.81584],[-73.89704,40.8168],[-73.89284,40.82097],[-73.89588,40.82099],[-73.89586,40.82263],[-73.8932,40.82401],[-73.89487,40.82394],[-73.89484,40.82625],[-73.89293,40.82679],[-73.8879,40.82674],[-73.8861,40.82766]]]}},{"type":"Feature","id":127,"properties":{"id":127,"zone":"Inwood","borough":"Manhattan"},"geometry":{"type":"MultiPolygon","coordinates":[[[[-73.91154,40.87325],[-73.91065,40.8723],[-73.91044,40.87138],[-73.91074,40.87094],[-73.91093,40.86944],[-73.91148,40.86945],[-73.91103,40.86916],[-73.91113,40.86892],[-73.91273,40.86661],[-73.91255,40.86651],[-73.91392,40.86475],[-73.91492,40.86458],[-73.91441,40.86417],[-73.91509,40.86445],[-73.9159,40.86431],[-73.91585,40.86411],[-73.9152,40.86395],[-73.91518,40.86368],[-73.91548,40.86335],[-73.91539,40.86308],[-73.91729,40.86168],[-73.9195,40.85879],[-73.92048,40.8591],[-73.92127,40.86019],[-73.92159,40.86007],[-73.92187,40.85918],[-73.92126,40.85885],[-73.92094,40.85812],[-73.92061,40.85802],[-73.92048,40.85823],[-73.92035,40.8582],[-73.92056,40.85788],[-73.92077,40.85794],[-73.92063,40.8578],[-73.92071,40.8577],[-73.92072,40.85777],[-73.92101,40.85784],[-73.92076,40.85756],[-73.92152,40.85735],[-73.92159,40.85707],[-73.92204,40.85685],[-73.92283,40.85685],[-73.92296,40.85891],[-73.92727,40.86553],[-73.92872,40.86674],[-73.92623,40.86851],[-73.92234,40.86946],[-73.92214,40.86915],[-73.92136,40.86955],[-73.91925,40.87101],[-73.9197,40.87206],[-73.91846,40.87302],[-73.91401,40.87116],[-73.91154,40.87325]]],[[[-73.92152,40.8566],[-73.9223,40.85566],[-73.92234,40.85568],[-73.9217,40.85667],[-73.92152,40.8566]]]]}},{"type":"Feature","id":128,"properties":{"id":128,"zone":"Inwood Hill Park","borough":"Manhattan"},"geometry":{"type":"MultiPolygon","coordinates":[[[[-73.92363,40.87896],[-73.92364,40.87882],[-73.92368,40.87883],[-73.92363,40.87896]]],[[[-73.92641,40.87762],[-73.9264,40.87722],[-73.92615,40.87709],[-73.92549,40.87713],[-73.92483,40.87744],[-73.92321,40.87728],[-73.92258,40.87692],[-73.9224,40.87674],[-73.92242,40.87569],[-73.92266,40.87514],[-73.92254,40.87424],[-73.92207,40.87361],[-73.92117,40.87307],[-73.92056,40.87299],[-73.91978,40.8736],[-73.92063,40.87423],[-73.9208,40.87419],[-73.9207,40.87439],[-73.92118,40.87514],[-73.9209,40.87547],[-73.91886,40.87464],[-73.91921,40.87416],[-73.91928,40.87364],[-73.91855,40.87318],[-73.9186,40.87349],[-73.91793,40.87398],[-73.91758,40.87455],[-73.91787,40.8739],[-73.91634,40.87452],[-73.91522,40.87449],[-73.91261,40.87377],[-73.91154,40.87325],[-73.91401,40.87116],[-73.91846,40.87302],[-73.9197,40.87206],[-73.91925,40.87101],[-73.92136,40.86955],[-73.92214,40.86915],[-73.92234,40.86946],[-73.92623,40.86851],[-73.92872,40.86674],[-73.93141,40.86896],[-73.93157,40.86958],[-73.9322,40.86984],[-73.93221,40.8701],[-73.93191,40.87113],[-73.93138,40.87211],[-73.92918,40.87556],[-73.92815,40.87652],[-73.92753,40.87671],[-73.92641,40.87762]]]]}},{"type":"Feature","id":129,"properties":{"id":129,"zone":"Jackson Heights","borough":"Queens"},"geometry":{"type":"Polygon","coordinates":[[[-73.87639,40.769],[-73.875,40.76126],[-73.87601,40.76144],[-73.87514,40.75663],[-73.87366,40.7568],[-73.86942,40.74916],[-73.89175,40.74681],[-73.89624,40.74872],[-73.89721,40.75047],[-73.89771,40.75273],[-73.89897,40.75472],[-73.89969,40.75645],[-73.89985,40.75756],[-73.89957,40.75855],[-73.89736,40.76185],[-73.89625,40.76333],[-73.89517,40.7642],[-73.89438,40.76553],[-73.8935,40.76595],[-73.89325,40.76627],[-73.89184,40.76623],[-73.89089,40.76586],[-73.88506,40.7676],[-73.88277,40.76853],[-73.87855,40.77077],[-73.87609,40.77154],[-73.87601,40.76982],[-73.87639,40.769]]]}},{"type":"Feature","id":130,"properties":{"id":130,"zone":"Jamaica","borough":"Queens"},"geometry":{"type":"Polygon","coordinates":[[[-73.76944,40.71198],[-73.77077,40.71074],[-73.77172,40.71032],[-73.76845,40.70964],[-73.77431,40.70739],[-73.77505,40.70692],[-73.77555,40.70607],[-73.77559,40.70533],[-73.77507,40.70524],[-73.77231,40.70057],[-73.77396,40.69981],[-73.77587,40.70166],[-73.78034,40.70541],[-73.78257,40.70542],[-73.78966,40.70304],[-73.79116,40.70229],[-73.79239,40.70217],[-73.79187,40.70137],[-73.79261,40.70043],[-73.79358,40.69976],[-73.79572,40.69901],[-73.79786,40.69799],[-73.80642,40.69087],[-73.8089,40.69256],[-73.81063,40.69195],[-73.81492,40.69942],[-73.81638,40.70245],[-73.81356,40.70253],[-73.81153,40.70227],[-73.81201,40.70594],[-73.80695,40.70737],[-73.80565,40.70467],[-73.80166,40.70576],[-73.80302,40.70814],[-73.80193,40.70891],[-73.80141,40.70969],[-73.7987,40.71066],[-73.79777,40.70914],[-73.79473,40.71001],[-73.78928,40.71203],[-73.78785,40.71181],[-73.78658,40.71197],[-73.77357,40.71512],[-73.77192,40.71569],[-73.76944,40.71198]]]}},{"type":"Feature","id":131,"properties":{"id":131,"zone":"Jamaica Estates","borough":"Queens"},"geometry":{"type":"Polygon","coordinates":[[[-73.77733,40.72239],[-73.77548,40.72372],[-73.77437,40.72426],[-73.7714,40.72535],[-73.76924,40.7259],[-73.76873,40.72599],[-73.76857,40.72585],[-73.76568,40.72638],[-73.75995,40.72581],[-73.75835,40.72589],[-73.7567,40.72623],[-73.75548,40.72512],[-73.75509,40.72449],[-73.75497,40.72416],[-73.75577,40.72364],[-73.75301,40.7211],[-73.75233,40.72026],[-73.75726,40.71814],[-73.75833,40.71958],[-73.76571,40.71639],[-73.76664,40.71765],[-73.77357,40.71512],[-73.78658,40.71197],[-73.78785,40.71181],[-73.78928,40.71203],[-73.79304,40.71071],[-73.79303,40.71198],[-73.79361,40.71351],[-73.79359,40.71413],[-73.7924,40.71619],[-73.79201,40.71797],[-73.7909,40.71888],[-73.79073,40.71921],[-73.79038,40.7201],[-73.7903,40.72089],[-73.79045,40.72355],[-73.79174,40.72579],[-73.78116,40.72921],[-73.77758,40.73019],[-73.77523,40.72524],[-73.77634,40.72447],[-73.777,40.72372],[-73.77804,40.72328],[-73.77733,40.72239]]]}},{"type":"Feature","id":132,"properties":{"id":132,"zone":"JFK Airport","borough":"Queens"},"geometry":{"type":"MultiPolygon","coordinates":[[[[-73.8279,40.66391],[-73.82306,40.66354],[-73.81497,40.66247],[-73.81177,40.66293],[-73.80845,40.66446],[-73.80432,40.66512],[-73.80073,40.66527],[-73.79582,40.66495],[-73.78481,40.6635],[-73.78076,40.66241],[-73.77671,40.66071],[-73.77419,40.65986],[-73.75411,40.6487],[-73.75484,40.64807],[-73.75522,40.64744],[-73.75379,40.64671],[-73.75374,40.64696],[-73.7534,40.64681],[-73.75376,40.64669],[-73.74908,40.64363],[-73.74778,40.64209],[-73.74742,40.64138],[-73.74756,40.64112],[-73.74745,40.63971],[-73.74812,40.63687],[-73.7484,40.63665],[-73.74849,40.63567],[-73.74885,40.63526],[-73.75073,40.63467],[-73.75246,40.6337],[-73.7535,40.63353],[-73.75479,40.63288],[-73.75739,40.63211],[-73.76053,40.63066],[-73.76219,40.63026],[-73.76309,40.62966],[-73.76453,40.62922],[-73.76501,40.62941],[-73.76474,40.62917],[-73.7664,40.62835],[-73.767,40.62753],[-73.76878,40.62432],[-73.76884,40.62393],[-73.76855,40.62319],[-73.76869,40.62267],[-73.76945,40.62202],[-73.76952,40.62212],[-73.7698,40.62158],[-73.76976,40.62111],[-73.77077,40.62003],[-73.7711,40.62001],[-73.7716,40.62034],[-73.77172,40.62096],[-73.77091,40.6224],[-73.77082,40.62328],[-73.77156,40.62336],[-73.7752,40.62683],[-73.77641,40.62753],[-73.77704,40.62767],[-73.77881,40.62749],[-73.77999,40.62669],[-73.78419,40.62089],[-73.7895,40.62275],[-73.78488,40.62663],[-73.78347,40.62812],[-73.78265,40.63025],[-73.78378,40.63063],[-73.78435,40.63137],[-73.7857,40.63209],[-73.78691,40.63226],[-73.78832,40.63343],[-73.78944,40.63405],[-73.78949,40.63428],[-73.7897,40.63405],[-73.79077,40.63386],[-73.79068,40.6342],[-73.79131,40.6344],[-73.79123,40.63486],[-73.79222,40.63589],[-73.79343,40.63609],[-73.79426,40.63657],[-73.79474,40.63663],[-73.79725,40.63802],[-73.79923,40.63843],[-73.80177,40.63978],[-73.80465,40.64093],[-73.80565,40.64162],[-73.8067,40.64179],[-73.80864,40.64283],[-73.81075,40.6435],[-73.81203,40.64431],[-73.81351,40.64464],[-73.81643,40.646],[-73.81831,40.64639],[-73.82114,40.64902],[-73.82183,40.6499],[-73.82348,40.65537],[-73.8234,40.65608],[-73.82228,40.65943],[-73.82161,40.65994],[-73.82169,40.66004],[-73.8197,40.66072],[-73.81971,40.66087],[-73.81966,40.66074],[-73.8187,40.66111],[-73.8175,40.66105],[-73.81757,40.66094],[-73.81657,40.66074],[-73.81598,40.66084],[-73.81605,40.66071],[-73.81468,40.66052],[-73.81457,40.66063],[-73.81463,40.66051],[-73.81262,40.66016],[-73.81143,40.66025],[-73.81123,40.66055],[-73.81144,40.66075],[-73.81867,40.66213],[-73.82338,40.66021],[-73.82408,40.65849],[-73.8241,40.65832],[-73.82388,40.65826],[-73.82409,40.65829],[-73.82426,40.65778],[-73.82404,40.65776],[-73.82406,40.6577],[-73.82427,40.65775],[-73.82498,40.65543],[-73.82371,40.65111],[-73.82339,40.64935],[-73.82318,40.64916],[-73.82291,40.64809],[-73.82319,40.64801],[-73.8239,40.64887],[-73.82393,40.64917],[-73.82466,40.64972],[-73.82485,40.64967],[-73.82474,40.64943],[-73.825,40.64938],[-73.82549,40.64989],[-73.8256,40.64953],[-73.82586,40.64948],[-73.82614,40.65008],[-73.8263,40.65002],[-73.82617,40.64953],[-73.82644,40.64924],[-73.82627,40.64841],[-73.82639,40.64832],[-73.8286,40.6572],[-73.82931,40.6589],[-73.82991,40.65967],[-73.83271,40.66541],[-73.8279,40.66391]]],[[[-73.74664,40.63866],[-73.74654,40.63871],[-73.74654,40.6387],[-73.74664,40.63866]]],[[[-73.74704,40.63757],[-73.74694,40.63753],[-73.74705,40.63755],[-73.74704,40.63757]]],[[[-73.74716,40.63706],[-73.74706,40.63716],[-73.74699,40.63715],[-73.74716,40.63706]]]]}},{"type":"Feature","id":133,"properties":{"id":133,"zone":"Kensington","borough":"Brooklyn"},"geometry":{"type":"Polygon","coordinates":[[[-73.97819,40.64753],[-73.97777,40.64534],[-73.97483,40.64566],[-73.97464,40.64481],[-73.97084,40.64638],[-73.96804,40.63665],[-73.97029,40.63641],[-73.96987,40.63419],[-73.97605,40.63128],[-73.97689,40.63567],[-73.97911,40.63544],[-73.98042,40.64239],[-73.98299,40.64132],[-73.98835,40.64456],[-73.98181,40.64713],[-73.97819,40.64753]]]}},{"type":"Feature","id":134,"properties":{"id":134,"zone":"Kew Gardens","borough":"Queens"},"geometry":{"type":"Polygon","coordinates":[[[-73.82385,40.71293],[-73.82082,40.71017],[-73.82023,40.70946],[-73.8181,40.70597],[-73.81638,40.70245],[-73.82246,40.70366],[-73.83152,40.70139],[-73.83213,40.70279],[-73.83392,40.70235],[-73.8346,40.70393],[-73.83598,40.70345],[-73.83662,40.70342],[-73.8381,40.70616],[-73.83799,40.70674],[-73.83715,40.70796],[-73.83868,40.70849],[-73.84315,40.70922],[-73.83771,40.71104],[-73.83611,40.71183],[-73.83601,40.71173],[-73.8313,40.71426],[-73.82716,40.71539],[-73.82592,40.71599],[-73.82472,40.71451],[-73.82385,40.71293]]]}},{"type":"Feature","id":135,"properties":{"id":135,"zone":"Kew Gardens Hills","borough":"Queens"},"geometry":{"type":"Polygon","coordinates":[[[-73.83113,40.74234],[-73.83143,40.73914],[-73.83054,40.73752],[-73.82947,40.73702],[-73.82809,40.73708],[-73.82794,40.73849],[-73.82687,40.73863],[-73.82585,40.73912],[-73.82559,40.73945],[-73.82497,40.73944],[-73.82435,40.73975],[-73.82006,40.73883],[-73.81693,40.73839],[-73.81633,40.73845],[-73.81608,40.73886],[-73.81497,40.73856],[-73.81469,40.73714],[-73.81469,40.73595],[-73.81523,40.72879],[-73.8151,40.72854],[-73.81074,40.72627],[-73.81071,40.72677],[-73.81112,40.72782],[-73.80717,40.72827],[-73.80652,40.72487],[-73.80488,40.72505],[-73.80453,40.72146],[-73.80904,40.71991],[-73.80781,40.71585],[-73.8172,40.71584],[-73.81828,40.716],[-73.82019,40.71674],[-73.81733,40.71766],[-73.81913,40.71735],[-73.82332,40.71745],[-73.82532,40.71728],[-73.82557,40.71972],[-73.82731,40.72465],[-73.82805,40.72532],[-73.8298,40.7259],[-73.83073,40.72655],[-73.83307,40.72992],[-73.83386,40.73055],[-73.834,40.73157],[-73.8349,40.73297],[-73.83601,40.73398],[-73.83636,40.73501],[-73.83563,40.73711],[-73.83565,40.73849],[-73.83628,40.73957],[-73.83662,40.73937],[-73.83669,40.73954],[-73.83711,40.7414],[-73.83699,40.74209],[-73.8361,40.74243],[-73.83586,40.74323],[-73.83113,40.74234]]]}},{"type":"Feature","id":136,"properties":{"id":136,"zone":"Kingsbridge Heights","borough":"Bronx"},"geometry":{"type":"Polygon","coordinates":[[[-73.90236,40.8687],[-73.89942,40.86788],[-73.8996,40.86873],[-73.89892,40.86966],[-73.89656,40.86857],[-73.90163,40.86205],[-73.90254,40.86058],[-73.90351,40.86092],[-73.90487,40.85869],[-73.90777,40.85961],[-73.90976,40.85718],[-73.9098,40.85761],[-73.91057,40.85862],[-73.91328,40.85962],[-73.91051,40.86089],[-73.90965,40.86161],[-73.90909,40.8624],[-73.90904,40.86268],[-73.91076,40.86165],[-73.91279,40.86187],[-73.91423,40.86249],[-73.91341,40.86337],[-73.91276,40.86303],[-73.91227,40.86363],[-73.9128,40.8639],[-73.91253,40.8638],[-73.91268,40.86402],[-73.91044,40.86653],[-73.9095,40.86883],[-73.90894,40.87102],[-73.90865,40.87139],[-73.90893,40.87216],[-73.90846,40.87262],[-73.90774,40.87285],[-73.90746,40.87355],[-73.90571,40.87314],[-73.90452,40.8725],[-73.90442,40.87036],[-73.90319,40.86915],[-73.90236,40.8687]]]}},{"type":"Feature","id":137,"properties":{"id":137,"zone":"Kips Bay","borough":"Manhattan"},"geometry":{"type":"Polygon","coordinates":[[[-73.9722,40.7404],[-73.97266,40.73922],[-73.97249,40.7358],[-73.97287,40.73577],[-73.97441,40.73641],[-73.97446,40.73629],[-73.97403,40.73613],[-73.97447,40.73628],[-73.9745,40.73606],[-73.97414,40.73596],[-73.9745,40.73604],[-73.97451,40.7358],[-73.97449,40.73588],[-73.97425,40.73578],[-73.97446,40.73567],[-73.97306,40.73518],[-73.97281,40.73552],[-73.97293,40.73561],[-73.97276,40.73551],[-73.97295,40.73507],[-73.9733,40.73524],[-73.9733,40.73504],[-73.97354,40.73494],[-73.97475,40.73543],[-73.97522,40.7354],[-73.9785,40.73679],[-73.97805,40.73755],[-73.98266,40.7395],[-73.97812,40.74573],[-73.97168,40.74305],[-73.97229,40.74072],[-73.9722,40.7404]]]}},{"type":"Feature","id":138,"properties":{"id":138,"zone":"LaGuardia Airport","borough":"Queens"},"geometry":{"type":"MultiPolygon","coordinates":[[[[-73.87125,40.78604],[-73.86978,40.78534],[-73.86918,40.78594],[-73.86987,40.78509],[-73.86944,40.78364],[-73.86861,40.7838],[-73.86848,40.78369],[-73.86942,40.78359],[-73.87048,40.78231],[-73.87146,40.78213],[-73.87256,40.78082],[-73.86471,40.77673],[-73.85505,40.7722],[-73.85509,40.77183],[-73.85646,40.77032],[-73.85738,40.77057],[-73.85753,40.77039],[-73.85821,40.77032],[-73.85621,40.7692],[-73.85625,40.76889],[-73.85705,40.76914],[-73.85768,40.76828],[-73.85877,40.76735],[-73.85938,40.76708],[-73.86086,40.76693],[-73.8611,40.76727],[-73.86131,40.76694],[-73.86269,40.76688],[-73.86272,40.76667],[-73.86216,40.76619],[-73.86043,40.76387],[-73.8611,40.76366],[-73.8634,40.76646],[-73.86509,40.76802],[-73.86728,40.76965],[-73.86963,40.77101],[-73.87224,40.7717],[-73.87476,40.77172],[-73.87743,40.7712],[-73.88357,40.76818],[-73.88771,40.76684],[-73.88822,40.76859],[-73.88873,40.76892],[-73.88945,40.77353],[-73.88581,40.77402],[-73.88583,40.77411],[-73.88567,40.77413],[-73.88567,40.77443],[-73.88563,40.7741],[-73.88578,40.77402],[-73.88392,40.77413],[-73.88455,40.77436],[-73.88484,40.77495],[-73.88477,40.77533],[-73.88429,40.77547],[-73.88506,40.77841],[-73.88525,40.77861],[-73.88505,40.77878],[-73.88493,40.77994],[-73.88385,40.78026],[-73.88274,40.78022],[-73.88139,40.7806],[-73.87973,40.78065],[-73.87961,40.78085],[-73.87871,40.78059],[-73.87905,40.78173],[-73.87931,40.78185],[-73.87886,40.7824],[-73.87975,40.78284],[-73.8797,40.78288],[-73.87883,40.78243],[-73.87834,40.78303],[-73.87516,40.78151],[-73.87485,40.78168],[-73.87125,40.78604]]],[[[-73.87281,40.7859],[-73.87283,40.78595],[-73.87277,40.78594],[-73.87281,40.7859]]],[[[-73.88947,40.77574],[-73.89034,40.77324],[-73.89183,40.77488],[-73.89144,40.77562],[-73.89145,40.77651],[-73.89112,40.77712],[-73.89017,40.77785],[-73.88947,40.77574]]]]}},{"type":"Feature","id":139,"properties":{"id":139,"zone":"Laurelton","borough":"Queens"},"geometry":{"type":"Polygon","coordinates":[[[-73.74755,40.68935],[-73.7376,40.68636],[-73.73744,40.6867],[-73.72718,40.6836],[-73.72852,40.68121],[-73.72951,40.68006],[-73.73047,40.67935],[-73.73106,40.67831],[-73.73303,40.6765],[-73.73506,40.67399],[-73.73597,40.67257],[-73.73625,40.67263],[-73.73593,40.67243],[-73.73776,40.67006],[-73.74118,40.6664],[-73.75763,40.66645],[-73.757,40.66774],[-73.75644,40.66967],[-73.75636,40.67243],[-73.75857,40.67264],[-73.76031,40.67511],[-73.75692,40.67653],[-73.75649,40.67602],[-73.75576,40.67589],[-73.75485,40.67793],[-73.75226,40.68149],[-73.75009,40.68592],[-73.74755,40.68935]]]}},{"type":"Feature","id":140,"properties":{"id":140,"zone":"Lenox Hill East","borough":"Manhattan"},"geometry":{"type":"Polygon","coordinates":[[[-73.95442,40.76218],[-73.95878,40.75827],[-73.96197,40.75962],[-73.95269,40.77234],[-73.94749,40.77012],[-73.95442,40.76218]]]}},{"type":"Feature","id":141,"properties":{"id":141,"zone":"Lenox Hill West","borough":"Manhattan"},"geometry":{"type":"Polygon","coordinates":[[[-73.95269,40.77234],[-73.96197,40.75962],[-73.96658,40.76155],[-73.95729,40.77428],[-73.95269,40.77234]]]}},{"type":"Feature","id":142,"properties":{"id":142,"zone":"Lincoln Square East","borough":"Manhattan"},"geometry":{"type":"Polygon","coordinates":[[[-73.98148,40.76773],[-73.98215,40.76768],[-73.98237,40.76739],[-73.98806,40.76979],[-73.98067,40.77993],[-73.975,40.77753],[-73.98165,40.76844],[-73.98129,40.76812],[-73.98148,40.76773]]]}},{"type":"Feature","id":143,"properties":{"id":143,"zone":"Lincoln Square West","borough":"Manhattan"},"geometry":{"type":"Polygon","coordinates":[[[-73.98507,40.78178],[-73.98067,40.77993],[-73.98806,40.76979],[-73.99387,40.77224],[-73.9935,40.77275],[-73.9943,40.77297],[-73.99429,40.77316],[-73.99502,40.77348],[-73.99505,40.7733],[-73.99624,40.77379],[-73.9961,40.77409],[-73.99394,40.77318],[-73.99262,40.77497],[-73.99227,40.77512],[-73.99206,40.7755],[-73.99239,40.77556],[-73.99093,40.77757],[-73.9904,40.77759],[-73.98887,40.77969],[-73.99155,40.77957],[-73.99142,40.77976],[-73.98889,40.77988],[-73.98892,40.78023],[-73.98813,40.7814],[-73.98568,40.78031],[-73.98507,40.78178]]]}},{"type":"Feature","id":144,"properties":{"id":144,"zone":"Little Italy/NoLiTa","borough":"Manhattan"},"geometry":{"type":"Polygon","coordinates":[[[-73.99481,40.71846],[-73.99606,40.71623],[-73.99859,40.7171],[-74.00188,40.7194],[-73.99677,40.72543],[-73.9926,40.72414],[-73.99481,40.71846]]]}},{"type":"Feature","id":145,"properties":{"id":145,"zone":"Long Island City/Hunters Point","borough":"Queens"},"geometry":{"type":"Polygon","coordinates":[[[-73.95081,40.75526],[-73.93812,40.74979],[-73.93664,40.7482],[-73.94033,40.74541],[-73.94343,40.74423],[-73.94401,40.74364],[-73.9442,40.74288],[-73.94032,40.7444],[-73.9377,40.74524],[-73.93726,40.74518],[-73.9387,40.73814],[-73.93982,40.73845],[-73.93994,40.73869],[-73.94141,40.7393],[-73.94051,40.74011],[-73.94036,40.74034],[-73.94056,40.74042],[-73.93911,40.74262],[-73.93867,40.74253],[-73.93859,40.74293],[-73.94002,40.74321],[-73.94015,40.74283],[-73.93965,40.74273],[-73.94159,40.73986],[-73.9426,40.7394],[-73.9429,40.739],[-73.94382,40.73887],[-73.94548,40.73821],[-73.94715,40.7379],[-73.95138,40.73934],[-73.95381,40.73982],[-73.95741,40.73956],[-73.96073,40.73808],[-73.96217,40.73827],[-73.96214,40.73844],[-73.96256,40.73869],[-73.96262,40.739],[-73.96221,40.74001],[-73.96159,40.74],[-73.96145,40.74034],[-73.96163,40.74046],[-73.96129,40.74043],[-73.96191,40.74087],[-73.9618,40.7411],[-73.96112,40.74135],[-73.96112,40.7418],[-73.96137,40.74182],[-73.96111,40.74183],[-73.96155,40.74199],[-73.96119,40.74264],[-73.96052,40.7435],[-73.95978,40.7435],[-73.95975,40.7439],[-73.96065,40.74413],[-73.95963,40.74393],[-73.95939,40.74428],[-73.95973,40.74427],[-73.96016,40.74437],[-73.96013,40.74444],[-73.95923,40.74431],[-73.95878,40.74456],[-73.95946,40.74465],[-73.95876,40.74459],[-73.95864,40.74495],[-73.95965,40.74522],[-73.95849,40.74499],[-73.95845,40.74512],[-73.95927,40.74533],[-73.95932,40.74554],[-73.95906,40.74575],[-73.9584,40.74572],[-73.95838,40.74595],[-73.95899,40.74606],[-73.95679,40.74884],[-73.95485,40.74804],[-73.95465,40.74823],[-73.95432,40.7481],[-73.95471,40.74801],[-73.95318,40.74773],[-73.95305,40.74809],[-73.95478,40.74843],[-73.95649,40.74911],[-73.95576,40.7496],[-73.95612,40.74976],[-73.95546,40.74967],[-73.95535,40.75001],[-73.95513,40.74993],[-73.9552,40.74968],[-73.95507,40.74963],[-73.95452,40.75059],[-73.95465,40.75083],[-73.95399,40.75179],[-73.95081,40.75526]]]}},{"type":"Feature","id":146,"properties":{"id":146,"zone":"Long Island City/Queens Plaza","borough":"Queens"},"geometry":{"type":"Polygon","coordinates":[[[-73.93676,40.74915],[-73.9374,40.74892],[-73.93812,40.74979],[-73.94405,40.75231],[-73.93679,40.75988],[-73.92416,40.75396],[-73.92563,40.75214],[-73.93228,40.75195],[-73.93383,40.7516],[-73.93676,40.74915]]]}},{"type":"Feature","id":147,"properties":{"id":147,"zone":"Longwood","borough":"Bronx"},"geometry":{"type":"Polygon","coordinates":[[[-73.89511,40.82804],[-73.89484,40.82625],[-73.89487,40.82394],[-73.8932,40.82401],[-73.89586,40.82263],[-73.89588,40.82099],[-73.89284,40.82097],[-73.8929,40.82081],[-73.89704,40.8168],[-73.89543,40.81584],[-73.89759,40.81378],[-73.90307,40.80988],[-73.90342,40.81151],[-73.90447,40.81228],[-73.90061,40.82211],[-73.90199,40.82244],[-73.90051,40.82601],[-73.90165,40.82626],[-73.90094,40.82793],[-73.8998,40.82768],[-73.89549,40.82825],[-73.89511,40.82804]]]}},{"type":"Feature","id":148,"properties":{"id":148,"zone":"Lower East Side","borough":"Manhattan"},"geometry":{"type":"Polygon","coordinates":[[[-73.98382,40.72147],[-73.98507,40.71908],[-73.98675,40.71959],[-73.98837,40.71645],[-73.98915,40.71671],[-73.99022,40.7144],[-73.99076,40.71455],[-73.9975,40.71407],[-73.99481,40.71846],[-73.9926,40.72414],[-73.98382,40.72147]]]}},{"type":"Feature","id":149,"properties":{"id":149,"zone":"Madison","borough":"Brooklyn"},"geometry":{"type":"Polygon","coordinates":[[[-73.94483,40.61605],[-73.94355,40.60935],[-73.94231,40.60827],[-73.93935,40.61019],[-73.93754,40.60856],[-73.93973,40.60713],[-73.93426,40.60223],[-73.93503,40.60173],[-73.93447,40.60123],[-73.94289,40.60032],[-73.94248,40.5982],[-73.95693,40.59661],[-73.95776,40.60099],[-73.95683,40.60109],[-73.95859,40.6104],[-73.94978,40.61137],[-73.95027,40.61392],[-73.94743,40.61422],[-73.94483,40.61605]]]}},{"type":"Feature","id":150,"properties":{"id":150,"zone":"Manhattan Beach","borough":"Brooklyn"},"geometry":{"type":"Polygon","coordinates":[[[-73.93019,40.58509],[-73.9301,40.5845],[-73.93204,40.58423],[-73.93193,40.58287],[-73.93238,40.58292],[-73.93201,40.58293],[-73.93202,40.58311],[-73.93275,40.58288],[-73.93349,40.58306],[-73.93421,40.58298],[-73.93456,40.58317],[-73.93456,40.58302],[-73.93528,40.5831],[-73.93528,40.58324],[-73.93569,40.58328],[-73.93567,40.58302],[-73.93582,40.58302],[-73.93577,40.58328],[-73.93613,40.58331],[-73.93629,40.583],[-73.9361,40.58295],[-73.93657,40.58296],[-73.9363,40.583],[-73.93632,40.58318],[-73.93658,40.58324],[-73.93697,40.58323],[-73.93699,40.58302],[-73.93663,40.58297],[-73.93706,40.58298],[-73.93705,40.58308],[-73.93763,40.5831],[-73.93703,40.58313],[-73.93701,40.58302],[-73.93701,40.58323],[-73.93712,40.58335],[-73.93812,40.58334],[-73.93809,40.58312],[-73.93855,40.58334],[-73.93863,40.58307],[-73.9393,40.58317],[-73.9393,40.58333],[-73.93983,40.58333],[-73.93983,40.58317],[-73.93986,40.58333],[-73.94058,40.58333],[-73.94057,40.58309],[-73.94011,40.58308],[-73.94068,40.58307],[-73.94059,40.58321],[-73.9407,40.58333],[-73.94092,40.5833],[-73.94074,40.58308],[-73.94103,40.58307],[-73.94093,40.5833],[-73.94116,40.5833],[-73.9411,40.58309],[-73.9412,40.58309],[-73.94157,40.58361],[-73.94255,40.58351],[-73.94202,40.58311],[-73.9427,40.58351],[-73.94305,40.58349],[-73.94256,40.58313],[-73.9432,40.58349],[-73.94354,40.58347],[-73.94309,40.58313],[-73.94369,40.58347],[-73.94407,40.58347],[-73.94364,40.58315],[-73.94462,40.5835],[-73.94417,40.58316],[-73.94432,40.58316],[-73.94478,40.58351],[-73.94517,40.58352],[-73.94471,40.58317],[-73.94485,40.58316],[-73.94535,40.58353],[-73.94573,40.58354],[-73.94538,40.58318],[-73.9459,40.58355],[-73.94629,40.58357],[-73.9458,40.58319],[-73.94643,40.58356],[-73.94679,40.58355],[-73.94632,40.58321],[-73.94692,40.58355],[-73.94727,40.58353],[-73.94682,40.58319],[-73.94747,40.58353],[-73.95349,40.58299],[-73.9533,40.582],[-73.9497,40.58232],[-73.94274,40.581],[-73.93258,40.58126],[-73.93106,40.57627],[-73.9315,40.57566],[-73.93488,40.57558],[-73.93494,40.57527],[-73.93505,40.57555],[-73.93623,40.57585],[-73.93656,40.57582],[-73.93671,40.57542],[-73.93683,40.57556],[-73.94251,40.57537],[-73.94256,40.57556],[-73.94428,40.5758],[-73.94463,40.57569],[-73.94461,40.57523],[-73.94487,40.57557],[-73.94572,40.57556],[-73.94618,40.5753],[-73.94592,40.57512],[-73.95236,40.57427],[-73.95414,40.58311],[-73.95646,40.58266],[-73.95713,40.58305],[-73.95901,40.58284],[-73.96005,40.58327],[-73.96026,40.58503],[-73.95388,40.58572],[-73.95357,40.58531],[-73.95124,40.58492],[-73.94866,40.58489],[-73.94192,40.58552],[-73.93445,40.58665],[-73.93146,40.5861],[-73.93127,40.58544],[-73.93019,40.58509]]]}},{"type":"Feature","id":151,"properties":{"id":151,"zone":"Manhattan Valley","borough":"Manhattan"},"geometry":{"type":"Polygon","coordinates":[[[-73.96004,40.79804],[-73.96418,40.79236],[-73.96526,40.7928],[-73.96987,40.79474],[-73.96942,40.79536],[-73.9764,40.79827],[-73.97287,40.80336],[-73.96004,40.79804]]]}},{"type":"Feature","id":152,"properties":{"id":152,"zone":"Manhattanville","borough":"Manhattan"},"geometry":{"type":"Polygon","coordinates":[[[-73.95634,40.82309],[-73.95083,40.82083],[-73.94992,40.82207],[-73.94854,40.82149],[-73.94808,40.82211],[-73.94608,40.82126],[-73.9492,40.81472],[-73.95035,40.81316],[-73.9521,40.81144],[-73.95408,40.81228],[-73.95571,40.81414],[-73.95627,40.81338],[-73.95949,40.81701],[-73.96203,40.81809],[-73.96,40.82038],[-73.95981,40.8203],[-73.95913,40.82117],[-73.95943,40.82125],[-73.95915,40.82157],[-73.95903,40.82151],[-73.95923,40.82128],[-73.95909,40.82121],[-73.95882,40.82152],[-73.95894,40.82157],[-73.95875,40.82181],[-73.959,40.82241],[-73.95923,40.82229],[-73.95991,40.82257],[-73.9596,40.82299],[-73.95893,40.82271],[-73.95905,40.82254],[-73.95853,40.82184],[-73.95794,40.82277],[-73.95823,40.82289],[-73.95814,40.82302],[-73.95951,40.8236],[-73.95634,40.82309]]]}},{"type":"Feature","id":153,"properties":{"id":153,"zone":"Marble Hill","borough":"Manhattan"},"geometry":{"type":"Polygon","coordinates":[[[-73.90667,40.87572],[-73.90774,40.87285],[-73.90846,40.87262],[-73.90893,40.87216],[-73.90972,40.8732],[-73.91092,40.87415],[-73.91579,40.87572],[-73.91487,40.87664],[-73.91206,40.87812],[-73.91149,40.87902],[-73.91033,40.87904],[-73.9095,40.87878],[-73.90704,40.8769],[-73.90682,40.87662],[-73.90667,40.87572]]]}},{"type":"Feature","id":154,"properties":{"id":154,"zone":"Marine Park/Floyd Bennett Field","borough":"Brooklyn"},"geometry":{"type":"MultiPolygon","coordinates":[[[[-73.93605,40.60951],[-73.93423,40.6079],[-73.93351,40.60834],[-73.92987,40.60507],[-73.92625,40.60741],[-73.92444,40.60579],[-73.92158,40.60764],[-73.92066,40.60675],[-73.91971,40.6073],[-73.91853,40.60611],[-73.91795,40.60621],[-73.9156,40.60394],[-73.91477,40.60336],[-73.91489,40.60329],[-73.91443,40.60286],[-73.91389,40.6027],[-73.91382,40.60289],[-73.91369,40.60285],[-73.91386,40.60269],[-73.91364,40.60252],[-73.91333,40.60276],[-73.91347,40.60291],[-73.9133,40.60277],[-73.91366,40.60247],[-73.9135,40.60237],[-73.91327,40.60255],[-73.91339,40.60263],[-73.91302,40.60275],[-73.91348,40.60235],[-73.91331,40.60226],[-73.91312,40.60222],[-73.91274,40.60271],[-73.91285,40.60251],[-73.91272,40.60245],[-73.9131,40.60221],[-73.91158,40.60214],[-73.91158,40.60222],[-73.91231,40.60228],[-73.91254,40.60236],[-73.91165,40.60228],[-73.91154,40.60244],[-73.91261,40.60253],[-73.91257,40.60268],[-73.91252,40.60254],[-73.91249,40.60267],[-73.91094,40.6025],[-73.91095,40.60236],[-73.91087,40.60249],[-73.91088,40.60234],[-73.91152,40.6024],[-73.91154,40.60222],[-73.91092,40.60221],[-73.91094,40.60213],[-73.91156,40.60216],[-73.91076,40.60203],[-73.91075,40.60244],[-73.90904,40.60268],[-73.90902,40.60252],[-73.91071,40.60242],[-73.91071,40.60214],[-73.90941,40.60219],[-73.91073,40.60202],[-73.9098,40.60204],[-73.90894,40.60161],[-73.90768,40.60229],[-73.90539,40.60265],[-73.90457,40.60253],[-73.90393,40.60273],[-73.90333,40.60246],[-73.9032,40.60265],[-73.90143,40.60327],[-73.89983,40.60334],[-73.89881,40.60366],[-73.89793,40.60333],[-73.89738,40.60342],[-73.89531,40.60312],[-73.89468,40.60332],[-73.8938,40.60319],[-73.89326,40.60348],[-73.8922,40.60339],[-73.89117,40.6036],[-73.8908,40.60398],[-73.88898,40.60455],[-73.8888,40.60481],[-73.88764,40.60528],[-73.88478,40.60514],[-73.88398,40.60557],[-73.88269,40.60422],[-73.88329,40.60292],[-73.8826,40.60176],[-73.88215,40.60024],[-73.88163,40.59945],[-73.88147,40.59787],[-73.88071,40.59639],[-73.88072,40.59483],[-73.87991,40.59205],[-73.87941,40.5921],[-73.8799,40.59202],[-73.87971,40.5914],[-73.87936,40.59084],[-73.87897,40.5909],[-73.87892,40.59071],[-73.87929,40.59066],[-73.87897,40.5899],[-73.87914,40.58937],[-73.87879,40.58803],[-73.8782,40.58687],[-73.87672,40.58491],[-73.8797,40.58014],[-73.88174,40.57959],[-73.88187,40.57945],[-73.88175,40.57916],[-73.88287,40.57913],[-73.88435,40.5786],[-73.88735,40.57808],[-73.88871,40.57814],[-73.88976,40.57779],[-73.89118,40.57787],[-73.89455,40.57684],[-73.89552,40.57677],[-73.89605,40.57822],[-73.89709,40.57989],[-73.89704,40.5807],[-73.89649,40.58202],[-73.89656,40.58301],[-73.89703,40.58399],[-73.89814,40.58519],[-73.8979,40.58582],[-73.89831,40.58684],[-73.89892,40.58754],[-73.89973,40.58717],[-73.89903,40.58768],[-73.89981,40.58801],[-73.89991,40.58779],[-73.89994,40.58798],[-73.90001,40.58782],[-73.90122,40.58738],[-73.89995,40.58804],[-73.90072,40.58808],[-73.9021,40.58736],[-73.90286,40.58737],[-73.90427,40.58691],[-73.90588,40.5875],[-73.90589,40.58788],[-73.90652,40.58803],[-73.90713,40.58753],[-73.90649,40.58734],[-73.90644,40.58703],[-73.90811,40.5868],[-73.91089,40.58595],[-73.91148,40.58608],[-73.91192,40.58643],[-73.91197,40.5867],[-73.91188,40.58705],[-73.91168,40.58704],[-73.91158,40.58726],[-73.91191,40.58847],[-73.91149,40.59111],[-73.91202,40.5931],[-73.91204,40.59451],[-73.91365,40.5971],[-73.91419,40.59736],[-73.91513,40.59878],[-73.91585,40.59931],[-73.91757,40.60002],[-73.91784,40.6004],[-73.91859,40.6008],[-73.92017,40.60109],[-73.92018,40.60128],[-73.9214,40.6017],[-73.92152,40.60192],[-73.92267,40.60159],[-73.92324,40.60108],[-73.924,40.59973],[-73.92457,40.59972],[-73.92628,40.60062],[-73.92832,40.60222],[-73.92879,40.60221],[-73.92895,40.60251],[-73.92951,40.60271],[-73.92962,40.60319],[-73.92901,40.60369],[-73.92927,40.60399],[-73.92987,40.60374],[-73.93014,40.60403],[-73.93049,40.60374],[-73.93117,40.60385],[-73.93196,40.60312],[-73.93212,40.60271],[-73.93176,40.6026],[-73.93109,40.60172],[-73.93031,40.60117],[-73.92965,40.6012],[-73.92934,40.60097],[-73.92923,40.60049],[-73.92865,40.60039],[-73.92859,40.60061],[-73.92838,40.60035],[-73.92785,40.60032],[-73.9272,40.59991],[-73.9229,40.59645],[-73.92178,40.59503],[-73.92032,40.59472],[-73.91796,40.59291],[-73.91691,40.59174],[-73.91656,40.59109],[-73.9151,40.59042],[-73.91454,40.58994],[-73.91462,40.58933],[-73.91421,40.58922],[-73.91434,40.58889],[-73.91725,40.58748],[-73.91819,40.58661],[-73.92957,40.59682],[-73.92813,40.59778],[-73.93355,40.60269],[-73.93426,40.60223],[-73.93973,40.60713],[-73.93605,40.60951]]],[[[-73.92085,40.59954],[-73.91866,40.59947],[-73.91844,40.59917],[-73.91626,40.59816],[-73.91602,40.59751],[-73.91442,40.59605],[-73.91382,40.59504],[-73.91338,40.59472],[-73.91306,40.59407],[-73.91326,40.59223],[-73.91295,40.59205],[-73.91439,40.59151],[-73.91524,40.59159],[-73.91605,40.5922],[-73.91601,40.59243],[-73.91637,40.59275],[-73.91644,40.59313],[-73.91788,40.59472],[-73.9202,40.59618],[-73.92083,40.59633],[-73.9209,40.59661],[-73.92182,40.59733],[-73.92186,40.5978],[-73.92227,40.59838],[-73.92213,40.59866],[-73.92085,40.59954]]],[[[-73.91513,40.58627],[-73.91379,40.58604],[-73.91338,40.58614],[-73.91282,40.5859],[-73.91257,40.58561],[-73.91237,40.58453],[-73.91261,40.58432],[-73.9125,40.58389],[-73.91271,40.5837],[-73.91242,40.58339],[-73.91305,40.58301],[-73.91305,40.58319],[-73.91463,40.58276],[-73.9149,40.58287],[-73.91499,40.58315],[-73.91614,40.58286],[-73.91656,40.58315],[-73.9173,40.58319],[-73.91681,40.58276],[-73.91633,40.58282],[-73.91596,40.58244],[-73.91541,40.58236],[-73.91439,40.58238],[-73.91446,40.58261],[-73.91424,40.5826],[-73.91417,40.5828],[-73.91373,40.58273],[-73.91336,40.58295],[-73.91297,40.58297],[-73.91299,40.58271],[-73.91285,40.58301],[-73.91191,40.58296],[-73.91152,40.58274],[-73.91129,40.58231],[-73.9115,40.58182],[-73.91444,40.58171],[-73.91506,40.58154],[-73.91814,40.58214],[-73.92221,40.58325],[-73.92444,40.58356],[-73.92963,40.5834],[-73.93067,40.58316],[-73.93089,40.58293],[-73.93074,40.58275],[-73.93095,40.58273],[-73.93185,40.58294],[-73.93204,40.58423],[-73.9301,40.5845],[-73.93019,40.58509],[-73.93127,40.58544],[-73.9314,40.58608],[-73.92712,40.58488],[-73.92583,40.58495],[-73.92529,40.58464],[-73.92345,40.58482],[-73.92101,40.58458],[-73.92001,40.58466],[-73.91842,40.58537],[-73.91734,40.58558],[-73.91697,40.58589],[-73.91513,40.58627]]]]}},{"type":"Feature","id":155,"properties":{"id":155,"zone":"Marine Park/Mill Basin","borough":"Brooklyn"},"geometry":{"type":"Polygon","coordinates":[[[-73.91535,40.62999],[-73.90396,40.62483],[-73.90386,40.62494],[-73.90546,40.62577],[-73.90533,40.62586],[-73.90312,40.62474],[-73.90321,40.62464],[-73.90255,40.62444],[-73.90313,40.6246],[-73.90327,40.62448],[-73.90269,40.62421],[-73.90283,40.62405],[-73.90242,40.62446],[-73.90229,40.62441],[-73.90264,40.62392],[-73.90292,40.62395],[-73.90284,40.62345],[-73.90236,40.62347],[-73.90209,40.62299],[-73.90094,40.62253],[-73.90072,40.62163],[-73.89812,40.62185],[-73.89692,40.62166],[-73.89644,40.62139],[-73.89629,40.62074],[-73.89622,40.62084],[-73.89573,40.62024],[-73.89561,40.6198],[-73.89561,40.61935],[-73.89585,40.61914],[-73.89608,40.61838],[-73.89645,40.61808],[-73.89664,40.61735],[-73.89646,40.61613],[-73.89617,40.616],[-73.89617,40.61565],[-73.89573,40.61489],[-73.89603,40.6148],[-73.89586,40.61452],[-73.89428,40.61388],[-73.8925,40.61379],[-73.89134,40.61326],[-73.89095,40.61283],[-73.89141,40.61213],[-73.89393,40.61154],[-73.89394,40.61118],[-73.89358,40.61117],[-73.89355,40.611],[-73.89189,40.61153],[-73.891,40.61205],[-73.89108,40.61228],[-73.88972,40.6116],[-73.88977,40.611],[-73.89022,40.6104],[-73.89194,40.6091],[-73.89198,40.60938],[-73.89177,40.60952],[-73.89195,40.60945],[-73.89227,40.60917],[-73.89237,40.60873],[-73.89222,40.60863],[-73.89242,40.60856],[-73.89217,40.60854],[-73.89248,40.60815],[-73.89273,40.60723],[-73.89335,40.60674],[-73.89486,40.6064],[-73.89591,40.60584],[-73.89834,40.6053],[-73.89987,40.60552],[-73.90088,40.60698],[-73.90057,40.60747],[-73.90048,40.60922],[-73.90016,40.61008],[-73.90135,40.61109],[-73.90133,40.61172],[-73.90161,40.61186],[-73.90199,40.61175],[-73.90229,40.61196],[-73.90249,40.61181],[-73.90119,40.61056],[-73.90133,40.61048],[-73.90125,40.61058],[-73.90265,40.61178],[-73.90236,40.61198],[-73.90272,40.61183],[-73.90293,40.61216],[-73.90304,40.6121],[-73.90292,40.61219],[-73.90263,40.61193],[-73.90242,40.61203],[-73.90587,40.61506],[-73.90573,40.61488],[-73.90603,40.61495],[-73.90588,40.61508],[-73.90696,40.61611],[-73.90717,40.61601],[-73.90674,40.6163],[-73.90726,40.61609],[-73.90708,40.61622],[-73.90744,40.61626],[-73.90711,40.61661],[-73.90753,40.61634],[-73.90724,40.61655],[-73.90759,40.61663],[-73.90765,40.61692],[-73.90797,40.61705],[-73.90781,40.61737],[-73.90815,40.61716],[-73.90879,40.61744],[-73.90863,40.61717],[-73.90884,40.61731],[-73.90907,40.61716],[-73.90835,40.61653],[-73.90879,40.61687],[-73.90914,40.61653],[-73.90811,40.61567],[-73.90797,40.61574],[-73.90816,40.6156],[-73.90918,40.61652],[-73.90881,40.61689],[-73.90896,40.61699],[-73.90964,40.61658],[-73.9096,40.61639],[-73.90865,40.61548],[-73.9073,40.61481],[-73.90544,40.61301],[-73.90424,40.61236],[-73.90429,40.61201],[-73.90421,40.61196],[-73.90411,40.61204],[-73.90404,40.612],[-73.90414,40.6119],[-73.90351,40.61141],[-73.90331,40.61155],[-73.90349,40.61139],[-73.90314,40.61097],[-73.90275,40.61093],[-73.90226,40.61042],[-73.90164,40.60576],[-73.90178,40.60567],[-73.90524,40.60491],[-73.90597,40.60638],[-73.90811,40.60627],[-73.90864,40.60666],[-73.90883,40.60656],[-73.90849,40.60577],[-73.90824,40.60532],[-73.90803,40.60536],[-73.9084,40.60524],[-73.9083,40.60531],[-73.90889,40.60654],[-73.90934,40.60648],[-73.90985,40.606],[-73.90886,40.60506],[-73.90833,40.60407],[-73.91092,40.60351],[-73.91365,40.60398],[-73.91674,40.60681],[-73.9166,40.60709],[-73.91672,40.60762],[-73.91632,40.60868],[-73.91678,40.60877],[-73.91657,40.60942],[-73.91684,40.60876],[-73.91651,40.60863],[-73.91689,40.60871],[-73.91683,40.60891],[-73.91709,40.60882],[-73.91682,40.60893],[-73.91666,40.60944],[-73.9168,40.60949],[-73.91657,40.60944],[-73.91639,40.61009],[-73.91606,40.61043],[-73.91616,40.61052],[-73.9145,40.61165],[-73.91493,40.61396],[-73.91386,40.61464],[-73.91428,40.61494],[-73.91642,40.61357],[-73.91591,40.61385],[-73.91573,40.61362],[-73.91577,40.61354],[-73.91597,40.61381],[-73.91625,40.61363],[-73.91575,40.61338],[-73.91597,40.61324],[-73.91626,40.61361],[-73.9164,40.61345],[-73.91587,40.61291],[-73.916,40.61286],[-73.9165,40.61352],[-73.91663,40.61344],[-73.91573,40.61183],[-73.91675,40.61118],[-73.91667,40.61101],[-73.91683,40.61112],[-73.91811,40.61021],[-73.91773,40.60978],[-73.91787,40.60933],[-73.91768,40.60966],[-73.91796,40.60879],[-73.91782,40.6093],[-73.91803,40.60885],[-73.91856,40.6085],[-73.91801,40.60815],[-73.91819,40.60802],[-73.91857,40.60849],[-73.91901,40.60827],[-73.91814,40.60765],[-73.91836,40.6075],[-73.91902,40.60826],[-73.91935,40.60804],[-73.91825,40.60723],[-73.9185,40.60707],[-73.9184,40.60715],[-73.91937,40.60803],[-73.9195,40.60797],[-73.91924,40.60739],[-73.91795,40.60621],[-73.91853,40.60611],[-73.91971,40.6073],[-73.92066,40.60675],[-73.92158,40.60764],[-73.92444,40.60579],[-73.92625,40.60741],[-73.92987,40.60507],[-73.93351,40.60834],[-73.93423,40.6079],[-73.93605,40.60951],[-73.93754,40.60856],[-73.93935,40.61019],[-73.94231,40.60827],[-73.94355,40.60935],[-73.94483,40.61605],[-73.94347,40.61739],[-73.94079,40.6177],[-73.93687,40.62025],[-73.9332,40.61697],[-73.93173,40.61793],[-73.9263,40.61312],[-73.9264,40.61448],[-73.92062,40.61484],[-73.92053,40.61394],[-73.9169,40.61627],[-73.91861,40.63209],[-73.91716,40.63173],[-73.91751,40.63144],[-73.91732,40.63101],[-73.91535,40.62999]]]}},{"type":"Feature","id":156,"properties":{"id":156,"zone":"Mariners Harbor","borough":"Staten Island"},"geometry":{"type":"MultiPolygon","coordinates":[[[[-74.1799,40.64527],[-74.17973,40.64438],[-74.17933,40.6444],[-74.1792,40.64505],[-74.17907,40.64465],[-74.17904,40.64339],[-74.1794,40.64313],[-74.17959,40.64192],[-74.17919,40.64299],[-74.17879,40.6425],[-74.17848,40.64252],[-74.17826,40.64213],[-74.17834,40.64259],[-74.17781,40.6426],[-74.17769,40.64295],[-74.17721,40.64312],[-74.17682,40.64286],[-74.1767,40.64242],[-74.17636,40.64233],[-74.17669,40.64255],[-74.17667,40.64339],[-74.17598,40.64346],[-74.1756,40.64331],[-74.17547,40.64412],[-74.17568,40.64471],[-74.17547,40.64465],[-74.1753,40.64508],[-74.17437,40.64514],[-74.17294,40.6442],[-74.173,40.64359],[-74.17236,40.64326],[-74.17272,40.64295],[-74.17196,40.64286],[-74.17151,40.64313],[-74.17134,40.64286],[-74.17186,40.64252],[-74.17172,40.64194],[-74.17148,40.6417],[-74.17159,40.64103],[-74.17202,40.64099],[-74.17294,40.64058],[-74.17299,40.64049],[-74.17157,40.64101],[-74.17137,40.64209],[-74.17105,40.64259],[-74.17128,40.64211],[-74.17119,40.64174],[-74.17029,40.64178],[-74.17008,40.64209],[-74.16915,40.64187],[-74.16906,40.64213],[-74.16774,40.64173],[-74.16758,40.64184],[-74.16653,40.64142],[-74.1661,40.64241],[-74.16632,40.64144],[-74.1658,40.64122],[-74.16563,40.64121],[-74.16544,40.64228],[-74.16494,40.64221],[-74.16519,40.64064],[-74.16473,40.64039],[-74.16457,40.64142],[-74.16441,40.6414],[-74.1646,40.64032],[-74.16417,40.63999],[-74.164,40.64107],[-74.16386,40.64105],[-74.16394,40.63991],[-74.16345,40.63986],[-74.16323,40.64095],[-74.16279,40.64103],[-74.16168,40.64061],[-74.16228,40.63877],[-74.16182,40.63865],[-74.16145,40.63943],[-74.1613,40.63939],[-74.16166,40.63866],[-74.16124,40.6386],[-74.1609,40.63939],[-74.16074,40.63935],[-74.16108,40.63857],[-74.16035,40.63844],[-74.15986,40.63993],[-74.16023,40.63841],[-74.16006,40.63872],[-74.15986,40.63873],[-74.15958,40.63799],[-74.15923,40.6378],[-74.15901,40.63882],[-74.15893,40.63826],[-74.15789,40.63797],[-74.15773,40.63888],[-74.15777,40.63796],[-74.15719,40.63795],[-74.1571,40.63928],[-74.15698,40.63928],[-74.15707,40.63795],[-74.1561,40.63794],[-74.15611,40.63753],[-74.1557,40.63752],[-74.15562,40.63847],[-74.15549,40.63847],[-74.15559,40.63773],[-74.15483,40.63772],[-74.15469,40.63919],[-74.15478,40.63772],[-74.1546,40.63734],[-74.15425,40.63717],[-74.15341,40.63727],[-74.1528,40.63713],[-74.1527,40.63764],[-74.15222,40.63769],[-74.1523,40.63827],[-74.15214,40.63829],[-74.15205,40.63767],[-74.1512,40.63773],[-74.1514,40.6394],[-74.15125,40.63941],[-74.15113,40.6385],[-74.15056,40.63856],[-74.14997,40.63815],[-74.14968,40.63752],[-74.14946,40.63741],[-74.14931,40.63753],[-74.14942,40.63829],[-74.14919,40.63867],[-74.14888,40.63871],[-74.14856,40.63744],[-74.14878,40.63888],[-74.14602,40.63909],[-74.14606,40.63923],[-74.14519,40.63938],[-74.14386,40.63889],[-74.14382,40.63921],[-74.14357,40.63923],[-74.14336,40.63971],[-74.14313,40.63968],[-74.1436,40.63851],[-74.14478,40.63795],[-74.14753,40.62939],[-74.14622,40.62911],[-74.14594,40.62782],[-74.14554,40.62783],[-74.14563,40.62673],[-74.1465,40.6242],[-74.14773,40.62214],[-74.15231,40.61716],[-74.15379,40.61226],[-74.15793,40.61546],[-74.16235,40.61834],[-74.16808,40.62094],[-74.17236,40.62164],[-74.1746,40.62236],[-74.1761,40.62341],[-74.17888,40.62593],[-74.17994,40.6266],[-74.19556,40.63502],[-74.19442,40.63658],[-74.19454,40.63707],[-74.19479,40.63713],[-74.19462,40.63739],[-74.19397,40.63731],[-74.19358,40.63747],[-74.19372,40.63757],[-74.18652,40.64339],[-74.18623,40.64319],[-74.18591,40.64363],[-74.18511,40.64381],[-74.18525,40.64394],[-74.18484,40.64413],[-74.18411,40.64353],[-74.18406,40.64332],[-74.18437,40.6431],[-74.18421,40.64312],[-74.18365,40.64224],[-74.18403,40.6431],[-74.18385,40.64327],[-74.18324,40.64296],[-74.1838,40.64443],[-74.18367,40.64461],[-74.18289,40.6448],[-74.18118,40.64459],[-74.18087,40.64485],[-74.18048,40.64428],[-74.18004,40.64429],[-74.1799,40.64527]]],[[[-74.15946,40.64145],[-74.15998,40.64145],[-74.16111,40.64184],[-74.16146,40.64429],[-74.15799,40.64386],[-74.15743,40.6433],[-74.15792,40.64308],[-74.15813,40.64263],[-74.15855,40.6425],[-74.15881,40.64176],[-74.15946,40.64145]]]]}},{"type":"Feature","id":157,"properties":{"id":157,"zone":"Maspeth","borough":"Queens"},"geometry":{"type":"Polygon","coordinates":[[[-73.89923,40.73511],[-73.89492,40.73501],[-73.89256,40.73448],[-73.88852,40.73453],[-73.88806,40.73009],[-73.88756,40.7302],[-73.88724,40.72893],[-73.88708,40.72464],[-73.8903,40.72492],[-73.89426,40.72314],[-73.8957,40.72341],[-73.89582,40.7239],[-73.89835,40.72311],[-73.89903,40.72386],[-73.90011,40.7233],[-73.89982,40.72124],[-73.8974,40.72155],[-73.89737,40.72046],[-73.90009,40.72018],[-73.90063,40.71976],[-73.90034,40.71802],[-73.89835,40.7192],[-73.89727,40.71815],[-73.89902,40.71738],[-73.8975,40.71638],[-73.90477,40.71287],[-73.90538,40.71288],[-73.90639,40.71736],[-73.90943,40.71758],[-73.90966,40.71779],[-73.91048,40.71733],[-73.91221,40.71571],[-73.91283,40.71536],[-73.91016,40.71382],[-73.91078,40.71319],[-73.92404,40.71401],[-73.92368,40.71408],[-73.92412,40.71514],[-73.92353,40.71562],[-73.92233,40.71608],[-73.92064,40.71577],[-73.92058,40.71603],[-73.92224,40.71638],[-73.92233,40.71659],[-73.91132,40.71962],[-73.91385,40.7229],[-73.91257,40.72324],[-73.90518,40.72896],[-73.90042,40.73465],[-73.89923,40.73511]]]}},{"type":"Feature","id":158,"properties":{"id":158,"zone":"Meatpacking/West Village West","borough":"Manhattan"},"geometry":{"type":"Polygon","coordinates":[[[-74.00917,40.74242],[-74.00516,40.74086],[-74.00709,40.72877],[-74.01067,40.72911],[-74.01077,40.72817],[-74.01439,40.72846],[-74.01409,40.73066],[-74.01116,40.73045],[-74.01099,40.73232],[-74.01094,40.73302],[-74.014,40.73307],[-74.014,40.73333],[-74.0109,40.7333],[-74.01073,40.73346],[-74.01083,40.73401],[-74.01202,40.73406],[-74.012,40.73434],[-74.01081,40.73428],[-74.01048,40.73806],[-74.01109,40.73809],[-74.01114,40.73839],[-74.01045,40.73836],[-74.01039,40.73917],[-74.01158,40.73926],[-74.01153,40.73987],[-74.01161,40.73971],[-74.01237,40.73975],[-74.01231,40.74019],[-74.01158,40.74016],[-74.01151,40.73997],[-74.01146,40.74058],[-74.01216,40.74061],[-74.01266,40.74075],[-74.0095,40.74073],[-74.00941,40.74115],[-74.01216,40.74149],[-74.01212,40.74176],[-74.00952,40.74149],[-74.00917,40.74242]]]}},{"type":"Feature","id":159,"properties":{"id":159,"zone":"Melrose South","borough":"Bronx"},"geometry":{"type":"Polygon","coordinates":[[[-73.91189,40.82214],[-73.90991,40.82255],[-73.90129,40.82048],[-73.90447,40.81228],[-73.91095,40.81362],[-73.91495,40.81494],[-73.91769,40.81608],[-73.92048,40.81456],[-73.9213,40.81548],[-73.92158,40.81555],[-73.92125,40.81622],[-73.92309,40.8167],[-73.924,40.81544],[-73.92663,40.81612],[-73.92518,40.81801],[-73.92265,40.82049],[-73.91677,40.82439],[-73.91588,40.8241],[-73.91622,40.82347],[-73.91189,40.82214]]]}},{"type":"Feature","id":160,"properties":{"id":160,"zone":"Middle Village","borough":"Queens"},"geometry":{"type":"Polygon","coordinates":[[[-73.86971,40.72515],[-73.86877,40.72382],[-73.86524,40.71998],[-73.86004,40.71493],[-73.85963,40.71398],[-73.85965,40.71338],[-73.86501,40.71078],[-73.87016,40.70921],[-73.86911,40.70709],[-73.88088,40.70645],[-73.88086,40.70658],[-73.87761,40.70717],[-73.87873,40.71003],[-73.87926,40.70991],[-73.87943,40.71028],[-73.87908,40.71036],[-73.88006,40.71265],[-73.88508,40.71216],[-73.90477,40.71287],[-73.8975,40.71638],[-73.89902,40.71738],[-73.89727,40.71815],[-73.89835,40.7192],[-73.90034,40.71802],[-73.90063,40.71976],[-73.90009,40.72018],[-73.89737,40.72046],[-73.8974,40.72155],[-73.89982,40.72124],[-73.90011,40.7233],[-73.89903,40.72386],[-73.89835,40.72311],[-73.89582,40.7239],[-73.8957,40.72341],[-73.89426,40.72314],[-73.8903,40.72492],[-73.88708,40.72464],[-73.88721,40.72779],[-73.88501,40.72837],[-73.88009,40.72891],[-73.87509,40.73067],[-73.87146,40.72933],[-73.87085,40.72748],[-73.86971,40.72515]]]}},{"type":"Feature","id":161,"properties":{"id":161,"zone":"Midtown Center","borough":"Manhattan"},"geometry":{"type":"Polygon","coordinates":[[[-73.97124,40.76094],[-73.97581,40.75468],[-73.97652,40.75497],[-73.97837,40.75242],[-73.98412,40.75484],[-73.97769,40.76364],[-73.97124,40.76094]]]}},{"type":"Feature","id":162,"properties":{"id":162,"zone":"Midtown East","borough":"Manhattan"},"geometry":{"type":"Polygon","coordinates":[[[-73.96658,40.76155],[-73.97445,40.75077],[-73.97837,40.75242],[-73.97652,40.75497],[-73.97581,40.75468],[-73.9698,40.76291],[-73.96658,40.76155]]]}},{"type":"Feature","id":163,"properties":{"id":163,"zone":"Midtown North","borough":"Manhattan"},"geometry":{"type":"Polygon","coordinates":[[[-73.98136,40.76784],[-73.97364,40.76457],[-73.9698,40.76291],[-73.97124,40.76094],[-73.97769,40.76364],[-73.9786,40.7624],[-73.98428,40.76479],[-73.98215,40.76768],[-73.98173,40.76762],[-73.98136,40.76784]]]}},{"type":"Feature","id":164,"properties":{"id":164,"zone":"Midtown South","borough":"Manhattan"},"geometry":{"type":"Polygon","coordinates":[[[-73.98085,40.74775],[-73.98407,40.74332],[-73.99052,40.74604],[-73.98412,40.75484],[-73.98089,40.75348],[-73.98408,40.7491],[-73.98085,40.74775]]]}},{"type":"Feature","id":165,"properties":{"id":165,"zone":"Midwood","borough":"Brooklyn"},"geometry":{"type":"Polygon","coordinates":[[[-73.96041,40.63016],[-73.95996,40.62778],[-73.94733,40.62917],[-73.94642,40.62439],[-73.94542,40.6245],[-73.94452,40.61971],[-73.94651,40.61949],[-73.94574,40.61536],[-73.94743,40.61422],[-73.95027,40.61392],[-73.94978,40.61137],[-73.96238,40.60999],[-73.96472,40.62237],[-73.96865,40.62194],[-73.9691,40.62433],[-73.97047,40.62417],[-73.97137,40.62893],[-73.96041,40.63016]]]}},{"type":"Feature","id":166,"properties":{"id":166,"zone":"Morningside Heights","borough":"Manhattan"},"geometry":{"type":"Polygon","coordinates":[[[-73.95949,40.81701],[-73.95627,40.81338],[-73.95571,40.81414],[-73.95408,40.81228],[-73.9521,40.81144],[-73.95358,40.80948],[-73.95497,40.81006],[-73.95818,40.8056],[-73.95825,40.80311],[-73.95965,40.80116],[-73.9667,40.80417],[-73.97111,40.80579],[-73.96856,40.80907],[-73.96414,40.81577],[-73.96203,40.81809],[-73.95949,40.81701]]]}},{"type":"Feature","id":167,"properties":{"id":167,"zone":"Morrisania/Melrose","borough":"Bronx"},"geometry":{"type":"Polygon","coordinates":[[[-73.8963,40.83354],[-73.89717,40.83037],[-73.89469,40.83062],[-73.89336,40.83015],[-73.88991,40.83012],[-73.88761,40.82934],[-73.88601,40.82824],[-73.8861,40.82766],[-73.8879,40.82674],[-73.89293,40.82679],[-73.89484,40.82625],[-73.89511,40.82804],[-73.89549,40.82825],[-73.8998,40.82768],[-73.90094,40.82793],[-73.90165,40.82626],[-73.90051,40.82601],[-73.90199,40.82244],[-73.90061,40.82211],[-73.90129,40.82048],[-73.90991,40.82255],[-73.91182,40.82204],[-73.91622,40.82347],[-73.91588,40.8241],[-73.91677,40.82439],[-73.91609,40.82484],[-73.91661,40.82499],[-73.91541,40.82577],[-73.91475,40.8252],[-73.91351,40.8248],[-73.91317,40.82546],[-73.91131,40.82485],[-73.91179,40.82643],[-73.91169,40.82776],[-73.91031,40.82877],[-73.90896,40.83023],[-73.90553,40.8291],[-73.90123,40.8355],[-73.89697,40.83435],[-73.8963,40.83354]]]}},{"type":"Feature","id":168,"properties":{"id":168,"zone":"Mott Haven/Port Morris","borough":"Bronx"},"geometry":{"type":"MultiPolygon","coordinates":[[[[-73.92663,40.81612],[-73.924,40.81544],[-73.92309,40.8167],[-73.92125,40.81622],[-73.92158,40.81555],[-73.9213,40.81548],[-73.92048,40.81456],[-73.91769,40.81608],[-73.91495,40.81494],[-73.91095,40.81362],[-73.90447,40.81228],[-73.90342,40.81151],[-73.90219,40.80482],[-73.90229,40.80456],[-73.90293,40.8042],[-73.90271,40.80416],[-73.903,40.80392],[-73.90373,40.80377],[-73.90453,40.80317],[-73.90652,40.80118],[-73.90639,40.80109],[-73.90659,40.80111],[-73.90747,40.8],[-73.90807,40.79957],[-73.90779,40.79949],[-73.90768,40.79939],[-73.9081,40.79954],[-73.90803,40.79924],[-73.90842,40.79944],[-73.90855,40.79931],[-73.9083,40.79896],[-73.91089,40.79702],[-73.91169,40.79662],[-73.91372,40.79679],[-73.91905,40.79899],[-73.92024,40.79961],[-73.92133,40.80128],[-73.92293,40.80237],[-73.92423,40.80255],[-73.92666,40.80241],[-73.92763,40.8027],[-73.92728,40.80351],[-73.92765,40.80399],[-73.92873,40.8041],[-73.93052,40.80659],[-73.93185,40.80786],[-73.93253,40.80882],[-73.93259,40.81005],[-73.93286,40.81012],[-73.93287,40.81041],[-73.93257,40.81089],[-73.93243,40.81412],[-73.93028,40.81325],[-73.92886,40.81488],[-73.92732,40.81856],[-73.92518,40.81801],[-73.92663,40.81612]]],[[[-73.89833,40.80241],[-73.89647,40.80079],[-73.89864,40.7991],[-73.90021,40.79926],[-73.89979,40.79951],[-73.89972,40.8008],[-73.90004,40.80091],[-73.89949,40.8009],[-73.89939,40.80194],[-73.89833,40.80241]]],[[[-73.89679,40.79633],[-73.89694,40.79564],[-73.89797,40.79564],[-73.89919,40.7965],[-73.89788,40.79712],[-73.89713,40.7968],[-73.89679,40.79633]]]]}},{"type":"Feature","id":169,"properties":{"id":169,"zone":"Mount Hope","borough":"Bronx"},"geometry":{"type":"Polygon","coordinates":[[[-73.89817,40.85515],[-73.89864,40.85391],[-73.8971,40.85517],[-73.89561,40.85457],[-73.90134,40.84443],[-73.90483,40.8448],[-73.90502,40.8424],[-73.90596,40.84263],[-73.91046,40.84279],[-73.91043,40.84311],[-73.91194,40.8432],[-73.9169,40.84512],[-73.91416,40.84518],[-73.91058,40.85018],[-73.90557,40.85579],[-73.90395,40.85497],[-73.90186,40.85459],[-73.90078,40.85605],[-73.89817,40.85515]]]}},{"type":"Feature","id":170,"properties":{"id":170,"zone":"Murray Hill","borough":"Manhattan"},"geometry":{"type":"Polygon","coordinates":[[[-73.97122,40.74692],[-73.97351,40.74378],[-73.97812,40.74573],[-73.98086,40.74197],[-73.98407,40.74332],[-73.98085,40.74775],[-73.98408,40.7491],[-73.98089,40.75348],[-73.97445,40.75077],[-73.97583,40.74886],[-73.97122,40.74692]]]}},{"type":"Feature","id":171,"properties":{"id":171,"zone":"Murray Hill-Queens","borough":"Queens"},"geometry":{"type":"Polygon","coordinates":[[[-73.79318,40.7704],[-73.79396,40.7647],[-73.79303,40.76462],[-73.79344,40.76076],[-73.79076,40.76099],[-73.79032,40.75782],[-73.79493,40.7578],[-73.8003,40.7597],[-73.80951,40.7613],[-73.81105,40.76142],[-73.82064,40.75887],[-73.82081,40.75894],[-73.82348,40.76465],[-73.82467,40.77041],[-73.82656,40.77014],[-73.82657,40.77235],[-73.82625,40.77452],[-73.82583,40.77592],[-73.82433,40.77674],[-73.82331,40.77958],[-73.81453,40.77889],[-73.81486,40.77649],[-73.79853,40.77519],[-73.79742,40.77401],[-73.79522,40.77267],[-73.79318,40.7704]]]}},{"type":"Feature","id":172,"properties":{"id":172,"zone":"New Dorp/Midland Beach","borough":"Staten Island"},"geometry":{"type":"Polygon","coordinates":[[[-74.08655,40.56963],[-74.08691,40.56899],[-74.08622,40.56853],[-74.08725,40.56908],[-74.08836,40.56827],[-74.08925,40.56702],[-74.08998,40.56738],[-74.09055,40.56708],[-74.09124,40.56651],[-74.09405,40.56298],[-74.09407,40.56273],[-74.09542,40.56315],[-74.09661,40.56209],[-74.0982,40.55984],[-74.09829,40.55933],[-74.09782,40.55905],[-74.09876,40.55942],[-74.09938,40.55896],[-74.103,40.56047],[-74.11014,40.56431],[-74.11376,40.5665],[-74.11636,40.56392],[-74.1249,40.56895],[-74.12279,40.57043],[-74.1215,40.57172],[-74.12136,40.57283],[-74.12185,40.57465],[-74.12154,40.57515],[-74.11911,40.57616],[-74.11702,40.5782],[-74.11563,40.57848],[-74.11307,40.58077],[-74.10925,40.58268],[-74.10526,40.58592],[-74.09844,40.58124],[-74.10039,40.57969],[-74.08598,40.57224],[-74.08496,40.57126],[-74.08655,40.56963]]]}},{"type":"Feature","id":173,"properties":{"id":173,"zone":"North Corona","borough":"Queens"},"geometry":{"type":"Polygon","coordinates":[[[-73.8554,40.75834],[-73.8545,40.75828],[-73.85437,40.75812],[-73.85354,40.75656],[-73.85313,40.75511],[-73.8558,40.75441],[-73.85456,40.75196],[-73.85583,40.75158],[-73.85443,40.74885],[-73.86791,40.74493],[-73.86853,40.74759],[-73.87366,40.7568],[-73.86567,40.75763],[-73.85856,40.75791],[-73.8554,40.75834]]]}},{"type":"Feature","id":174,"properties":{"id":174,"zone":"Norwood","borough":"Bronx"},"geometry":{"type":"Polygon","coordinates":[[[-73.87761,40.88452],[-73.87813,40.88215],[-73.87468,40.88156],[-73.87479,40.88008],[-73.87495,40.87995],[-73.87084,40.88044],[-73.87024,40.88023],[-73.87161,40.87692],[-73.87255,40.87518],[-73.87519,40.87158],[-73.87619,40.87048],[-73.88309,40.86659],[-73.88363,40.86726],[-73.88147,40.86857],[-73.88255,40.87246],[-73.8834,40.87395],[-73.88346,40.87606],[-73.88528,40.87922],[-73.88568,40.87887],[-73.88595,40.88051],[-73.88717,40.88258],[-73.88694,40.88268],[-73.88723,40.88305],[-73.88705,40.88435],[-73.88422,40.8832],[-73.88275,40.8834],[-73.88124,40.88271],[-73.87804,40.88712],[-73.87783,40.88677],[-73.87761,40.88452]]]}},{"type":"Feature","id":175,"properties":{"id":175,"zone":"Oakland Gardens","borough":"Queens"},"geometry":{"type":"Polygon","coordinates":[[[-73.75682,40.75973],[-73.75584,40.75774],[-73.75557,40.75828],[-73.75512,40.75848],[-73.75405,40.75851],[-73.75321,40.75824],[-73.7523,40.75946],[-73.75116,40.75907],[-73.75058,40.75801],[-73.75005,40.7584],[-73.7481,40.7559],[-73.74711,40.75417],[-73.74774,40.75385],[-73.7471,40.75235],[-73.74653,40.75184],[-73.74578,40.75156],[-73.74384,40.74769],[-73.74626,40.74671],[-73.74478,40.74328],[-73.74568,40.74303],[-73.74888,40.74329],[-73.75347,40.7424],[-73.75139,40.74019],[-73.75098,40.74002],[-73.74997,40.73975],[-73.74396,40.74079],[-73.7436,40.73901],[-73.74307,40.73844],[-73.74128,40.73879],[-73.74017,40.73848],[-73.74295,40.73546],[-73.75048,40.72922],[-73.75297,40.72771],[-73.7567,40.72623],[-73.75787,40.72711],[-73.76234,40.72954],[-73.76435,40.73115],[-73.76564,40.73253],[-73.7637,40.73286],[-73.76511,40.73456],[-73.76273,40.73526],[-73.76249,40.73673],[-73.76557,40.74326],[-73.76688,40.74409],[-73.76773,40.74578],[-73.76074,40.74774],[-73.75684,40.74932],[-73.75738,40.75023],[-73.7591,40.75225],[-73.75996,40.75278],[-73.7608,40.75455],[-73.76184,40.75554],[-73.76177,40.75728],[-73.7624,40.7595],[-73.758,40.76038],[-73.75682,40.75973]]]}},{"type":"Feature","id":176,"properties":{"id":176,"zone":"Oakwood","borough":"Staten Island"},"geometry":{"type":"Polygon","coordinates":[[[-74.12187,40.57511],[-74.12154,40.57515],[-74.12185,40.57465],[-74.12136,40.57283],[-74.1215,40.57172],[-74.12279,40.57043],[-74.1249,40.56895],[-74.11636,40.56392],[-74.11376,40.5665],[-74.11014,40.56431],[-74.103,40.56047],[-74.09993,40.55907],[-74.1008,40.55832],[-74.1016,40.5568],[-74.10184,40.55594],[-74.10137,40.55569],[-74.10141,40.55554],[-74.10265,40.55613],[-74.1031,40.5559],[-74.10466,40.55412],[-74.10509,40.55324],[-74.10484,40.55303],[-74.10643,40.55385],[-74.10655,40.55417],[-74.10769,40.55398],[-74.11028,40.5515],[-74.11301,40.54778],[-74.11496,40.54958],[-74.11656,40.54913],[-74.11876,40.55122],[-74.11852,40.55143],[-74.11946,40.55222],[-74.1273,40.5573],[-74.13042,40.55444],[-74.13321,40.55238],[-74.13885,40.55695],[-74.13818,40.55759],[-74.13561,40.55898],[-74.13481,40.56083],[-74.13341,40.56213],[-74.13311,40.56287],[-74.1317,40.56454],[-74.13527,40.56552],[-74.14131,40.56843],[-74.14439,40.56971],[-74.14387,40.57061],[-74.14419,40.57204],[-74.13261,40.57353],[-74.12765,40.57523],[-74.12709,40.57637],[-74.12513,40.57588],[-74.12318,40.57575],[-74.12187,40.57511]]]}},{"type":"Feature","id":177,"properties":{"id":177,"zone":"Ocean Hill","borough":"Brooklyn"},"geometry":{"type":"Polygon","coordinates":[[[-73.91805,40.68721],[-73.90005,40.67689],[-73.90439,40.67521],[-73.92275,40.6671],[-73.92165,40.67887],[-73.9163,40.67858],[-73.91805,40.68721]]]}},{"type":"Feature","id":178,"properties":{"id":178,"zone":"Ocean Parkway South","borough":"Brooklyn"},"geometry":{"type":"Polygon","coordinates":[[[-73.97092,40.62657],[-73.97047,40.62417],[-73.9691,40.62433],[-73.96865,40.62194],[-73.96472,40.62237],[-73.96286,40.61255],[-73.96478,40.61233],[-73.9643,40.60978],[-73.97403,40.6087],[-73.97517,40.61472],[-73.97399,40.61403],[-73.9729,40.61415],[-73.97336,40.61654],[-73.97548,40.61631],[-73.97537,40.61575],[-73.97785,40.61729],[-73.97539,40.62077],[-73.97705,40.62153],[-73.97657,40.62199],[-73.97726,40.62585],[-73.97092,40.62657]]]}},{"type":"Feature","id":179,"properties":{"id":179,"zone":"Old Astoria","borough":"Queens"},"geometry":{"type":"Polygon","coordinates":[[[-73.93391,40.77812],[-73.93179,40.77787],[-73.93105,40.77744],[-73.93063,40.77659],[-73.92988,40.77622],[-73.92861,40.77659],[-73.92828,40.7769],[-73.92782,40.7767],[-73.92279,40.77396],[-73.9177,40.77039],[-73.91996,40.76844],[-73.91849,40.76773],[-73.91978,40.76615],[-73.92219,40.76727],[-73.92425,40.76472],[-73.93344,40.76882],[-73.93494,40.76701],[-73.93618,40.76769],[-73.93593,40.76778],[-73.93577,40.76905],[-73.93472,40.77003],[-73.93425,40.77103],[-73.93449,40.77131],[-73.93495,40.77137],[-73.93448,40.77132],[-73.93444,40.77146],[-73.93483,40.77158],[-73.93481,40.77173],[-73.93747,40.77253],[-73.93786,40.77409],[-73.93765,40.77509],[-73.93638,40.77692],[-73.93508,40.77794],[-73.93391,40.77812]]]}},{"type":"Feature","id":180,"properties":{"id":180,"zone":"Ozone Park","borough":"Queens"},"geometry":{"type":"Polygon","coordinates":[[[-73.8412,40.68335],[-73.83794,40.67679],[-73.83812,40.67663],[-73.83335,40.66677],[-73.84009,40.66844],[-73.84014,40.66827],[-73.84216,40.6687],[-73.84244,40.66929],[-73.84322,40.66934],[-73.84848,40.67092],[-73.86132,40.67502],[-73.86235,40.67916],[-73.86329,40.67908],[-73.86335,40.67935],[-73.85879,40.68063],[-73.8582,40.67943],[-73.85392,40.67969],[-73.85099,40.68057],[-73.85198,40.68256],[-73.84787,40.68149],[-73.8412,40.68335]]]}},{"type":"Feature","id":181,"properties":{"id":181,"zone":"Park Slope","borough":"Brooklyn"},"geometry":{"type":"Polygon","coordinates":[[[-73.97182,40.67063],[-73.97965,40.66124],[-73.98017,40.66115],[-73.98223,40.66214],[-73.98509,40.65901],[-73.98648,40.65991],[-73.98688,40.66037],[-73.98725,40.66038],[-73.98872,40.6624],[-73.99064,40.66058],[-73.99693,40.66437],[-73.9949,40.66679],[-73.99277,40.66551],[-73.9839,40.67615],[-73.97804,40.68486],[-73.97746,40.68405],[-73.9771,40.68387],[-73.97376,40.68303],[-73.97469,40.68027],[-73.97618,40.67806],[-73.97189,40.67639],[-73.9695,40.67591],[-73.96969,40.67536],[-73.96908,40.67484],[-73.96872,40.67392],[-73.96892,40.67294],[-73.96966,40.67264],[-73.97041,40.67259],[-73.97182,40.67063]]]}},{"type":"Feature","id":182,"properties":{"id":182,"zone":"Parkchester","borough":"Bronx"},"geometry":{"type":"Polygon","coordinates":[[[-73.85168,40.8342],[-73.86034,40.83325],[-73.86085,40.83361],[-73.86271,40.83299],[-73.86394,40.84004],[-73.86448,40.84109],[-73.85334,40.84247],[-73.85168,40.8342]]]}},{"type":"Feature","id":183,"properties":{"id":183,"zone":"Pelham Bay","borough":"Bronx"},"geometry":{"type":"Polygon","coordinates":[[[-73.83294,40.84352],[-73.83689,40.84337],[-73.83615,40.84613],[-73.83556,40.85196],[-73.83464,40.85382],[-73.83391,40.85447],[-73.83228,40.85518],[-73.8286,40.85572],[-73.82722,40.85325],[-73.82738,40.85282],[-73.82713,40.85187],[-73.82785,40.84974],[-73.828,40.84862],[-73.82645,40.84626],[-73.82611,40.84534],[-73.83043,40.84386],[-73.83294,40.84352]]]}},{"type":"Feature","id":184,"properties":{"id":184,"zone":"Pelham Bay Park","borough":"Bronx"},"geometry":{"type":"MultiPolygon","coordinates":[[[[-73.80729,40.88593],[-73.80551,40.88609],[-73.79323,40.88282],[-73.79492,40.88054],[-73.79555,40.88069],[-73.79503,40.87975],[-73.79625,40.87701],[-73.79713,40.87619],[-73.79744,40.87514],[-73.79855,40.8744],[-73.79891,40.87465],[-73.79981,40.87416],[-73.79988,40.87348],[-73.80087,40.87159],[-73.80137,40.87146],[-73.80252,40.87051],[-73.80318,40.87168],[-73.8027,40.87221],[-73.80339,40.87251],[-73.80432,40.87116],[-73.80373,40.87096],[-73.80358,40.86995],[-73.80283,40.87008],[-73.80302,40.86916],[-73.80422,40.869],[-73.80483,40.86931],[-73.80554,40.86896],[-73.80588,40.86907],[-73.80574,40.86969],[-73.80842,40.87119],[-73.80839,40.87057],[-73.80754,40.87038],[-73.80781,40.86979],[-73.80695,40.86966],[-73.80673,40.86877],[-73.80593,40.86837],[-73.80487,40.86823],[-73.80465,40.86665],[-73.80385,40.86717],[-73.803,40.86704],[-73.80306,40.86582],[-73.80226,40.86561],[-73.7978,40.87226],[-73.79479,40.8732],[-73.79397,40.87457],[-73.79357,40.87612],[-73.7936,40.87672],[-73.79317,40.87706],[-73.79422,40.87738],[-73.7944,40.87764],[-73.79385,40.87859],[-73.79175,40.87989],[-73.79069,40.88016],[-73.79043,40.8808],[-73.78956,40.88126],[-73.78926,40.88121],[-73.78932,40.88058],[-73.78912,40.88008],[-73.79006,40.87959],[-73.78952,40.879],[-73.78827,40.87887],[-73.78588,40.87907],[-73.78438,40.87842],[-73.78418,40.87772],[-73.78471,40.87636],[-73.78668,40.87429],[-73.78709,40.87354],[-73.78719,40.87273],[-73.78625,40.87238],[-73.78508,40.87359],[-73.78517,40.87312],[-73.78568,40.87239],[-73.78526,40.87175],[-73.78439,40.87278],[-73.78402,40.87369],[-73.78359,40.87378],[-73.78334,40.87351],[-73.78343,40.87318],[-73.78404,40.87283],[-73.78307,40.87215],[-73.7832,40.87067],[-73.7849,40.86976],[-73.7856,40.86834],[-73.78552,40.86917],[-73.78599,40.86959],[-73.78795,40.86985],[-73.78968,40.86936],[-73.79139,40.86814],[-73.79229,40.86581],[-73.79265,40.86414],[-73.79147,40.86221],[-73.7919,40.86083],[-73.79351,40.86055],[-73.79364,40.86024],[-73.7934,40.85995],[-73.79387,40.85978],[-73.79455,40.85889],[-73.79487,40.85808],[-73.79427,40.8568],[-73.79435,40.85653],[-73.79685,40.85626],[-73.79799,40.85485],[-73.79872,40.85491],[-73.79902,40.85396],[-73.79864,40.85336],[-73.79796,40.85299],[-73.79781,40.85195],[-73.79819,40.85059],[-73.79949,40.84975],[-73.8001,40.8483],[-73.8004,40.84811],[-73.80147,40.84877],[-73.80183,40.85013],[-73.80418,40.85334],[-73.80453,40.85485],[-73.80352,40.85556],[-73.80414,40.85784],[-73.80421,40.85896],[-73.80464,40.85997],[-73.80461,40.86122],[-73.80478,40.86155],[-73.80533,40.86189],[-73.80593,40.86194],[-73.80625,40.86143],[-73.80582,40.86003],[-73.80612,40.85981],[-73.80658,40.85967],[-73.8071,40.8603],[-73.80783,40.86032],[-73.80813,40.85975],[-73.80752,40.85858],[-73.80768,40.85854],[-73.80852,40.85996],[-73.80951,40.8607],[-73.81089,40.86235],[-73.8133,40.86322],[-73.81385,40.8639],[-73.81411,40.86373],[-73.81436,40.86325],[-73.81469,40.86307],[-73.81451,40.8629],[-73.81459,40.86273],[-73.81503,40.86224],[-73.81516,40.86231],[-73.81482,40.86294],[-73.8151,40.86306],[-73.81641,40.86118],[-73.81549,40.86096],[-73.8148,40.86113],[-73.81485,40.8609],[-73.81382,40.86055],[-73.81273,40.85888],[-73.81231,40.85416],[-73.81641,40.85408],[-73.81684,40.85363],[-73.81721,40.85183],[-73.81692,40.85167],[-73.81712,40.85127],[-73.81686,40.85096],[-73.81572,40.85082],[-73.81625,40.85019],[-73.81559,40.84938],[-73.81507,40.84913],[-73.8163,40.84857],[-73.82014,40.84802],[-73.82048,40.8485],[-73.82496,40.84611],[-73.82518,40.8427],[-73.82624,40.84299],[-73.82617,40.84557],[-73.828,40.84862],[-73.82785,40.84974],[-73.82713,40.85187],[-73.82738,40.85282],[-73.82723,40.85335],[-73.8286,40.85572],[-73.83129,40.85543],[-73.83284,40.85604],[-73.83111,40.85752],[-73.82834,40.86089],[-73.82787,40.86068],[-73.827,40.85909],[-73.82444,40.8595],[-73.82451,40.85976],[-73.82038,40.86103],[-73.81684,40.86431],[-73.817,40.86446],[-73.81579,40.86576],[-73.82127,40.86907],[-73.8233,40.8731],[-73.81993,40.88212],[-73.82027,40.88555],[-73.81671,40.88648],[-73.81443,40.88677],[-73.81198,40.8867],[-73.80729,40.88593]]],[[[-73.78713,40.88092],[-73.78582,40.88076],[-73.78578,40.88036],[-73.78685,40.88045],[-73.7868,40.87995],[-73.78727,40.87968],[-73.78742,40.87977],[-73.78743,40.88045],[-73.78713,40.88092]]],[[[-73.78103,40.87648],[-73.78121,40.87629],[-73.78133,40.87636],[-73.78113,40.87665],[-73.78103,40.87648]]],[[[-73.78242,40.87492],[-73.78266,40.87479],[-73.7828,40.87495],[-73.78248,40.87517],[-73.78242,40.87492]]],[[[-73.77403,40.87439],[-73.77458,40.87411],[-73.77454,40.87471],[-73.7741,40.8749],[-73.77403,40.87439]]],[[[-73.78605,40.87378],[-73.78619,40.8736],[-73.78633,40.87368],[-73.78619,40.87389],[-73.78605,40.87378]]],[[[-73.78626,40.87339],[-73.78673,40.87307],[-73.78665,40.87339],[-73.78626,40.87339]]],[[[-73.77081,40.87155],[-73.76991,40.87048],[-73.77288,40.87125],[-73.77218,40.87198],[-73.77081,40.87155]]],[[[-73.76669,40.8671],[-73.7671,40.8667],[-73.76779,40.86678],[-73.7676,40.8675],[-73.76669,40.8671]]],[[[-73.76965,40.86549],[-73.76979,40.86513],[-73.77023,40.86514],[-73.77007,40.86553],[-73.76965,40.86549]]],[[[-73.78429,40.86321],[-73.78354,40.8631],[-73.7838,40.86297],[-73.78377,40.86261],[-73.78469,40.86254],[-73.78452,40.86296],[-73.78417,40.86309],[-73.78429,40.86321]]],[[[-73.78328,40.86278],[-73.78293,40.86279],[-73.78288,40.86241],[-73.78315,40.86207],[-73.78312,40.86262],[-73.78328,40.86278]]],[[[-73.7746,40.86207],[-73.77494,40.86139],[-73.77529,40.86123],[-73.77486,40.86198],[-73.7746,40.86207]]],[[[-73.7729,40.86121],[-73.77323,40.86075],[-73.77351,40.86124],[-73.77311,40.86161],[-73.7729,40.86121]]],[[[-73.80222,40.84163],[-73.80264,40.84108],[-73.80529,40.84113],[-73.80695,40.84146],[-73.80681,40.84249],[-73.80393,40.84259],[-73.80368,40.84226],[-73.80222,40.84163]]]]}},{"type":"Feature","id":185,"properties":{"id":185,"zone":"Pelham Parkway","borough":"Bronx"},"geometry":{"type":"Polygon","coordinates":[[[-73.84646,40.85864],[-73.83682,40.85728],[-73.83691,40.85701],[-73.83668,40.85665],[-73.835,40.85657],[-73.83819,40.85556],[-73.8405,40.85418],[-73.84149,40.85319],[-73.84494,40.84822],[-73.84497,40.8501],[-73.84431,40.85119],[-73.84969,40.85106],[-73.85305,40.84955],[-73.85457,40.85151],[-73.86069,40.84875],[-73.86251,40.84836],[-73.86304,40.85061],[-73.86519,40.85016],[-73.86612,40.85053],[-73.86861,40.85207],[-73.8699,40.85577],[-73.86819,40.85806],[-73.86808,40.85785],[-73.86759,40.85783],[-73.85664,40.85812],[-73.84931,40.85872],[-73.84646,40.85864]]]}},{"type":"Feature","id":186,"properties":{"id":186,"zone":"Penn Station/Madison Sq West","borough":"Manhattan"},"geometry":{"type":"Polygon","coordinates":[[[-73.98777,40.74979],[-73.99142,40.7448],[-73.9971,40.74721],[-73.99346,40.75219],[-73.98777,40.74979]]]}},{"type":"Feature","id":187,"properties":{"id":187,"zone":"Port Richmond","borough":"Staten Island"},"geometry":{"type":"MultiPolygon","coordinates":[[[[-74.13435,40.64189],[-74.13299,40.64142],[-74.1324,40.6417],[-74.13126,40.6416],[-74.13146,40.64131],[-74.13018,40.64072],[-74.12968,40.64139],[-74.12949,40.64135],[-74.12998,40.64073],[-74.12931,40.64034],[-74.12923,40.64048],[-74.12893,40.64041],[-74.12891,40.64119],[-74.12881,40.64023],[-74.12753,40.64016],[-74.12724,40.63977],[-74.12699,40.63911],[-74.12708,40.63812],[-74.12689,40.63721],[-74.12867,40.63735],[-74.12886,40.6367],[-74.12893,40.63458],[-74.13047,40.63168],[-74.1306,40.63136],[-74.13047,40.63089],[-74.13107,40.63115],[-74.13344,40.62907],[-74.13409,40.62954],[-74.13586,40.62806],[-74.13674,40.62866],[-74.13806,40.62757],[-74.13789,40.62745],[-74.13806,40.62707],[-74.13581,40.62506],[-74.13723,40.6243],[-74.13826,40.62424],[-74.13861,40.62177],[-74.13837,40.62174],[-74.13982,40.6163],[-74.14604,40.61701],[-74.14697,40.61015],[-74.15019,40.6095],[-74.15379,40.61226],[-74.15231,40.61716],[-74.14773,40.62214],[-74.14678,40.62361],[-74.14623,40.62493],[-74.14563,40.62673],[-74.14554,40.62783],[-74.14594,40.62782],[-74.14622,40.62911],[-74.14753,40.62939],[-74.14478,40.63795],[-74.1436,40.63851],[-74.14313,40.63968],[-74.14239,40.63964],[-74.1423,40.64031],[-74.14156,40.64037],[-74.14148,40.64009],[-74.14076,40.64059],[-74.13758,40.641],[-74.13737,40.6413],[-74.13435,40.64189]]],[[[-74.12117,40.64167],[-74.12128,40.64143],[-74.12131,40.64145],[-74.12117,40.64167]]],[[[-74.12155,40.64161],[-74.12176,40.64157],[-74.12176,40.64142],[-74.12178,40.64159],[-74.12155,40.64161]]],[[[-74.1211,40.64161],[-74.12118,40.64138],[-74.12121,40.6414],[-74.1211,40.64161]]],[[[-74.12131,40.6416],[-74.12137,40.64148],[-74.12133,40.64161],[-74.12131,40.6416]]],[[[-74.12199,40.64155],[-74.12181,40.64141],[-74.12184,40.64141],[-74.12199,40.64155]]],[[[-74.12271,40.64143],[-74.12272,40.64135],[-74.12276,40.64143],[-74.12271,40.64143]]],[[[-74.12613,40.64126],[-74.126,40.64023],[-74.1262,40.64126],[-74.12637,40.64133],[-74.12564,40.64142],[-74.12613,40.64126]]]]}},{"type":"Feature","id":188,"properties":{"id":188,"zone":"Prospect-Lefferts Gardens","borough":"Brooklyn"},"geometry":{"type":"Polygon","coordinates":[[[-73.95729,40.6643],[-73.95721,40.66352],[-73.94546,40.66423],[-73.9427,40.66406],[-73.94283,40.66285],[-73.93068,40.66362],[-73.92646,40.65981],[-73.92726,40.65934],[-73.92819,40.66018],[-73.92834,40.66006],[-73.92799,40.6568],[-73.95007,40.65542],[-73.94957,40.65081],[-73.95871,40.65039],[-73.95986,40.65563],[-73.9619,40.65487],[-73.96308,40.66213],[-73.96243,40.66313],[-73.96062,40.6633],[-73.96034,40.66411],[-73.95729,40.6643]]]}},{"type":"Feature","id":189,"properties":{"id":189,"zone":"Prospect Heights","borough":"Brooklyn"},"geometry":{"type":"Polygon","coordinates":[[[-73.96007,40.67488],[-73.96132,40.67141],[-73.96746,40.67293],[-73.96892,40.67294],[-73.96874,40.67409],[-73.96908,40.67484],[-73.96969,40.67536],[-73.9695,40.67591],[-73.97189,40.67639],[-73.97618,40.67806],[-73.97469,40.68027],[-73.97376,40.68303],[-73.96135,40.68046],[-73.96318,40.67553],[-73.96007,40.67488]]]}},{"type":"Feature","id":190,"properties":{"id":190,"zone":"Prospect Park","borough":"Brooklyn"},"geometry":{"type":"Polygon","coordinates":[[[-73.96308,40.66213],[-73.9619,40.65487],[-73.96621,40.65319],[-73.96465,40.65089],[-73.9714,40.64826],[-73.97211,40.65066],[-73.97266,40.65091],[-73.97266,40.65117],[-73.97233,40.6514],[-73.97437,40.65819],[-73.97958,40.66085],[-73.97993,40.66073],[-73.98023,40.66099],[-73.97935,40.66159],[-73.97182,40.67063],[-73.97041,40.67259],[-73.96966,40.67264],[-73.96866,40.67302],[-73.96746,40.67293],[-73.96259,40.67171],[-73.96096,40.66329],[-73.96243,40.66313],[-73.96308,40.66213]]]}},{"type":"Feature","id":191,"properties":{"id":191,"zone":"Queens Village","borough":"Queens"},"geometry":{"type":"Polygon","coordinates":[[[-73.73147,40.72741],[-73.72991,40.72327],[-73.72836,40.72361],[-73.72816,40.72308],[-73.73033,40.72216],[-73.72918,40.71917],[-73.72697,40.71071],[-73.72678,40.70306],[-73.73426,40.70322],[-73.7343,40.70248],[-73.74078,40.70268],[-73.7405,40.70343],[-73.74109,40.70348],[-73.74591,40.70229],[-73.745,40.70026],[-73.74773,40.69955],[-73.74618,40.69612],[-73.74863,40.69544],[-73.75019,40.69891],[-73.74931,40.69914],[-73.75205,40.70523],[-73.75047,40.70564],[-73.75371,40.71332],[-73.75726,40.71814],[-73.75233,40.72026],[-73.75301,40.7211],[-73.75577,40.72364],[-73.75497,40.72416],[-73.75509,40.72449],[-73.75548,40.72512],[-73.7567,40.72623],[-73.75442,40.72704],[-73.75184,40.72833],[-73.74981,40.72975],[-73.74672,40.73248],[-73.74649,40.73141],[-73.74556,40.73064],[-73.73147,40.72741]]]}},{"type":"Feature","id":192,"properties":{"id":192,"zone":"Queensboro Hill","borough":"Queens"},"geometry":{"type":"Polygon","coordinates":[[[-73.82426,40.75183],[-73.82108,40.74856],[-73.81782,40.74739],[-73.81575,40.74698],[-73.81537,40.74722],[-73.81416,40.74614],[-73.80751,40.75014],[-73.80288,40.74977],[-73.80277,40.74812],[-73.80335,40.74643],[-73.79468,40.74721],[-73.79446,40.74544],[-73.79454,40.74451],[-73.79543,40.74326],[-73.79723,40.7417],[-73.79726,40.74021],[-73.79629,40.73855],[-73.79672,40.73842],[-73.79644,40.73844],[-73.7964,40.73828],[-73.79822,40.73817],[-73.80658,40.73845],[-73.81322,40.7387],[-73.81505,40.73894],[-73.81497,40.73856],[-73.81608,40.73886],[-73.81633,40.73845],[-73.81678,40.73838],[-73.82006,40.73883],[-73.82435,40.73975],[-73.82497,40.73944],[-73.82559,40.73945],[-73.82585,40.73912],[-73.82687,40.73863],[-73.82794,40.73849],[-73.82809,40.73708],[-73.82947,40.73702],[-73.83054,40.73752],[-73.83143,40.73914],[-73.83113,40.74234],[-73.83586,40.74323],[-73.83595,40.74373],[-73.83544,40.74552],[-73.8346,40.74702],[-73.83392,40.74753],[-73.83125,40.74811],[-73.83122,40.74869],[-73.83092,40.74896],[-73.82923,40.74926],[-73.82766,40.74986],[-73.82584,40.74935],[-73.82565,40.75065],[-73.82577,40.75097],[-73.82426,40.75183]]]}},{"type":"Feature","id":193,"properties":{"id":193,"zone":"Queensbridge/Ravenswood","borough":"Queens"},"geometry":{"type":"Polygon","coordinates":[[[-73.93459,40.77022],[-73.93577,40.76905],[-73.93593,40.76778],[-73.93859,40.76682],[-73.93601,40.76588],[-73.937,40.76424],[-73.93398,40.76283],[-73.94405,40.75231],[-73.95081,40.75526],[-73.94571,40.76149],[-73.9435,40.7645],[-73.94131,40.76692],[-73.93984,40.76799],[-73.93937,40.76816],[-73.93896,40.76796],[-73.9382,40.76873],[-73.93681,40.7689],[-73.9364,40.76947],[-73.93574,40.76937],[-73.93524,40.76968],[-73.93469,40.77043],[-73.93515,40.77054],[-73.93501,40.77116],[-73.9349,40.77127],[-73.93425,40.77103],[-73.93459,40.77022]]]}},{"type":"Feature","id":194,"properties":{"id":194,"zone":"Randalls Island","borough":"Manhattan"},"geometry":{"type":"Polygon","coordinates":[[[-73.9164,40.79768],[-73.91545,40.79706],[-73.91444,40.79567],[-73.9138,40.79451],[-73.91378,40.79384],[-73.91514,40.79201],[-73.91631,40.79112],[-73.91617,40.79102],[-73.91685,40.79036],[-73.91711,40.79047],[-73.91856,40.7897],[-73.91851,40.78943],[-73.92219,40.78551],[-73.92285,40.78356],[-73.92412,40.78252],[-73.92467,40.78224],[-73.92572,40.78218],[-73.92732,40.78109],[-73.9281,40.78092],[-73.93105,40.7824],[-73.93502,40.78301],[-73.93598,40.78394],[-73.93605,40.78451],[-73.93571,40.78568],[-73.93241,40.78972],[-73.93224,40.78969],[-73.93084,40.79099],[-73.92972,40.79137],[-73.92807,40.79082],[-73.9261,40.79073],[-73.92616,40.79172],[-73.92657,40.79186],[-73.92561,40.7919],[-73.92674,40.79193],[-73.92633,40.7915],[-73.92657,40.79098],[-73.92787,40.79095],[-73.92714,40.79193],[-73.9278,40.792],[-73.92827,40.79233],[-73.92832,40.79309],[-73.92735,40.79446],[-73.92694,40.7955],[-73.92695,40.79671],[-73.92744,40.79771],[-73.92726,40.79892],[-73.92688,40.79994],[-73.9265,40.80037],[-73.92668,40.80045],[-73.92549,40.80196],[-73.92263,40.80187],[-73.92191,40.8015],[-73.92031,40.79938],[-73.9164,40.79768]]]}},{"type":"Feature","id":195,"properties":{"id":195,"zone":"Red Hook","borough":"Brooklyn"},"geometry":{"type":"Polygon","coordinates":[[[-74.00717,40.68636],[-74.00485,40.68567],[-74.00596,40.68336],[-74.00447,40.68099],[-74.00153,40.67727],[-74.00067,40.67556],[-74.00112,40.6757],[-74.00106,40.67556],[-73.99862,40.67183],[-74.0003,40.66872],[-74.00106,40.66895],[-74.00142,40.66836],[-74.00222,40.66858],[-74.00289,40.66735],[-74.00319,40.66726],[-74.00369,40.66743],[-74.00363,40.66757],[-74.0051,40.66798],[-74.00586,40.66799],[-74.00683,40.66605],[-74.00697,40.66605],[-74.00475,40.67072],[-74.00544,40.67092],[-74.00755,40.66705],[-74.0078,40.66716],[-74.00709,40.66859],[-74.00985,40.66852],[-74.01154,40.66509],[-74.01575,40.66457],[-74.0169,40.66485],[-74.01789,40.66585],[-74.01858,40.67039],[-74.01876,40.67108],[-74.01934,40.67162],[-74.01751,40.67103],[-74.01649,40.66493],[-74.01603,40.66486],[-74.01594,40.66547],[-74.01228,40.66573],[-74.01088,40.6686],[-74.01036,40.66864],[-74.01034,40.66908],[-74.01091,40.66919],[-74.01087,40.66971],[-74.01154,40.66978],[-74.01163,40.67058],[-74.01425,40.66973],[-74.01175,40.67066],[-74.01208,40.67093],[-74.01262,40.67084],[-74.01427,40.67138],[-74.01508,40.67069],[-74.0152,40.67075],[-74.01387,40.67188],[-74.01423,40.67213],[-74.01569,40.67104],[-74.01298,40.67333],[-74.01336,40.67359],[-74.01512,40.67216],[-74.01632,40.67291],[-74.01458,40.67441],[-74.01496,40.67468],[-74.01817,40.67194],[-74.0188,40.67225],[-74.01727,40.67361],[-74.01775,40.67405],[-74.01801,40.67391],[-74.0178,40.6741],[-74.01818,40.67446],[-74.01783,40.67526],[-74.0183,40.67546],[-74.01841,40.67537],[-74.01818,40.67529],[-74.01839,40.67511],[-74.01852,40.67527],[-74.01886,40.6751],[-74.01841,40.67552],[-74.0185,40.67584],[-74.01798,40.67595],[-74.01791,40.67651],[-74.01977,40.67661],[-74.01995,40.6771],[-74.01908,40.67714],[-74.01918,40.67783],[-74.01843,40.67791],[-74.01841,40.67841],[-74.01966,40.67839],[-74.01825,40.67855],[-74.01858,40.67898],[-74.01954,40.67897],[-74.01928,40.67965],[-74.0152,40.68198],[-74.01532,40.68211],[-74.01282,40.68362],[-74.01213,40.68291],[-74.01411,40.68171],[-74.01361,40.68122],[-74.01387,40.68101],[-74.01302,40.68041],[-74.00967,40.68327],[-74.01077,40.68436],[-74.01178,40.68376],[-74.01193,40.68389],[-74.00798,40.68628],[-74.00753,40.68607],[-74.00717,40.68636]]]}},{"type":"Feature","id":196,"properties":{"id":196,"zone":"Rego Park","borough":"Queens"},"geometry":{"type":"Polygon","coordinates":[[[-73.85763,40.72861],[-73.85772,40.72851],[-73.85741,40.72832],[-73.85809,40.72857],[-73.85942,40.72646],[-73.85727,40.72568],[-73.85805,40.72445],[-73.86204,40.72596],[-73.85991,40.72435],[-73.85868,40.72261],[-73.85777,40.71646],[-73.85729,40.71147],[-73.85976,40.71185],[-73.85963,40.71398],[-73.86004,40.71493],[-73.86524,40.71998],[-73.86929,40.72444],[-73.87085,40.72748],[-73.87146,40.72933],[-73.87509,40.73067],[-73.86447,40.73401],[-73.86462,40.73428],[-73.85887,40.73594],[-73.85626,40.73096],[-73.85851,40.73029],[-73.85763,40.72861]]]}},{"type":"Feature","id":197,"properties":{"id":197,"zone":"Richmond Hill","borough":"Queens"},"geometry":{"type":"Polygon","coordinates":[[[-73.83696,40.70421],[-73.83662,40.70342],[-73.83598,40.70345],[-73.8346,40.70393],[-73.83392,40.70235],[-73.83213,40.70279],[-73.83152,40.70139],[-73.82246,40.70366],[-73.81638,40.70245],[-73.81492,40.69942],[-73.81063,40.69195],[-73.82501,40.68795],[-73.82599,40.68995],[-73.82851,40.68924],[-73.82753,40.68724],[-73.83808,40.68424],[-73.83697,40.68199],[-73.84013,40.68115],[-73.84419,40.68947],[-73.84501,40.68924],[-73.84894,40.69756],[-73.84948,40.6982],[-73.84502,40.69936],[-73.84276,40.70066],[-73.84156,40.7011],[-73.83948,40.70269],[-73.83696,40.70421]]]}},{"type":"Feature","id":198,"properties":{"id":198,"zone":"Ridgewood","borough":"Queens"},"geometry":{"type":"Polygon","coordinates":[[[-73.90943,40.71758],[-73.90639,40.71736],[-73.90538,40.71288],[-73.88508,40.71216],[-73.88006,40.71265],[-73.87908,40.71036],[-73.87943,40.71028],[-73.87926,40.70991],[-73.87873,40.71003],[-73.87761,40.70717],[-73.88086,40.70658],[-73.88088,40.70645],[-73.88377,40.70629],[-73.88553,40.70645],[-73.88555,40.70615],[-73.88653,40.70623],[-73.88912,40.7056],[-73.895,40.69971],[-73.89485,40.69859],[-73.89578,40.69851],[-73.89558,40.69713],[-73.89838,40.69614],[-73.90003,40.69344],[-73.90039,40.69314],[-73.90123,40.69144],[-73.9058,40.69413],[-73.90426,40.6957],[-73.91181,40.69994],[-73.91068,40.70105],[-73.9129,40.70236],[-73.91181,40.70343],[-73.92189,40.7094],[-73.92075,40.71053],[-73.92155,40.71104],[-73.92169,40.71189],[-73.92223,40.71285],[-73.92404,40.71401],[-73.91078,40.71319],[-73.91016,40.71382],[-73.91283,40.71536],[-73.91221,40.71571],[-73.91048,40.71733],[-73.90966,40.71779],[-73.90943,40.71758]]]}},{"type":"Feature","id":199,"properties":{"id":199,"zone":"Rikers Island","borough":"Bronx"},"geometry":{"type":"Polygon","coordinates":[[[-73.889,40.79868],[-73.88821,40.79867],[-73.88839,40.79857],[-73.88823,40.79824],[-73.88756,40.79837],[-73.88665,40.79804],[-73.88376,40.79571],[-73.88362,40.79567],[-73.88366,40.79597],[-73.8832,40.79554],[-73.8821,40.79516],[-73.8798,40.79489],[-73.87837,40.79452],[-73.87583,40.79315],[-73.87449,40.79206],[-73.87288,40.79145],[-73.87175,40.79066],[-73.87121,40.79004],[-73.87081,40.7879],[-73.87163,40.7868],[-73.87309,40.78585],[-73.87653,40.78584],[-73.87831,40.78536],[-73.88537,40.78667],[-73.8877,40.78687],[-73.88905,40.78737],[-73.88961,40.7882],[-73.8903,40.78988],[-73.8908,40.79021],[-73.89213,40.79032],[-73.89282,40.79282],[-73.89179,40.79678],[-73.89073,40.79766],[-73.89087,40.79783],[-73.89062,40.79775],[-73.8908,40.79802],[-73.89061,40.79777],[-73.89017,40.79796],[-73.88921,40.7978],[-73.88835,40.79814],[-73.88856,40.79835],[-73.88839,40.79838],[-73.8885,40.79859],[-73.889,40.79868]]]}},{"type":"Feature","id":200,"properties":{"id":200,"zone":"Riverdale/North Riverdale/Fieldston","borough":"Bronx"},"geometry":{"type":"Polygon","coordinates":[[[-73.89663,40.91142],[-73.89636,40.9032],[-73.89716,40.89937],[-73.89643,40.89366],[-73.89788,40.89028],[-73.89854,40.89039],[-73.9009,40.88891],[-73.90286,40.88916],[-73.90414,40.88708],[-73.90739,40.88782],[-73.90796,40.88886],[-73.90901,40.8895],[-73.90976,40.88925],[-73.90982,40.889],[-73.91115,40.88828],[-73.91173,40.88822],[-73.91281,40.8864],[-73.91489,40.88462],[-73.91876,40.88557],[-73.9187,40.88689],[-73.92059,40.88718],[-73.91782,40.89442],[-73.91791,40.89468],[-73.91763,40.89494],[-73.91694,40.89664],[-73.91518,40.90158],[-73.91543,40.90181],[-73.91501,40.90308],[-73.91459,40.90412],[-73.91418,40.90414],[-73.91287,40.90754],[-73.91311,40.90784],[-73.91265,40.90807],[-73.91149,40.91223],[-73.91143,40.91282],[-73.91165,40.91342],[-73.91033,40.91553],[-73.90246,40.91296],[-73.89663,40.91142]]]}},{"type":"Feature","id":201,"properties":{"id":201,"zone":"Rockaway Park","borough":"Queens"},"geometry":{"type":"Polygon","coordinates":[[[-73.8185,40.58736],[-73.81788,40.58745],[-73.81545,40.58337],[-73.81751,40.58279],[-73.81731,40.58233],[-73.82223,40.58112],[-73.82717,40.57944],[-73.83387,40.57765],[-73.83778,40.57592],[-73.85713,40.56913],[-73.86255,40.56681],[-73.86287,40.56683],[-73.86309,40.5676],[-73.8641,40.56935],[-73.86454,40.56924],[-73.86663,40.57306],[-73.86361,40.57382],[-73.86341,40.57411],[-73.86397,40.57503],[-73.86275,40.57586],[-73.86288,40.57606],[-73.85306,40.58126],[-73.85044,40.58213],[-73.84861,40.58219],[-73.84521,40.58158],[-73.8393,40.58186],[-73.83897,40.58248],[-73.83855,40.58279],[-73.83584,40.58288],[-73.82852,40.58485],[-73.82804,40.58605],[-73.82476,40.58704],[-73.8248,40.58715],[-73.82294,40.58749],[-73.82146,40.58677],[-73.81913,40.58804],[-73.81898,40.58764],[-73.8185,40.58736]]]}},{"type":"Feature","id":202,"properties":{"id":202,"zone":"Roosevelt Island","borough":"Manhattan"},"geometry":{"type":"Polygon","coordinates":[[[-73.94112,40.76941],[-73.94286,40.7683],[-73.94943,40.76055],[-73.95178,40.7584],[-73.95254,40.7571],[-73.95791,40.75211],[-73.95904,40.75139],[-73.96117,40.7495],[-73.96158,40.74941],[-73.96111,40.7506],[-73.96001,40.75183],[-73.95902,40.7536],[-73.95846,40.75395],[-73.95339,40.7598],[-73.95312,40.76005],[-73.95298,40.75996],[-73.95209,40.76086],[-73.95094,40.76257],[-73.94997,40.76365],[-73.94909,40.76426],[-73.9457,40.76833],[-73.94548,40.76862],[-73.94556,40.7688],[-73.94525,40.76877],[-73.94472,40.76979],[-73.94213,40.77203],[-73.94089,40.77237],[-73.94027,40.77295],[-73.94008,40.77293],[-73.94028,40.7723],[-73.9402,40.77113],[-73.94036,40.7705],[-73.94112,40.76941]]]}},{"type":"Feature","id":203,"properties":{"id":203,"zone":"Rosedale","borough":"Queens"},"geometry":{"type":"Polygon","coordinates":[[[-73.72754,40.67393],[-73.72826,40.66807],[-73.72827,40.66643],[-73.72787,40.6647],[-73.72781,40.66322],[-73.72833,40.66304],[-73.72793,40.66175],[-73.72644,40.65916],[-73.72593,40.65773],[-73.72555,40.65504],[-73.72506,40.65351],[-73.72523,40.652],[-73.73051,40.65031],[-73.73514,40.64973],[-73.73904,40.6482],[-73.74144,40.64689],[-73.74166,40.6422],[-73.74205,40.64147],[-73.74142,40.6405],[-73.74227,40.64012],[-73.74126,40.6389],[-73.73947,40.63571],[-73.73996,40.63514],[-73.74001,40.63535],[-73.74171,40.63493],[-73.74247,40.63512],[-73.74239,40.63563],[-73.74259,40.63545],[-73.74244,40.63571],[-73.74096,40.6373],[-73.7413,40.6379],[-73.74189,40.63812],[-73.74273,40.63827],[-73.74397,40.63788],[-73.74352,40.63889],[-73.74373,40.63902],[-73.7448,40.63708],[-73.74471,40.63731],[-73.74563,40.63695],[-73.74626,40.63644],[-73.7465,40.63651],[-73.7468,40.6368],[-73.74659,40.63711],[-73.74516,40.63811],[-73.74533,40.63837],[-73.74567,40.63812],[-73.74551,40.63794],[-73.74704,40.63693],[-73.74676,40.63785],[-73.74685,40.63804],[-73.74659,40.63836],[-73.74632,40.63933],[-73.74616,40.64042],[-73.74636,40.6407],[-73.74631,40.64139],[-73.74729,40.64319],[-73.74875,40.64447],[-73.74878,40.64512],[-73.74945,40.64493],[-73.75171,40.6465],[-73.75327,40.64733],[-73.7534,40.64716],[-73.75323,40.64705],[-73.75354,40.6472],[-73.75329,40.64734],[-73.75428,40.64789],[-73.75488,40.64768],[-73.7546,40.6472],[-73.75522,40.64744],[-73.75484,40.64807],[-73.75411,40.6487],[-73.76406,40.65436],[-73.76319,40.6559],[-73.76243,40.65611],[-73.76184,40.65654],[-73.76166,40.65824],[-73.75923,40.6579],[-73.75681,40.65709],[-73.75607,40.65649],[-73.75295,40.65489],[-73.75109,40.65421],[-73.74867,40.65268],[-73.74333,40.65254],[-73.74329,40.65613],[-73.74487,40.65614],[-73.74506,40.65741],[-73.74853,40.65758],[-73.74733,40.65912],[-73.74679,40.65891],[-73.74685,40.6608],[-73.74451,40.66382],[-73.74405,40.66366],[-73.74282,40.66531],[-73.73955,40.66526],[-73.73891,40.66595],[-73.73856,40.6664],[-73.74118,40.6664],[-73.73776,40.67006],[-73.73593,40.67243],[-73.73625,40.67263],[-73.73597,40.67257],[-73.73506,40.67399],[-73.73303,40.6765],[-73.73106,40.67831],[-73.73047,40.67935],[-73.72951,40.68006],[-73.72852,40.68121],[-73.72718,40.6836],[-73.72586,40.68324],[-73.72563,40.67959],[-73.7262,40.67738],[-73.72754,40.67393]]]}},{"type":"Feature","id":204,"properties":{"id":204,"zone":"Rossville/Woodrow","borough":"Staten Island"},"geometry":{"type":"Polygon","coordinates":[[[-74.20326,40.55563],[-74.19985,40.54813],[-74.19174,40.53192],[-74.1991,40.5283],[-74.20071,40.52723],[-74.20153,40.52627],[-74.20277,40.52591],[-74.20755,40.52525],[-74.2092,40.52538],[-74.21028,40.52472],[-74.21143,40.52441],[-74.21567,40.52396],[-74.21574,40.52646],[-74.21685,40.52864],[-74.21801,40.5323],[-74.21832,40.53531],[-74.21771,40.53831],[-74.21777,40.54113],[-74.22132,40.55025],[-74.21912,40.55223],[-74.21778,40.55305],[-74.21784,40.55443],[-74.21509,40.5555],[-74.2135,40.55567],[-74.2122,40.55644],[-74.21051,40.55706],[-74.207,40.55757],[-74.20585,40.5575],[-74.20506,40.55728],[-74.20315,40.55606],[-74.20326,40.55563]]]}},{"type":"Feature","id":205,"properties":{"id":205,"zone":"Saint Albans","borough":"Queens"},"geometry":{"type":"Polygon","coordinates":[[[-73.76657,40.70275],[-73.76612,40.70233],[-73.76126,40.7036],[-73.76096,40.70291],[-73.75205,40.70523],[-73.74931,40.69914],[-73.75019,40.69891],[-73.74863,40.69544],[-73.74524,40.69637],[-73.74359,40.69622],[-73.74468,40.69341],[-73.74857,40.6878],[-73.75009,40.68592],[-73.75226,40.68149],[-73.75485,40.67793],[-73.75576,40.67589],[-73.75649,40.67602],[-73.75692,40.67653],[-73.76249,40.67419],[-73.76368,40.67475],[-73.7638,40.67377],[-73.7747,40.68049],[-73.7722,40.68161],[-73.77329,40.68345],[-73.77418,40.68324],[-73.77462,40.68399],[-73.77632,40.68522],[-73.777,40.68628],[-73.77967,40.68538],[-73.78149,40.6887],[-73.78234,40.68841],[-73.78327,40.68999],[-73.78078,40.69103],[-73.77977,40.68928],[-73.77789,40.68992],[-73.78024,40.69297],[-73.77944,40.69365],[-73.77784,40.69432],[-73.77396,40.69981],[-73.77231,40.70057],[-73.77507,40.70524],[-73.77559,40.70533],[-73.77549,40.70625],[-73.7749,40.70707],[-73.76845,40.70964],[-73.76826,40.70953],[-73.76734,40.70664],[-73.76657,40.70275]]]}},{"type":"Feature","id":206,"properties":{"id":206,"zone":"Saint George/New Brighton","borough":"Staten Island"},"geometry":{"type":"Polygon","coordinates":[[[-74.08221,40.64828],[-74.08142,40.6485],[-74.08073,40.64827],[-74.07981,40.64838],[-74.079,40.64814],[-74.07651,40.64697],[-74.07445,40.64507],[-74.07396,40.64519],[-74.07359,40.645],[-74.0735,40.64508],[-74.07386,40.64542],[-74.07334,40.64578],[-74.07325,40.6457],[-74.07369,40.64531],[-74.07324,40.64496],[-74.07303,40.64513],[-74.0732,40.64494],[-74.07306,40.64481],[-74.07343,40.645],[-74.07312,40.64471],[-74.0728,40.64491],[-74.07259,40.64479],[-74.0727,40.64465],[-74.07256,40.64472],[-74.07253,40.64456],[-74.07272,40.64462],[-74.0727,40.64444],[-74.07166,40.64503],[-74.07231,40.64458],[-74.07202,40.64441],[-74.07229,40.64427],[-74.07218,40.64411],[-74.07186,40.6442],[-74.07176,40.64401],[-74.07206,40.6439],[-74.07165,40.64379],[-74.0716,40.64346],[-74.07136,40.6435],[-74.07148,40.64329],[-74.07094,40.64335],[-74.07144,40.64327],[-74.07113,40.64321],[-74.0715,40.64313],[-74.07148,40.64281],[-74.07165,40.64268],[-74.07218,40.64271],[-74.07211,40.64246],[-74.07037,40.64269],[-74.07033,40.64253],[-74.07324,40.64218],[-74.07314,40.64185],[-74.07025,40.64221],[-74.07019,40.64201],[-74.07309,40.64164],[-74.07289,40.64092],[-74.07002,40.64128],[-74.06998,40.64107],[-74.07285,40.6408],[-74.07278,40.64053],[-74.07308,40.64051],[-74.07309,40.63862],[-74.07293,40.63859],[-74.07301,40.63841],[-74.07239,40.63825],[-74.07261,40.63814],[-74.07258,40.63794],[-74.07684,40.63775],[-74.07865,40.6383],[-74.08373,40.63574],[-74.08588,40.63669],[-74.08691,40.63586],[-74.08871,40.63685],[-74.0897,40.63568],[-74.09028,40.6355],[-74.09243,40.63558],[-74.09339,40.6366],[-74.09409,40.63927],[-74.09767,40.63896],[-74.09788,40.64036],[-74.0999,40.64016],[-74.10481,40.63898],[-74.10703,40.63871],[-74.10746,40.63844],[-74.10905,40.63818],[-74.10975,40.63787],[-74.115,40.63729],[-74.11519,40.63835],[-74.11766,40.63806],[-74.11746,40.63577],[-74.11614,40.6287],[-74.11326,40.62305],[-74.11791,40.62488],[-74.12013,40.62654],[-74.12126,40.62782],[-74.12216,40.62748],[-74.13131,40.62633],[-74.13014,40.62997],[-74.1306,40.63136],[-74.12993,40.63291],[-74.129,40.63433],[-74.12867,40.63735],[-74.12689,40.63721],[-74.12708,40.63812],[-74.12705,40.64024],[-74.12652,40.64037],[-74.1257,40.64016],[-74.12416,40.64013],[-74.12286,40.64082],[-74.12257,40.64062],[-74.12291,40.64102],[-74.1227,40.64135],[-74.12145,40.6415],[-74.12071,40.64105],[-74.11993,40.6412],[-74.11997,40.64131],[-74.11961,40.64138],[-74.11996,40.64221],[-74.11953,40.64147],[-74.1191,40.64147],[-74.1194,40.64238],[-74.119,40.64146],[-74.11862,40.64153],[-74.11896,40.6425],[-74.11884,40.64254],[-74.1184,40.64153],[-74.11801,40.64181],[-74.11805,40.64216],[-74.11763,40.64162],[-74.11717,40.64162],[-74.11751,40.64242],[-74.11714,40.6419],[-74.11672,40.64203],[-74.11722,40.64303],[-74.11667,40.64211],[-74.1163,40.6422],[-74.11667,40.64319],[-74.11614,40.64222],[-74.11572,40.64235],[-74.11623,40.64331],[-74.11565,40.64237],[-74.11535,40.64247],[-74.1138,40.64361],[-74.11395,40.64414],[-74.11289,40.64453],[-74.11389,40.64399],[-74.11333,40.64372],[-74.11116,40.6451],[-74.11177,40.64471],[-74.10974,40.64546],[-74.10472,40.64556],[-74.10412,40.64574],[-74.10168,40.64541],[-74.10162,40.64553],[-74.10164,40.6454],[-74.1001,40.64506],[-74.0988,40.64505],[-74.0985,40.64537],[-74.09605,40.64537],[-74.09299,40.64597],[-74.0894,40.64731],[-74.08767,40.64824],[-74.08571,40.64888],[-74.08484,40.64889],[-74.08221,40.64828]]]}},{"type":"Feature","id":207,"properties":{"id":207,"zone":"Saint Michaels Cemetery/Woodside","borough":"Queens"},"geometry":{"type":"Polygon","coordinates":[[[-73.90138,40.75964],[-73.90225,40.76264],[-73.90357,40.76578],[-73.90218,40.76732],[-73.90066,40.76721],[-73.8935,40.76595],[-73.89454,40.76536],[-73.89507,40.76433],[-73.89641,40.76315],[-73.89866,40.75992],[-73.90138,40.75964]]]}},{"type":"Feature","id":208,"properties":{"id":208,"zone":"Schuylerville/Edgewater Park","borough":"Bronx"},"geometry":{"type":"MultiPolygon","coordinates":[[[[-73.82624,40.84299],[-73.82585,40.83706],[-73.8254,40.83566],[-73.8256,40.83503],[-73.82622,40.83435],[-73.82601,40.83402],[-73.82516,40.83461],[-73.82463,40.83386],[-73.82379,40.8343],[-73.81606,40.83603],[-73.81553,40.83598],[-73.81606,40.83577],[-73.81601,40.83551],[-73.81557,40.83553],[-73.81608,40.83536],[-73.81608,40.83459],[-73.81566,40.83449],[-73.81603,40.83435],[-73.81601,40.83398],[-73.8157,40.83346],[-73.81574,40.83292],[-73.81529,40.83188],[-73.81503,40.83168],[-73.81488,40.83103],[-73.81447,40.83114],[-73.81484,40.83099],[-73.81476,40.83082],[-73.81452,40.83062],[-73.81391,40.83092],[-73.8139,40.83091],[-73.81451,40.83061],[-73.81431,40.83036],[-73.81386,40.83056],[-73.8143,40.83035],[-73.81387,40.82986],[-73.8137,40.82993],[-73.81367,40.82989],[-73.81389,40.82978],[-73.81357,40.82959],[-73.81361,40.82938],[-73.81338,40.82939],[-73.8135,40.82922],[-73.81339,40.82902],[-73.8129,40.82895],[-73.81318,40.8288],[-73.81284,40.82865],[-73.81275,40.82825],[-73.80993,40.82818],[-73.8101,40.82782],[-73.8103,40.82799],[-73.81106,40.82798],[-73.81104,40.82784],[-73.81025,40.82783],[-73.81004,40.82778],[-73.81182,40.82783],[-73.81106,40.82784],[-73.81107,40.82798],[-73.81171,40.82801],[-73.8126,40.82784],[-73.81265,40.82756],[-73.81385,40.8268],[-73.81372,40.82627],[-73.81292,40.82635],[-73.81399,40.82607],[-73.81395,40.82573],[-73.81342,40.82593],[-73.81394,40.82572],[-73.8138,40.8253],[-73.81334,40.82517],[-73.81211,40.82555],[-73.81328,40.82516],[-73.81315,40.82487],[-73.81404,40.82448],[-73.81389,40.82409],[-73.81327,40.82397],[-73.81281,40.82434],[-73.81275,40.82478],[-73.81232,40.82441],[-73.81177,40.82434],[-73.81164,40.8246],[-73.81103,40.82471],[-73.81087,40.82511],[-73.81076,40.8249],[-73.80965,40.82528],[-73.80909,40.82587],[-73.80783,40.82577],[-73.80767,40.8259],[-73.80698,40.82539],[-73.80656,40.82461],[-73.80678,40.82438],[-73.80652,40.8242],[-73.80679,40.82399],[-73.80675,40.82383],[-73.80646,40.8238],[-73.80669,40.82368],[-73.8066,40.82334],[-73.80624,40.82331],[-73.80651,40.82315],[-73.80645,40.823],[-73.8063,40.82284],[-73.80595,40.82288],[-73.80622,40.82266],[-73.80582,40.82177],[-73.80599,40.82082],[-73.80573,40.82018],[-73.80452,40.81893],[-73.80337,40.81825],[-73.80267,40.81824],[-73.80252,40.81853],[-73.80205,40.81855],[-73.80071,40.81805],[-73.80032,40.81756],[-73.79759,40.81651],[-73.79738,40.81576],[-73.79771,40.81551],[-73.79812,40.8157],[-73.79864,40.81546],[-73.79903,40.81554],[-73.80011,40.81402],[-73.80092,40.81376],[-73.80146,40.81294],[-73.80175,40.81287],[-73.8014,40.81236],[-73.80176,40.81286],[-73.80277,40.81246],[-73.80361,40.81252],[-73.80352,40.81292],[-73.80378,40.81281],[-73.80361,40.81304],[-73.80436,40.81361],[-73.80415,40.81373],[-73.80351,40.81294],[-73.80324,40.8133],[-73.80345,40.81335],[-73.80322,40.81336],[-73.80346,40.8134],[-73.80397,40.81397],[-73.80409,40.81395],[-73.80443,40.81429],[-73.80453,40.81425],[-73.80443,40.81432],[-73.80396,40.81399],[-73.80343,40.81342],[-73.80322,40.81337],[-73.80352,40.81395],[-73.80418,40.81459],[-73.80439,40.81454],[-73.80447,40.81489],[-73.80515,40.81567],[-73.80596,40.81604],[-73.80658,40.81659],[-73.80612,40.81595],[-73.80538,40.81548],[-73.80508,40.8152],[-73.80455,40.81463],[-73.80466,40.81454],[-73.80528,40.81538],[-73.8061,40.81592],[-73.80633,40.81614],[-73.80672,40.81658],[-73.80661,40.81666],[-73.80693,40.81657],[-73.80654,40.81589],[-73.80705,40.81653],[-73.80663,40.81568],[-73.8064,40.8157],[-73.80659,40.81562],[-73.80567,40.81521],[-73.80532,40.81478],[-73.80505,40.81289],[-73.80439,40.81223],[-73.80361,40.81194],[-73.80224,40.8102],[-73.80205,40.81016],[-73.80136,40.81071],[-73.80116,40.81059],[-73.80101,40.81071],[-73.80147,40.81014],[-73.80011,40.80971],[-73.79854,40.80959],[-73.79229,40.80685],[-73.7914,40.807],[-73.7913,40.80717],[-73.79152,40.80749],[-73.79086,40.80734],[-73.79073,40.80659],[-73.79012,40.80577],[-73.79006,40.80541],[-73.79028,40.80482],[-73.79104,40.80426],[-73.79225,40.804],[-73.79339,40.8042],[-73.79578,40.80616],[-73.79601,40.80592],[-73.79621,40.80597],[-73.7965,40.8061],[-73.79637,40.80628],[-73.79792,40.80669],[-73.80186,40.80897],[-73.80296,40.80908],[-73.80393,40.80853],[-73.80468,40.80923],[-73.80714,40.81066],[-73.80823,40.81189],[-73.80992,40.81293],[-73.8105,40.81296],[-73.81067,40.81276],[-73.81157,40.81305],[-73.81185,40.81294],[-73.81358,40.81332],[-73.81389,40.81359],[-73.81443,40.81352],[-73.81437,40.81294],[-73.8145,40.81291],[-73.81462,40.81297],[-73.81448,40.81352],[-73.81566,40.81351],[-73.8162,40.81385],[-73.81737,40.81357],[-73.81736,40.81338],[-73.81739,40.81357],[-73.81792,40.81354],[-73.81794,40.8133],[-73.81798,40.8133],[-73.81804,40.81353],[-73.81982,40.81318],[-73.82011,40.81286],[-73.82056,40.81302],[-73.82024,40.81243],[-73.82107,40.8122],[-73.82032,40.81244],[-73.82042,40.81264],[-73.82113,40.81245],[-73.82044,40.81266],[-73.82059,40.81302],[-73.82141,40.81287],[-73.82142,40.8127],[-73.82152,40.81285],[-73.8217,40.81266],[-73.82228,40.81266],[-73.82217,40.81235],[-73.82231,40.81266],[-73.82339,40.81236],[-73.82347,40.81219],[-73.82406,40.81217],[-73.82454,40.81199],[-73.82471,40.8117],[-73.82506,40.81183],[-73.82481,40.81144],[-73.82508,40.81182],[-73.82524,40.81176],[-73.82488,40.81127],[-73.82527,40.81175],[-73.82549,40.81166],[-73.82523,40.81121],[-73.82551,40.81165],[-73.82565,40.81159],[-73.82536,40.81103],[-73.82567,40.81158],[-73.82554,40.81102],[-73.82581,40.81153],[-73.8258,40.81121],[-73.82596,40.81147],[-73.82622,40.81128],[-73.82822,40.81142],[-73.83018,40.81083],[-73.83147,40.80978],[-73.83217,40.8085],[-73.83216,40.80747],[-73.83162,40.80663],[-73.83206,40.80636],[-73.83162,40.80494],[-73.83432,40.80516],[-73.83744,40.8062],[-73.83806,40.80704],[-73.83824,40.80818],[-73.84026,40.81144],[-73.84043,40.81254],[-73.84027,40.81328],[-73.83963,40.81401],[-73.83954,40.81582],[-73.83974,40.81641],[-73.83696,40.81634],[-73.8365,40.81871],[-73.83614,40.8192],[-73.83613,40.8235],[-73.83662,40.82711],[-73.83709,40.82897],[-73.84228,40.82865],[-73.84233,40.82907],[-73.84189,40.83071],[-73.83918,40.83316],[-73.83885,40.83369],[-73.83923,40.83674],[-73.83919,40.83871],[-73.83959,40.8388],[-73.83972,40.83957],[-73.83957,40.84055],[-73.83936,40.84088],[-73.83771,40.84041],[-73.83767,40.84112],[-73.83689,40.84337],[-73.83294,40.84352],[-73.83043,40.84386],[-73.82611,40.84534],[-73.82624,40.84299]]],[[[-73.83961,40.83571],[-73.83962,40.83567],[-73.83963,40.8357],[-73.83961,40.83571]]],[[[-73.83979,40.83562],[-73.83961,40.83561],[-73.83948,40.83457],[-73.83959,40.83456],[-73.83979,40.83562]]]]}},{"type":"Feature","id":209,"properties":{"id":209,"zone":"Seaport","borough":"Manhattan"},"geometry":{"type":"Polygon","coordinates":[[[-74.005,40.71201],[-74.00366,40.71149],[-73.99919,40.70795],[-74.00119,40.70686],[-74.00098,40.70642],[-74.00141,40.70618],[-74.00058,40.70543],[-74.00144,40.70487],[-74.00206,40.70542],[-74.00257,40.70552],[-74.00506,40.70879],[-74.00906,40.71089],[-74.0086,40.71139],[-74.00589,40.71201],[-74.005,40.71201]]]}},{"type":"Feature","id":210,"properties":{"id":210,"zone":"Sheepshead Bay","borough":"Brooklyn"},"geometry":{"type":"Polygon","coordinates":[[[-73.92957,40.59682],[-73.91806,40.58644],[-73.91919,40.58596],[-73.91961,40.58617],[-73.92017,40.58594],[-73.9204,40.58609],[-73.92082,40.586],[-73.92067,40.58577],[-73.92089,40.5859],[-73.92091,40.58559],[-73.92101,40.58575],[-73.9219,40.58569],[-73.92185,40.58584],[-73.92235,40.58602],[-73.92404,40.5859],[-73.92402,40.58577],[-73.92468,40.58564],[-73.9252,40.58581],[-73.92542,40.5862],[-73.92713,40.58754],[-73.92697,40.58735],[-73.92719,40.58756],[-73.92721,40.58772],[-73.92768,40.58736],[-73.92725,40.58775],[-73.92736,40.58802],[-73.92792,40.58755],[-73.92808,40.5877],[-73.92737,40.58804],[-73.9274,40.58821],[-73.9279,40.58795],[-73.92802,40.58807],[-73.92745,40.5883],[-73.92776,40.58866],[-73.92395,40.59114],[-73.9242,40.59136],[-73.9246,40.5912],[-73.92816,40.58883],[-73.92836,40.58897],[-73.92842,40.58893],[-73.92822,40.58878],[-73.92836,40.58887],[-73.92863,40.58857],[-73.92876,40.58867],[-73.92839,40.58886],[-73.92847,40.58893],[-73.92844,40.58903],[-73.92862,40.58912],[-73.92888,40.58885],[-73.92873,40.58915],[-73.92913,40.58888],[-73.92926,40.58893],[-73.92876,40.58915],[-73.92998,40.58952],[-73.92936,40.58925],[-73.92977,40.58929],[-73.93003,40.58943],[-73.93058,40.58989],[-73.9301,40.58961],[-73.9303,40.59004],[-73.93059,40.58995],[-73.93063,40.59025],[-73.93047,40.59006],[-73.93065,40.59029],[-73.93067,40.59059],[-73.93053,40.59033],[-73.93047,40.59086],[-73.93062,40.59092],[-73.93065,40.59062],[-73.93064,40.59094],[-73.93046,40.591],[-73.9307,40.59102],[-73.93045,40.59108],[-73.93073,40.59109],[-73.93037,40.59121],[-73.9306,40.59119],[-73.93041,40.59173],[-73.93061,40.59154],[-73.93045,40.59225],[-73.9304,40.59176],[-73.93036,40.59248],[-73.93036,40.59231],[-73.93018,40.59241],[-73.93035,40.59255],[-73.93019,40.59245],[-73.93002,40.59268],[-73.93021,40.59268],[-73.92991,40.59285],[-73.9301,40.59287],[-73.93005,40.593],[-73.92989,40.59287],[-73.92971,40.59312],[-73.93004,40.59306],[-73.92996,40.59331],[-73.92974,40.59314],[-73.92982,40.59337],[-73.93004,40.59335],[-73.92978,40.59344],[-73.93002,40.59409],[-73.93022,40.59397],[-73.93008,40.5936],[-73.93023,40.59393],[-73.93052,40.59388],[-73.93036,40.59398],[-73.93055,40.5942],[-73.9303,40.59394],[-73.93004,40.5941],[-73.93043,40.5944],[-73.93076,40.59438],[-73.93062,40.5942],[-73.93083,40.59441],[-73.93066,40.59446],[-73.93083,40.59443],[-73.93094,40.59446],[-73.93122,40.59418],[-73.93133,40.59428],[-73.93095,40.59447],[-73.93137,40.59453],[-73.93176,40.59428],[-73.93161,40.5945],[-73.93137,40.59455],[-73.93085,40.59445],[-73.93078,40.5945],[-73.93231,40.59492],[-73.93256,40.59476],[-73.93244,40.59484],[-73.9326,40.59493],[-73.93283,40.5948],[-73.93268,40.59424],[-73.93176,40.59283],[-73.93171,40.59305],[-73.93144,40.59217],[-73.93114,40.59201],[-73.9314,40.5918],[-73.93101,40.59193],[-73.93135,40.59179],[-73.93143,40.5916],[-73.93105,40.59173],[-73.93108,40.5916],[-73.93123,40.59164],[-73.93131,40.59136],[-73.93125,40.59164],[-73.93142,40.59159],[-73.93143,40.59124],[-73.93156,40.59129],[-73.93121,40.58953],[-73.93069,40.58882],[-73.93009,40.58899],[-73.93065,40.58867],[-73.9304,40.58847],[-73.92973,40.58861],[-73.93039,40.58844],[-73.92972,40.58756],[-73.93135,40.58733],[-73.93125,40.58685],[-73.92857,40.58706],[-73.92808,40.5867],[-73.92815,40.58618],[-73.92792,40.58614],[-73.92828,40.58611],[-73.92816,40.58586],[-73.92737,40.58601],[-73.92759,40.58625],[-73.92752,40.5864],[-73.9273,40.58587],[-73.92638,40.5853],[-73.92655,40.58558],[-73.92553,40.58498],[-73.92628,40.58535],[-73.92583,40.58495],[-73.92712,40.58488],[-73.93211,40.58629],[-73.93445,40.58665],[-73.94192,40.58552],[-73.94866,40.58489],[-73.95124,40.58492],[-73.95357,40.58531],[-73.95388,40.58572],[-73.96026,40.58503],[-73.96035,40.58731],[-73.95619,40.58776],[-73.957,40.592],[-73.95608,40.5921],[-73.95693,40.59661],[-73.94248,40.5982],[-73.94289,40.60032],[-73.93447,40.60123],[-73.93503,40.60173],[-73.93355,40.60269],[-73.92813,40.59778],[-73.92957,40.59682]]]}},{"type":"Feature","id":211,"properties":{"id":211,"zone":"SoHo","borough":"Manhattan"},"geometry":{"type":"Polygon","coordinates":[[[-73.99677,40.72543],[-74.00188,40.7194],[-74.00523,40.72174],[-74.00539,40.72204],[-74.00373,40.72625],[-74.00215,40.72804],[-73.99677,40.72543]]]}},{"type":"Feature","id":212,"properties":{"id":212,"zone":"Soundview/Bruckner","borough":"Bronx"},"geometry":{"type":"Polygon","coordinates":[[[-73.85615,40.82677],[-73.8844,40.82297],[-73.88465,40.82382],[-73.88461,40.82528],[-73.88439,40.82682],[-73.88378,40.82827],[-73.8773,40.82874],[-73.86085,40.83361],[-73.86033,40.8332],[-73.85739,40.8323],[-73.85615,40.82677]]]}},{"type":"Feature","id":213,"properties":{"id":213,"zone":"Soundview/Castle Hill","borough":"Bronx"},"geometry":{"type":"MultiPolygon","coordinates":[[[[-73.8365,40.81871],[-73.83696,40.81634],[-73.83974,40.81641],[-73.84003,40.81682],[-73.84019,40.81719],[-73.84005,40.81792],[-73.83893,40.819],[-73.83868,40.81959],[-73.83906,40.8198],[-73.83888,40.82214],[-73.83907,40.82225],[-73.83905,40.82269],[-73.83953,40.82304],[-73.83961,40.82386],[-73.84013,40.82432],[-73.84228,40.82865],[-73.83709,40.82897],[-73.83662,40.82711],[-73.83613,40.8235],[-73.83614,40.8192],[-73.8365,40.81871]]],[[[-73.8429,40.82857],[-73.84002,40.82219],[-73.83983,40.82157],[-73.8401,40.82032],[-73.84,40.81993],[-73.84037,40.81958],[-73.84199,40.81877],[-73.84209,40.81806],[-73.84374,40.81532],[-73.84521,40.81189],[-73.84577,40.81158],[-73.84617,40.81068],[-73.8472,40.81058],[-73.84821,40.81246],[-73.84939,40.81324],[-73.85041,40.81358],[-73.85114,40.8144],[-73.85247,40.81428],[-73.85242,40.81442],[-73.85291,40.8145],[-73.85265,40.81436],[-73.85261,40.81396],[-73.85289,40.81388],[-73.85287,40.81369],[-73.85337,40.81359],[-73.85435,40.81386],[-73.85515,40.81437],[-73.85538,40.81429],[-73.85443,40.81372],[-73.85347,40.81348],[-73.85256,40.81374],[-73.8512,40.81355],[-73.84955,40.81269],[-73.84903,40.81212],[-73.84938,40.81129],[-73.84919,40.81086],[-73.8498,40.81003],[-73.84991,40.80966],[-73.84977,40.80967],[-73.84976,40.80965],[-73.85002,40.80933],[-73.84985,40.80925],[-73.85004,40.80922],[-73.84997,40.80888],[-73.84973,40.80888],[-73.84995,40.80871],[-73.84955,40.80872],[-73.84997,40.80858],[-73.84961,40.80812],[-73.84876,40.80834],[-73.84952,40.80806],[-73.84842,40.80737],[-73.84838,40.80636],[-73.84754,40.80593],[-73.84749,40.80545],[-73.8479,40.805],[-73.84865,40.8047],[-73.84874,40.8049],[-73.84895,40.80476],[-73.84933,40.80505],[-73.84941,40.80467],[-73.84943,40.80506],[-73.84998,40.80506],[-73.8502,40.80451],[-73.85561,40.80447],[-73.85661,40.8048],[-73.85762,40.80537],[-73.85822,40.80607],[-73.85828,40.80664],[-73.85867,40.80683],[-73.85839,40.80826],[-73.85895,40.81027],[-73.85908,40.80998],[-73.86013,40.80961],[-73.85936,40.80899],[-73.85939,40.80817],[-73.85979,40.80911],[-73.86065,40.80964],[-73.8644,40.81028],[-73.86766,40.81058],[-73.86977,40.81342],[-73.87078,40.81449],[-73.87172,40.81492],[-73.87652,40.81613],[-73.87663,40.81571],[-73.87806,40.81618],[-73.88245,40.81927],[-73.8844,40.82297],[-73.85636,40.82675],[-73.8562,40.82604],[-73.85597,40.82606],[-73.85514,40.82244],[-73.8429,40.82408],[-73.84391,40.82841],[-73.8429,40.82857]]]]}},{"type":"Feature","id":214,"properties":{"id":214,"zone":"South Beach/Dongan Hills","borough":"Staten Island"},"geometry":{"type":"Polygon","coordinates":[[[-74.08588,40.59589],[-74.08377,40.59552],[-74.08173,40.59216],[-74.07847,40.5933],[-74.07888,40.59394],[-74.07044,40.59673],[-74.06728,40.59099],[-74.06663,40.59034],[-74.06578,40.59002],[-74.0658,40.58975],[-74.06436,40.58827],[-74.06478,40.58849],[-74.06722,40.58673],[-74.07021,40.58398],[-74.07145,40.58243],[-74.07149,40.58217],[-74.07066,40.58163],[-74.07147,40.58203],[-74.07178,40.58188],[-74.07499,40.57924],[-74.07351,40.5784],[-74.07332,40.57846],[-74.07336,40.57828],[-74.07355,40.5782],[-74.0735,40.57833],[-74.07508,40.57916],[-74.0758,40.57831],[-74.07523,40.578],[-74.07535,40.57789],[-74.07602,40.57824],[-74.0764,40.57799],[-74.0763,40.5779],[-74.07649,40.57796],[-74.07688,40.57764],[-74.07674,40.57737],[-74.07694,40.57753],[-74.07737,40.57728],[-74.07926,40.57567],[-74.07868,40.57508],[-74.07934,40.57563],[-74.08018,40.57518],[-74.08496,40.57126],[-74.08598,40.57224],[-74.10039,40.57969],[-74.09844,40.58124],[-74.10526,40.58592],[-74.10208,40.58874],[-74.10088,40.59018],[-74.10098,40.59183],[-74.10083,40.59263],[-74.10041,40.59334],[-74.0998,40.59387],[-74.09722,40.59537],[-74.09375,40.59674],[-74.09272,40.59746],[-74.09178,40.59872],[-74.09172,40.59922],[-74.08984,40.60077],[-74.08648,40.60127],[-74.08433,40.60187],[-74.08219,40.60194],[-74.08126,40.60068],[-74.0813,40.59939],[-74.08248,40.59833],[-74.08469,40.59751],[-74.08533,40.59701],[-74.08588,40.59589]]]}},{"type":"Feature","id":215,"properties":{"id":215,"zone":"South Jamaica","borough":"Queens"},"geometry":{"type":"Polygon","coordinates":[[[-73.78034,40.70541],[-73.77396,40.69981],[-73.77784,40.69432],[-73.77944,40.69365],[-73.78024,40.69297],[-73.77789,40.68992],[-73.77977,40.68928],[-73.78078,40.69103],[-73.7858,40.689],[-73.79038,40.68775],[-73.79391,40.6863],[-73.79561,40.68866],[-73.79995,40.68683],[-73.79898,40.68486],[-73.80577,40.68293],[-73.80734,40.68613],[-73.81063,40.69195],[-73.8089,40.69256],[-73.80642,40.69087],[-73.79786,40.69799],[-73.79572,40.69901],[-73.79358,40.69976],[-73.79261,40.70043],[-73.79187,40.70137],[-73.79239,40.70217],[-73.79116,40.70229],[-73.78966,40.70304],[-73.78257,40.70542],[-73.78034,40.70541]]]}},{"type":"Feature","id":216,"properties":{"id":216,"zone":"South Ozone Park","borough":"Queens"},"geometry":{"type":"Polygon","coordinates":[[[-73.81063,40.69195],[-73.80661,40.68468],[-73.80143,40.67367],[-73.80117,40.67221],[-73.80118,40.6691],[-73.80141,40.66736],[-73.80203,40.66525],[-73.80614,40.66491],[-73.80845,40.66446],[-73.81177,40.66293],[-73.81497,40.66247],[-73.82306,40.66354],[-73.82687,40.6637],[-73.83271,40.66541],[-73.83812,40.67663],[-73.83794,40.67679],[-73.84013,40.68115],[-73.83697,40.68199],[-73.83808,40.68424],[-73.82753,40.68724],[-73.82851,40.68924],[-73.82599,40.68995],[-73.82501,40.68795],[-73.81063,40.69195]]]}},{"type":"Feature","id":217,"properties":{"id":217,"zone":"South Williamsburg","borough":"Brooklyn"},"geometry":{"type":"Polygon","coordinates":[[[-73.9579,40.70843],[-73.95191,40.70636],[-73.94705,40.70366],[-73.95129,40.70092],[-73.95381,40.70318],[-73.95746,40.70082],[-73.95702,40.69897],[-73.96284,40.69804],[-73.96218,40.70022],[-73.96721,40.70426],[-73.96839,40.70683],[-73.96328,40.70773],[-73.95846,40.70725],[-73.9579,40.70843]]]}},{"type":"Feature","id":218,"properties":{"id":218,"zone":"Springfield Gardens North","borough":"Queens"},"geometry":{"type":"Polygon","coordinates":[[[-73.7747,40.68049],[-73.7638,40.67377],[-73.76368,40.67475],[-73.76249,40.67419],[-73.76031,40.67511],[-73.75857,40.67264],[-73.75636,40.67243],[-73.75644,40.66967],[-73.757,40.66774],[-73.75763,40.66645],[-73.77154,40.66796],[-73.77342,40.66803],[-73.78941,40.66684],[-73.78809,40.67301],[-73.78687,40.67282],[-73.78574,40.67239],[-73.78434,40.6747],[-73.78376,40.67532],[-73.77948,40.67836],[-73.77723,40.67965],[-73.7747,40.68049]]]}},{"type":"Feature","id":219,"properties":{"id":219,"zone":"Springfield Gardens South","borough":"Queens"},"geometry":{"type":"Polygon","coordinates":[[[-73.77154,40.66796],[-73.75602,40.66639],[-73.73856,40.6664],[-73.73955,40.66526],[-73.74282,40.66531],[-73.74405,40.66366],[-73.74451,40.66382],[-73.74685,40.6608],[-73.74679,40.65891],[-73.74733,40.65912],[-73.74853,40.65758],[-73.74506,40.65741],[-73.74487,40.65614],[-73.74329,40.65613],[-73.74333,40.65254],[-73.74867,40.65268],[-73.75109,40.65421],[-73.75295,40.65489],[-73.75607,40.65649],[-73.75681,40.65709],[-73.75923,40.6579],[-73.76166,40.65824],[-73.76184,40.65654],[-73.76243,40.65611],[-73.76319,40.6559],[-73.76406,40.65436],[-73.77419,40.65986],[-73.77671,40.66071],[-73.78076,40.66241],[-73.78322,40.66317],[-73.79582,40.66495],[-73.80203,40.66525],[-73.80156,40.66675],[-73.79919,40.66652],[-73.79739,40.66694],[-73.79307,40.66707],[-73.78941,40.66684],[-73.77342,40.66803],[-73.77154,40.66796]]]}},{"type":"Feature","id":220,"properties":{"id":220,"zone":"Spuyten Duyvil/Kingsbridge","borough":"Bronx"},"geometry":{"type":"Polygon","coordinates":[[[-73.89788,40.89028],[-73.89973,40.88651],[-73.89662,40.88596],[-73.89855,40.88437],[-73.90369,40.8785],[-73.90484,40.87564],[-73.90608,40.87324],[-73.90746,40.87355],[-73.90667,40.87572],[-73.90682,40.87662],[-73.90906,40.87849],[-73.91033,40.87904],[-73.91149,40.87902],[-73.91206,40.87812],[-73.91487,40.87664],[-73.91579,40.87572],[-73.91726,40.87581],[-73.91776,40.87566],[-73.91978,40.87642],[-73.92207,40.87857],[-73.92274,40.87891],[-73.92452,40.87906],[-73.9249,40.87889],[-73.92381,40.88032],[-73.92059,40.88718],[-73.9187,40.88689],[-73.91876,40.88557],[-73.91489,40.88462],[-73.91281,40.8864],[-73.91173,40.88822],[-73.91115,40.88828],[-73.90982,40.889],[-73.90976,40.88925],[-73.90901,40.8895],[-73.90796,40.88886],[-73.90739,40.88782],[-73.90414,40.88708],[-73.90286,40.88916],[-73.9009,40.88891],[-73.89835,40.89044],[-73.89788,40.89028]]]}},{"type":"Feature","id":221,"properties":{"id":221,"zone":"Stapleton","borough":"Staten Island"},"geometry":{"type":"Polygon","coordinates":[[[-74.07684,40.63775],[-74.07258,40.63794],[-74.07348,40.63779],[-74.07349,40.63723],[-74.07054,40.63747],[-74.07053,40.63713],[-74.07342,40.63689],[-74.07337,40.63661],[-74.07209,40.63665],[-74.07336,40.63654],[-74.07283,40.63367],[-74.07333,40.63206],[-74.07298,40.63031],[-74.06802,40.62879],[-74.06813,40.62854],[-74.07291,40.63],[-74.07229,40.62715],[-74.07278,40.62705],[-74.07226,40.62461],[-74.06976,40.62121],[-74.06649,40.6189],[-74.06596,40.61936],[-74.06641,40.61886],[-74.0662,40.61872],[-74.06557,40.61927],[-74.06545,40.6192],[-74.06668,40.61807],[-74.06642,40.61787],[-74.06605,40.6182],[-74.0657,40.61796],[-74.06547,40.61811],[-74.06496,40.61777],[-74.06426,40.61817],[-74.0651,40.61751],[-74.06444,40.61706],[-74.06391,40.61733],[-74.06433,40.61699],[-74.06376,40.6168],[-74.06377,40.6166],[-74.06131,40.61419],[-74.06034,40.6119],[-74.05985,40.6121],[-74.06002,40.61276],[-74.0602,40.61279],[-74.06,40.61278],[-74.05977,40.61206],[-74.06027,40.61182],[-74.05953,40.61171],[-74.05927,40.61149],[-74.0589,40.611],[-74.05909,40.61063],[-74.05716,40.60874],[-74.05686,40.60806],[-74.05789,40.60758],[-74.05779,40.60745],[-74.06517,40.60421],[-74.06351,40.60215],[-74.074,40.60573],[-74.07657,40.60612],[-74.08155,40.60629],[-74.07939,40.60908],[-74.07503,40.61638],[-74.07418,40.6173],[-74.07226,40.61852],[-74.07141,40.61943],[-74.07117,40.6207],[-74.07254,40.62246],[-74.08,40.61855],[-74.08721,40.61331],[-74.08747,40.61456],[-74.08782,40.61509],[-74.08783,40.61532],[-74.08627,40.61783],[-74.08496,40.62463],[-74.08415,40.62627],[-74.08299,40.62735],[-74.08084,40.62738],[-74.08052,40.6281],[-74.07972,40.62895],[-74.08173,40.63001],[-74.08141,40.6303],[-74.08491,40.63364],[-74.08575,40.63396],[-74.08444,40.63541],[-74.07879,40.63827],[-74.07837,40.63829],[-74.07684,40.63775]]]}},{"type":"Feature","id":222,"properties":{"id":222,"zone":"Starrett City","borough":"Brooklyn"},"geometry":{"type":"MultiPolygon","coordinates":[[[[-73.88221,40.65452],[-73.8761,40.64621],[-73.87458,40.64561],[-73.8762,40.64326],[-73.87842,40.63891],[-73.87931,40.64007],[-73.87989,40.64036],[-73.88026,40.64097],[-73.88048,40.64098],[-73.88074,40.64157],[-73.88029,40.6414],[-73.88003,40.64172],[-73.88007,40.642],[-73.88139,40.64235],[-73.88224,40.64345],[-73.88215,40.64374],[-73.88342,40.64452],[-73.88481,40.64395],[-73.88558,40.64404],[-73.88743,40.64594],[-73.88767,40.6465],[-73.88773,40.64714],[-73.88752,40.64742],[-73.88764,40.6478],[-73.88864,40.64802],[-73.88925,40.64875],[-73.89007,40.64932],[-73.89034,40.64935],[-73.89014,40.64917],[-73.89035,40.64903],[-73.89125,40.65003],[-73.89001,40.65115],[-73.88221,40.65452]]],[[[-73.88829,40.64672],[-73.88864,40.64708],[-73.88852,40.64736],[-73.8882,40.64714],[-73.88829,40.64672]]]]}},{"type":"Feature","id":223,"properties":{"id":223,"zone":"Steinway","borough":"Queens"},"geometry":{"type":"Polygon","coordinates":[[[-73.90649,40.79018],[-73.90206,40.78949],[-73.90033,40.78901],[-73.89694,40.78662],[-73.89651,40.78607],[-73.89635,40.78618],[-73.8965,40.78606],[-73.89604,40.7858],[-73.89624,40.78574],[-73.89614,40.78561],[-73.89598,40.78571],[-73.89593,40.78565],[-73.89613,40.78559],[-73.89583,40.78522],[-73.89875,40.78278],[-73.90115,40.78271],[-73.90218,40.78178],[-73.90268,40.78059],[-73.90258,40.78029],[-73.90234,40.78019],[-73.90218,40.78036],[-73.90204,40.7812],[-73.90129,40.78186],[-73.90035,40.78216],[-73.89865,40.782],[-73.89438,40.78424],[-73.89429,40.78412],[-73.89606,40.78316],[-73.89477,40.78225],[-73.89542,40.78172],[-73.89536,40.78166],[-73.8946,40.78225],[-73.89535,40.78165],[-73.89528,40.78154],[-73.89416,40.78247],[-73.89306,40.78185],[-73.89231,40.78247],[-73.89275,40.78297],[-73.89165,40.78219],[-73.89224,40.78241],[-73.89301,40.7818],[-73.89228,40.7813],[-73.89211,40.7814],[-73.89225,40.78125],[-73.89165,40.78084],[-73.89159,40.78057],[-73.89243,40.77986],[-73.89254,40.77955],[-73.89167,40.77949],[-73.89124,40.77895],[-73.8912,40.77856],[-73.89251,40.77739],[-73.89142,40.77634],[-73.89183,40.77488],[-73.89034,40.77324],[-73.88998,40.77372],[-73.88945,40.77353],[-73.88873,40.76892],[-73.88822,40.76859],[-73.88771,40.76684],[-73.89089,40.76586],[-73.89184,40.76623],[-73.89325,40.76627],[-73.8935,40.76595],[-73.90227,40.76746],[-73.90414,40.76752],[-73.90577,40.76803],[-73.91759,40.7699],[-73.91812,40.77003],[-73.9177,40.77039],[-73.92217,40.77355],[-73.92398,40.77462],[-73.92303,40.77538],[-73.92376,40.77655],[-73.91797,40.78126],[-73.91996,40.78264],[-73.91819,40.78393],[-73.91717,40.78419],[-73.91718,40.78455],[-73.91683,40.78519],[-73.91575,40.78611],[-73.91526,40.78619],[-73.91559,40.78643],[-73.9126,40.78938],[-73.91223,40.78918],[-73.91195,40.7894],[-73.91208,40.78952],[-73.91125,40.78974],[-73.91113,40.79011],[-73.90986,40.79095],[-73.90678,40.79038],[-73.90649,40.79018]]]}},{"type":"Feature","id":224,"properties":{"id":224,"zone":"Stuy Town/Peter Cooper Village","borough":"Manhattan"},"geometry":{"type":"Polygon","coordinates":[[[-73.97511,40.73539],[-73.97444,40.73532],[-73.97396,40.73342],[-73.97368,40.73321],[-73.97387,40.73307],[-73.97341,40.73128],[-73.97196,40.73],[-73.97152,40.72935],[-73.97141,40.72872],[-73.97169,40.72741],[-73.97149,40.72735],[-73.97163,40.72663],[-73.98256,40.73135],[-73.9785,40.73679],[-73.97511,40.73539]]]}},{"type":"Feature","id":225,"properties":{"id":225,"zone":"Stuyvesant Heights","borough":"Brooklyn"},"geometry":{"type":"Polygon","coordinates":[[[-73.91805,40.68721],[-73.9163,40.67858],[-73.92184,40.67895],[-73.92281,40.68341],[-73.92901,40.6827],[-73.92916,40.68344],[-73.93501,40.68276],[-73.93435,40.67956],[-73.94033,40.67989],[-73.94395,40.69822],[-73.93857,40.69885],[-73.93818,40.69864],[-73.91805,40.68721]]]}},{"type":"Feature","id":226,"properties":{"id":226,"zone":"Sunnyside","borough":"Queens"},"geometry":{"type":"Polygon","coordinates":[[[-73.90944,40.75076],[-73.91016,40.7485],[-73.91164,40.74868],[-73.91188,40.74822],[-73.91245,40.74592],[-73.91125,40.74578],[-73.91194,40.74238],[-73.91379,40.74251],[-73.91443,40.74053],[-73.91567,40.74078],[-73.91718,40.7369],[-73.91652,40.73676],[-73.9169,40.73544],[-73.91759,40.73524],[-73.91879,40.73197],[-73.91904,40.73201],[-73.91734,40.73138],[-73.91797,40.7285],[-73.91507,40.72797],[-73.91505,40.7286],[-73.91205,40.72851],[-73.91175,40.72991],[-73.91018,40.72928],[-73.90712,40.72742],[-73.91257,40.72324],[-73.91385,40.7229],[-73.91132,40.71962],[-73.92233,40.71659],[-73.92279,40.71753],[-73.92347,40.71813],[-73.92394,40.71904],[-73.92384,40.72015],[-73.92423,40.72089],[-73.92424,40.72143],[-73.92515,40.72234],[-73.92442,40.72359],[-73.92214,40.72371],[-73.92073,40.72331],[-73.92037,40.72368],[-73.92229,40.72418],[-73.92419,40.72428],[-73.9249,40.72451],[-73.92656,40.72567],[-73.92854,40.72788],[-73.92923,40.72826],[-73.93132,40.72873],[-73.93453,40.7291],[-73.93645,40.72967],[-73.93804,40.73051],[-73.93911,40.73138],[-73.93991,40.73328],[-73.94016,40.73349],[-73.94002,40.73354],[-73.94007,40.73376],[-73.94086,40.73507],[-73.94162,40.73584],[-73.94594,40.73751],[-73.94258,40.73882],[-73.9428,40.73886],[-73.94256,40.73902],[-73.94141,40.7393],[-73.93994,40.73869],[-73.93982,40.73845],[-73.9387,40.73814],[-73.93726,40.74518],[-73.9377,40.74524],[-73.94032,40.7444],[-73.9442,40.74288],[-73.94401,40.74364],[-73.94343,40.74423],[-73.94272,40.74458],[-73.94033,40.74541],[-73.93664,40.7482],[-73.9374,40.74892],[-73.93676,40.74915],[-73.93383,40.7516],[-73.93196,40.75197],[-73.92596,40.7521],[-73.91763,40.75386],[-73.91547,40.75379],[-73.91067,40.753],[-73.91035,40.75275],[-73.90944,40.75076]]]}},{"type":"Feature","id":227,"properties":{"id":227,"zone":"Sunset Park East","borough":"Brooklyn"},"geometry":{"type":"Polygon","coordinates":[[[-73.98906,40.64412],[-73.99551,40.63981],[-73.99918,40.64203],[-74.00736,40.63416],[-74.00556,40.63308],[-74.01,40.63011],[-74.0156,40.63352],[-74.01602,40.63332],[-74.01614,40.63436],[-74.01684,40.63536],[-74.01396,40.63815],[-74.01617,40.63948],[-74.00214,40.65296],[-73.99779,40.65029],[-73.99831,40.64974],[-73.98906,40.64412]]]}},{"type":"Feature","id":228,"properties":{"id":228,"zone":"Sunset Park West","borough":"Brooklyn"},"geometry":{"type":"Polygon","coordinates":[[[-73.99862,40.67183],[-73.99667,40.66874],[-73.99648,40.66893],[-73.9949,40.66679],[-73.99693,40.66437],[-73.99064,40.66058],[-73.98872,40.6624],[-73.98725,40.66038],[-73.99019,40.6576],[-73.99238,40.6589],[-73.99296,40.65834],[-73.99517,40.65967],[-74.01617,40.63948],[-74.01396,40.63815],[-74.01684,40.63536],[-74.02033,40.63757],[-74.02141,40.63858],[-74.02176,40.63982],[-74.02159,40.64057],[-74.02108,40.64149],[-74.02322,40.6399],[-74.02355,40.63932],[-74.02475,40.63812],[-74.02695,40.63945],[-74.02626,40.64009],[-74.02891,40.64117],[-74.02906,40.64173],[-74.03267,40.64372],[-74.03231,40.64357],[-74.03254,40.64383],[-74.03227,40.64407],[-74.0319,40.64389],[-74.03052,40.64527],[-74.02908,40.6444],[-74.02915,40.64458],[-74.02886,40.64487],[-74.02909,40.64458],[-74.0285,40.64418],[-74.02819,40.64441],[-74.02846,40.64416],[-74.02821,40.64402],[-74.02605,40.64626],[-74.02974,40.64849],[-74.02939,40.6488],[-74.02572,40.64662],[-74.02516,40.64714],[-74.02484,40.64694],[-74.02461,40.64715],[-74.02622,40.64825],[-74.02488,40.64741],[-74.02468,40.64761],[-74.02435,40.6474],[-74.02415,40.64762],[-74.02513,40.64832],[-74.02497,40.64861],[-74.02554,40.64978],[-74.02484,40.6506],[-74.02521,40.65082],[-74.02542,40.65062],[-74.02605,40.65099],[-74.02553,40.65148],[-74.02491,40.65111],[-74.0251,40.65089],[-74.02477,40.65069],[-74.02424,40.65113],[-74.0255,40.65184],[-74.02542,40.65193],[-74.02418,40.65119],[-74.02359,40.65132],[-74.02306,40.65097],[-74.02285,40.65117],[-74.02537,40.65272],[-74.02523,40.65283],[-74.02154,40.65067],[-74.02125,40.65083],[-74.02136,40.651],[-74.02113,40.65094],[-74.02105,40.6511],[-74.02234,40.65191],[-74.0209,40.65125],[-74.02381,40.65304],[-74.02359,40.65322],[-74.02196,40.65222],[-74.02162,40.65232],[-74.02119,40.65284],[-74.0232,40.6541],[-74.02306,40.65423],[-74.0221,40.65359],[-74.02163,40.65365],[-74.02115,40.65421],[-74.02182,40.65466],[-74.02164,40.65488],[-74.02047,40.65422],[-74.01919,40.65402],[-74.01862,40.65349],[-74.01812,40.65389],[-74.02026,40.65512],[-74.02005,40.65534],[-74.01787,40.65406],[-74.01715,40.65478],[-74.0198,40.65649],[-74.01971,40.65658],[-74.01727,40.65519],[-74.01692,40.65548],[-74.01665,40.65534],[-74.01639,40.65562],[-74.01911,40.65737],[-74.01861,40.65785],[-74.01585,40.65621],[-74.01544,40.65663],[-74.01787,40.65831],[-74.01769,40.65845],[-74.01505,40.65695],[-74.01442,40.65761],[-74.01746,40.65945],[-74.01554,40.66076],[-74.014,40.65981],[-74.01366,40.66003],[-74.01184,40.65891],[-74.01111,40.65971],[-74.01402,40.66153],[-74.01316,40.66198],[-74.01265,40.66198],[-74.0086,40.65952],[-74.00746,40.66056],[-74.01037,40.6624],[-74.01046,40.66264],[-74.00955,40.66327],[-74.00868,40.66337],[-74.00616,40.66185],[-74.00569,40.66227],[-74.00428,40.66144],[-74.00415,40.66156],[-74.00623,40.66279],[-74.00592,40.66311],[-74.00381,40.66191],[-74.00349,40.66224],[-74.00455,40.66282],[-74.00473,40.6625],[-74.00536,40.66287],[-74.00497,40.66307],[-74.00519,40.6632],[-74.00538,40.66288],[-74.006,40.66326],[-74.00561,40.66346],[-74.00772,40.66472],[-74.00731,40.6646],[-74.00713,40.66492],[-74.00652,40.66455],[-74.00688,40.66434],[-74.00663,40.66419],[-74.00645,40.66451],[-74.00584,40.66414],[-74.0062,40.66393],[-74.00605,40.66384],[-74.00576,40.66392],[-74.00585,40.6645],[-74.00564,40.66453],[-74.00565,40.6639],[-74.00363,40.66273],[-74.0034,40.66299],[-74.00459,40.66374],[-74.00432,40.66405],[-74.00528,40.66466],[-74.00486,40.66506],[-74.00114,40.6629],[-74.00083,40.66301],[-73.99953,40.6644],[-74.00292,40.66646],[-74.00224,40.66679],[-74.00162,40.66677],[-74.00121,40.66702],[-74.00146,40.66717],[-74.00069,40.66755],[-73.99998,40.66745],[-73.99903,40.66844],[-73.99903,40.66901],[-73.99924,40.66831],[-73.99908,40.66904],[-73.99866,40.66951],[-73.99892,40.6698],[-73.99856,40.67134],[-73.99877,40.6716],[-73.99862,40.67183]]]}},{"type":"Feature","id":229,"properties":{"id":229,"zone":"Sutton Place/Turtle Bay North","borough":"Manhattan"},"geometry":{"type":"Polygon","coordinates":[[[-73.96163,40.75515],[-73.96482,40.7516],[-73.96522,40.75181],[-73.96519,40.75195],[-73.96707,40.75262],[-73.96662,40.75324],[-73.97122,40.75519],[-73.96658,40.76155],[-73.95878,40.75827],[-73.96066,40.75592],[-73.96163,40.75515]]]}},{"type":"Feature","id":230,"properties":{"id":230,"zone":"Times Sq/Theatre District","borough":"Manhattan"},"geometry":{"type":"Polygon","coordinates":[[[-73.9786,40.7624],[-73.98412,40.75484],[-73.98979,40.75723],[-73.98428,40.76479],[-73.9786,40.7624]]]}},{"type":"Feature","id":231,"properties":{"id":231,"zone":"TriBeCa/Civic Center","borough":"Manhattan"},"geometry":{"type":"Polygon","coordinates":[[[-74.01102,40.72579],[-73.99996,40.71802],[-74.00272,40.71439],[-74.00486,40.71245],[-74.00835,40.71136],[-74.01375,40.71369],[-74.01244,40.71906],[-74.01303,40.71913],[-74.01291,40.71971],[-74.01345,40.71978],[-74.01339,40.72004],[-74.01457,40.72027],[-74.01452,40.72053],[-74.01297,40.72033],[-74.01287,40.72083],[-74.01324,40.72089],[-74.01308,40.72155],[-74.01254,40.7215],[-74.01196,40.72433],[-74.01135,40.72428],[-74.01102,40.72579]]]}},{"type":"Feature","id":232,"properties":{"id":232,"zone":"Two Bridges/Seward Park","borough":"Manhattan"},"geometry":{"type":"Polygon","coordinates":[[[-73.97636,40.71913],[-73.97474,40.71884],[-73.97348,40.71886],[-73.9745,40.71604],[-73.97612,40.71246],[-73.97682,40.71142],[-73.97782,40.71065],[-73.98128,40.71022],[-73.98124,40.70982],[-73.98839,40.70913],[-73.98874,40.70997],[-73.99194,40.70959],[-73.99205,40.70978],[-73.99178,40.70982],[-73.99256,40.71439],[-73.99076,40.71455],[-73.99022,40.7144],[-73.98915,40.71671],[-73.98837,40.71645],[-73.98675,40.71959],[-73.98507,40.71908],[-73.98382,40.72147],[-73.97636,40.71913]]]}},{"type":"Feature","id":233,"properties":{"id":233,"zone":"UN/Turtle Bay South","borough":"Manhattan"},"geometry":{"type":"MultiPolygon","coordinates":[[[[-73.96707,40.75262],[-73.96519,40.75195],[-73.96522,40.75181],[-73.96482,40.7516],[-73.96837,40.74743],[-73.96823,40.74737],[-73.96869,40.74681],[-73.97079,40.74441],[-73.97094,40.74447],[-73.97113,40.74419],[-73.9707,40.74399],[-73.97118,40.7441],[-73.97136,40.74384],[-73.97109,40.74366],[-73.97123,40.74341],[-73.97136,40.74354],[-73.97168,40.74305],[-73.97351,40.74378],[-73.97122,40.74692],[-73.97583,40.74886],[-73.97122,40.75519],[-73.96662,40.75324],[-73.96707,40.75262]]],[[[-73.96416,40.74687],[-73.96445,40.74641],[-73.96458,40.74645],[-73.96416,40.74687]]]]}},{"type":"Feature","id":234,"properties":{"id":234,"zone":"Union Sq","borough":"Manhattan"},"geometry":{"type":"Polygon","coordinates":[[[-73.98992,40.73535],[-73.9899,40.73443],[-73.99684,40.73736],[-73.99052,40.74604],[-73.98407,40.74332],[-73.98992,40.73535]]]}},{"type":"Feature","id":235,"properties":{"id":235,"zone":"University Heights/Morris Heights","borough":"Bronx"},"geometry":{"type":"Polygon","coordinates":[[[-73.90948,40.86181],[-73.91076,40.86074],[-73.91328,40.85962],[-73.91057,40.85862],[-73.9098,40.85761],[-73.90976,40.85718],[-73.90777,40.85961],[-73.90726,40.85935],[-73.9068,40.85937],[-73.90487,40.85869],[-73.90566,40.8574],[-73.90468,40.85706],[-73.90557,40.85579],[-73.91058,40.85018],[-73.91416,40.84518],[-73.92478,40.84475],[-73.92808,40.84539],[-73.92683,40.84729],[-73.92465,40.84979],[-73.92395,40.85122],[-73.92256,40.85319],[-73.92175,40.85421],[-73.92154,40.85411],[-73.92134,40.85432],[-73.92152,40.85451],[-73.9208,40.85538],[-73.9203,40.85525],[-73.92053,40.85569],[-73.91957,40.85684],[-73.91776,40.85871],[-73.91721,40.85893],[-73.91423,40.86249],[-73.91279,40.86187],[-73.91076,40.86165],[-73.90904,40.86268],[-73.90948,40.86181]]]}},{"type":"Feature","id":236,"properties":{"id":236,"zone":"Upper East Side North","borough":"Manhattan"},"geometry":{"type":"Polygon","coordinates":[[[-73.94933,40.78519],[-73.95826,40.77297],[-73.96469,40.77568],[-73.95578,40.78791],[-73.94933,40.78519]]]}},{"type":"Feature","id":237,"properties":{"id":237,"zone":"Upper East Side South","borough":"Manhattan"},"geometry":{"type":"Polygon","coordinates":[[[-73.95826,40.77297],[-73.96658,40.76155],[-73.97301,40.76428],[-73.96469,40.77568],[-73.95826,40.77297]]]}},{"type":"Feature","id":238,"properties":{"id":238,"zone":"Upper West Side North","borough":"Manhattan"},"geometry":{"type":"Polygon","coordinates":[[[-73.96418,40.79236],[-73.96934,40.78529],[-73.98189,40.79052],[-73.9764,40.79827],[-73.96942,40.79536],[-73.96987,40.79474],[-73.96418,40.79236]]]}},{"type":"Feature","id":239,"properties":{"id":239,"zone":"Upper West Side South","borough":"Manhattan"},"geometry":{"type":"Polygon","coordinates":[[[-73.98189,40.79052],[-73.96934,40.78529],[-73.975,40.77753],[-73.98507,40.78178],[-73.98568,40.78031],[-73.98813,40.7814],[-73.98547,40.78536],[-73.98617,40.78607],[-73.98712,40.78521],[-73.98613,40.78624],[-73.98543,40.78541],[-73.98508,40.78592],[-73.98577,40.7862],[-73.98568,40.78631],[-73.98502,40.78601],[-73.98466,40.78653],[-73.98595,40.78649],[-73.98462,40.78659],[-73.98189,40.79052]]]}},{"type":"Feature","id":240,"properties":{"id":240,"zone":"Van Cortlandt Park","borough":"Bronx"},"geometry":{"type":"Polygon","coordinates":[[[-73.87644,40.89687],[-73.87712,40.89547],[-73.87481,40.89573],[-73.87049,40.89664],[-73.86492,40.89575],[-73.86136,40.89466],[-73.86276,40.89162],[-73.86621,40.88538],[-73.86605,40.88429],[-73.86885,40.87859],[-73.86919,40.8785],[-73.86943,40.87813],[-73.87094,40.87851],[-73.87024,40.88023],[-73.87084,40.88044],[-73.87495,40.87995],[-73.87479,40.88008],[-73.87468,40.88156],[-73.87813,40.88215],[-73.87761,40.88452],[-73.87783,40.88677],[-73.87804,40.88712],[-73.88124,40.88271],[-73.88275,40.8834],[-73.88422,40.8832],[-73.88683,40.88434],[-73.88759,40.88426],[-73.89973,40.88651],[-73.89676,40.89265],[-73.89643,40.89366],[-73.89716,40.89937],[-73.89636,40.9032],[-73.89663,40.91142],[-73.86789,40.90299],[-73.8682,40.90236],[-73.8701,40.90074],[-73.87482,40.89845],[-73.87644,40.89687]]]}},{"type":"Feature","id":241,"properties":{"id":241,"zone":"Van Cortlandt Village","borough":"Bronx"},"geometry":{"type":"Polygon","coordinates":[[[-73.89662,40.88596],[-73.88759,40.88426],[-73.88705,40.88435],[-73.88723,40.88305],[-73.88694,40.88268],[-73.88717,40.88258],[-73.88595,40.88051],[-73.88568,40.87887],[-73.88774,40.87703],[-73.88937,40.87338],[-73.88794,40.87203],[-73.89157,40.86968],[-73.89438,40.86607],[-73.8974,40.86747],[-73.89656,40.86857],[-73.89892,40.86966],[-73.8996,40.86873],[-73.89942,40.86788],[-73.90236,40.8687],[-73.90375,40.8696],[-73.90449,40.87058],[-73.90447,40.87242],[-73.90608,40.87324],[-73.90484,40.87564],[-73.90369,40.8785],[-73.89855,40.88437],[-73.89662,40.88596]]]}},{"type":"Feature","id":242,"properties":{"id":242,"zone":"Van Nest/Morris Park","borough":"Bronx"},"geometry":{"type":"Polygon","coordinates":[[[-73.83556,40.85196],[-73.8362,40.84583],[-73.83677,40.84354],[-73.83767,40.84112],[-73.83771,40.84041],[-73.83936,40.84088],[-73.84204,40.84065],[-73.84458,40.83854],[-73.85052,40.84279],[-73.86347,40.84131],[-73.86725,40.84034],[-73.86921,40.8396],[-73.8736,40.8398],[-73.871,40.84311],[-73.86804,40.84481],[-73.86864,40.84531],[-73.86866,40.84626],[-73.86893,40.84688],[-73.86835,40.84708],[-73.86786,40.84886],[-73.86921,40.84924],[-73.86823,40.85091],[-73.86861,40.85207],[-73.86612,40.85053],[-73.86519,40.85016],[-73.86304,40.85061],[-73.86251,40.84836],[-73.86069,40.84875],[-73.85457,40.85151],[-73.85305,40.84955],[-73.84969,40.85106],[-73.84431,40.85119],[-73.84497,40.8501],[-73.84494,40.84822],[-73.84149,40.85319],[-73.8405,40.85418],[-73.83819,40.85556],[-73.835,40.85657],[-73.83668,40.85665],[-73.83691,40.85701],[-73.83682,40.85728],[-73.82987,40.85974],[-73.82847,40.86073],[-73.83111,40.85752],[-73.83284,40.85604],[-73.83129,40.85543],[-73.8335,40.85468],[-73.83464,40.85382],[-73.83556,40.85196]]]}},{"type":"Feature","id":243,"properties":{"id":243,"zone":"Washington Heights North","borough":"Manhattan"},"geometry":{"type":"Polygon","coordinates":[[[-73.93157,40.86958],[-73.93141,40.86896],[-73.92727,40.86553],[-73.92474,40.86159],[-73.925,40.86146],[-73.92502,40.8607],[-73.92529,40.86013],[-73.92677,40.85891],[-73.9271,40.85828],[-73.92691,40.85751],[-73.92664,40.85793],[-73.92618,40.85815],[-73.92519,40.85803],[-73.92479,40.85749],[-73.92467,40.85681],[-73.9277,40.85249],[-73.92703,40.8522],[-73.92708,40.85143],[-73.92748,40.85069],[-73.92887,40.84939],[-73.92971,40.84812],[-73.93062,40.84848],[-73.93139,40.84743],[-73.9364,40.84954],[-73.93575,40.85017],[-73.93957,40.85128],[-73.94126,40.85139],[-73.94204,40.85193],[-73.9429,40.851],[-73.94318,40.8498],[-73.94693,40.85053],[-73.94652,40.85097],[-73.94627,40.85084],[-73.94612,40.85117],[-73.94565,40.85121],[-73.94467,40.85192],[-73.94433,40.85182],[-73.94348,40.85228],[-73.94187,40.85387],[-73.94029,40.85664],[-73.93911,40.85804],[-73.93831,40.85938],[-73.93753,40.8601],[-73.93648,40.86193],[-73.93402,40.86504],[-73.93266,40.86724],[-73.9329,40.86729],[-73.93284,40.86742],[-73.93252,40.86741],[-73.93227,40.86856],[-73.93249,40.86868],[-73.93265,40.86847],[-73.93252,40.86872],[-73.93225,40.86864],[-73.93231,40.86892],[-73.93257,40.86898],[-73.93219,40.86937],[-73.93247,40.86948],[-73.93235,40.86976],[-73.93236,40.86951],[-73.93213,40.86942],[-73.9322,40.86984],[-73.93157,40.86958]]]}},{"type":"Feature","id":244,"properties":{"id":244,"zone":"Washington Heights South","borough":"Manhattan"},"geometry":{"type":"Polygon","coordinates":[[[-73.94126,40.85139],[-73.93957,40.85128],[-73.93575,40.85017],[-73.9364,40.84954],[-73.93139,40.84743],[-73.93557,40.84171],[-73.93563,40.84128],[-73.93501,40.83985],[-73.93506,40.83933],[-73.93638,40.83785],[-73.93804,40.83429],[-73.93948,40.83301],[-73.94025,40.83184],[-73.94035,40.83046],[-73.94942,40.83436],[-73.95016,40.8344],[-73.94955,40.8366],[-73.94928,40.83674],[-73.94954,40.83688],[-73.94856,40.83956],[-73.94738,40.84194],[-73.94612,40.84389],[-73.94617,40.84539],[-73.94652,40.846],[-73.94635,40.84624],[-73.94682,40.84713],[-73.94664,40.84891],[-73.94703,40.85004],[-73.94696,40.85047],[-73.94318,40.8498],[-73.9429,40.851],[-73.94204,40.85193],[-73.94126,40.85139]]]}},{"type":"Feature","id":245,"properties":{"id":245,"zone":"West Brighton","borough":"Staten Island"},"geometry":{"type":"Polygon","coordinates":[[[-74.09788,40.64036],[-74.09767,40.63896],[-74.09409,40.63927],[-74.09339,40.6366],[-74.09243,40.63558],[-74.09028,40.6355],[-74.0897,40.63568],[-74.08871,40.63685],[-74.08691,40.63586],[-74.08588,40.63669],[-74.08373,40.63574],[-74.08444,40.63541],[-74.08836,40.63073],[-74.08934,40.62992],[-74.09224,40.62574],[-74.10004,40.61936],[-74.10255,40.61685],[-74.10351,40.61642],[-74.10519,40.61828],[-74.10609,40.61898],[-74.11094,40.62119],[-74.11326,40.62305],[-74.11614,40.6287],[-74.11746,40.63577],[-74.11766,40.63806],[-74.11519,40.63835],[-74.115,40.63729],[-74.10975,40.63787],[-74.10905,40.63818],[-74.10746,40.63844],[-74.10703,40.63871],[-74.10481,40.63898],[-74.0999,40.64016],[-74.09788,40.64036]]]}},{"type":"Feature","id":246,"properties":{"id":246,"zone":"West Chelsea/Hudson Yards","borough":"Manhattan"},"geometry":{"type":"Polygon","coordinates":[[[-74.0044,40.76267],[-74.0022,40.76173],[-74.00153,40.76264],[-74.00128,40.76208],[-73.99547,40.75963],[-74.0082,40.74215],[-74.00917,40.74242],[-74.00909,40.74289],[-74.00962,40.74295],[-74.00958,40.74326],[-74.01214,40.74353],[-74.01202,40.74394],[-74.00951,40.74368],[-74.00944,40.74397],[-74.0089,40.74392],[-74.00873,40.74486],[-74.00961,40.745],[-74.00956,40.74529],[-74.00992,40.74533],[-74.01,40.74496],[-74.00987,40.74492],[-74.01017,40.74494],[-74.00997,40.74532],[-74.01047,40.74539],[-74.01055,40.74501],[-74.01042,40.74498],[-74.01076,40.74501],[-74.01059,40.74502],[-74.01053,40.74538],[-74.0111,40.74545],[-74.01117,40.74508],[-74.01104,40.74505],[-74.01139,40.74507],[-74.01123,40.74508],[-74.01115,40.74545],[-74.01174,40.74552],[-74.01167,40.74511],[-74.01184,40.74513],[-74.01168,40.74598],[-74.00946,40.74575],[-74.00937,40.74634],[-74.01153,40.74658],[-74.0115,40.74699],[-74.00924,40.74676],[-74.00914,40.74736],[-74.01136,40.74759],[-74.01133,40.748],[-74.00906,40.74779],[-74.00895,40.74841],[-74.01122,40.7487],[-74.01111,40.74905],[-74.00995,40.74893],[-74.00956,40.74994],[-74.01081,40.75032],[-74.00925,40.74999],[-74.00853,40.75188],[-74.00914,40.7521],[-74.00865,40.75194],[-74.00911,40.75214],[-74.00906,40.75221],[-74.00893,40.75214],[-74.00858,40.75204],[-74.00934,40.75236],[-74.00848,40.75202],[-74.00843,40.75216],[-74.00999,40.75282],[-74.00997,40.75293],[-74.00879,40.75235],[-74.00869,40.75249],[-74.00835,40.75235],[-74.00762,40.75428],[-74.00774,40.75434],[-74.00747,40.75448],[-74.00728,40.75474],[-74.00741,40.75479],[-74.00714,40.75493],[-74.00542,40.75732],[-74.00521,40.75723],[-74.0048,40.75781],[-74.00528,40.75803],[-74.00503,40.75836],[-74.007,40.75923],[-74.00648,40.75989],[-74.0045,40.75908],[-74.00421,40.7595],[-74.00391,40.75938],[-74.00381,40.75951],[-74.00425,40.7597],[-74.00415,40.75984],[-74.00432,40.75991],[-74.00367,40.75971],[-74.00357,40.75985],[-74.00393,40.76],[-74.00313,40.76108],[-74.00279,40.76093],[-74.00234,40.76154],[-74.00455,40.76249],[-74.0044,40.76267]]]}},{"type":"Feature","id":247,"properties":{"id":247,"zone":"West Concourse","borough":"Bronx"},"geometry":{"type":"Polygon","coordinates":[[[-73.91194,40.8432],[-73.91296,40.8402],[-73.91383,40.83864],[-73.91839,40.83381],[-73.91986,40.83195],[-73.92431,40.82399],[-73.925,40.8222],[-73.92565,40.82113],[-73.92634,40.82058],[-73.92886,40.81488],[-73.93028,40.81325],[-73.93243,40.81412],[-73.93247,40.82158],[-73.93307,40.82816],[-73.93034,40.8285],[-73.9285,40.82935],[-73.92538,40.83263],[-73.92399,40.83505],[-73.91902,40.83838],[-73.91618,40.84233],[-73.91795,40.84223],[-73.91796,40.8431],[-73.91749,40.84374],[-73.9175,40.84468],[-73.91729,40.84511],[-73.91587,40.84479],[-73.91194,40.8432]]]}},{"type":"Feature","id":248,"properties":{"id":248,"zone":"West Farms/Bronx River","borough":"Bronx"},"geometry":{"type":"Polygon","coordinates":[[[-73.86394,40.84004],[-73.86271,40.83299],[-73.8773,40.82874],[-73.88378,40.82827],[-73.88352,40.82926],[-73.8839,40.8298],[-73.88005,40.8347],[-73.87925,40.83442],[-73.87757,40.83582],[-73.87628,40.83646],[-73.87482,40.83686],[-73.8747,40.83716],[-73.87491,40.83736],[-73.8743,40.83724],[-73.8738,40.83745],[-73.87315,40.83826],[-73.87277,40.83975],[-73.86921,40.8396],[-73.86782,40.84017],[-73.86448,40.84109],[-73.86394,40.84004]]]}},{"type":"Feature","id":249,"properties":{"id":249,"zone":"West Village","borough":"Manhattan"},"geometry":{"type":"Polygon","coordinates":[[[-74.00141,40.73107],[-74.00282,40.72836],[-74.00709,40.72877],[-74.00516,40.74086],[-73.99684,40.73736],[-74.00141,40.73107]]]}},{"type":"Feature","id":250,"properties":{"id":250,"zone":"Westchester Village/Unionport","borough":"Bronx"},"geometry":{"type":"Polygon","coordinates":[[[-73.85052,40.84279],[-73.84458,40.83854],[-73.84204,40.84065],[-73.83936,40.84088],[-73.83972,40.83957],[-73.8403,40.83952],[-73.83984,40.8379],[-73.83995,40.83758],[-73.83984,40.83612],[-73.83976,40.8363],[-73.83966,40.83607],[-73.83983,40.83605],[-73.8398,40.83581],[-73.83965,40.83583],[-73.83968,40.83606],[-73.83961,40.83571],[-73.83966,40.8358],[-73.8398,40.83579],[-73.83966,40.83574],[-73.83979,40.83562],[-73.83959,40.83404],[-73.84018,40.83304],[-73.84221,40.83155],[-73.84276,40.83082],[-73.8431,40.82996],[-73.8429,40.82857],[-73.84391,40.82841],[-73.8429,40.82408],[-73.85514,40.82244],[-73.85597,40.82606],[-73.8562,40.82604],[-73.85636,40.82675],[-73.85615,40.82677],[-73.85739,40.8323],[-73.86034,40.83325],[-73.85168,40.8342],[-73.85334,40.84247],[-73.85052,40.84279]]]}},{"type":"Feature","id":251,"properties":{"id":251,"zone":"Westerleigh","borough":"Staten Island"},"geometry":{"type":"Polygon","coordinates":[[[-74.13107,40.63115],[-74.13047,40.63089],[-74.13014,40.62997],[-74.13131,40.62633],[-74.12216,40.62748],[-74.12126,40.62782],[-74.12013,40.62654],[-74.11791,40.62488],[-74.11326,40.62305],[-74.11094,40.62119],[-74.10553,40.61859],[-74.10209,40.6146],[-74.09988,40.61292],[-74.09777,40.61062],[-74.1089,40.61025],[-74.11048,40.61042],[-74.1136,40.61114],[-74.11567,40.61118],[-74.12453,40.60902],[-74.12875,40.60839],[-74.1321,40.60815],[-74.13215,40.60855],[-74.14471,40.60803],[-74.1472,40.60856],[-74.14954,40.60963],[-74.14697,40.61015],[-74.14604,40.61701],[-74.13982,40.6163],[-74.13837,40.62174],[-74.13861,40.62177],[-74.13826,40.62424],[-74.13723,40.6243],[-74.13581,40.62506],[-74.13806,40.62707],[-74.13789,40.62745],[-74.13806,40.62757],[-74.13674,40.62866],[-74.13586,40.62806],[-74.13409,40.62954],[-74.13344,40.62907],[-74.13107,40.63115]]]}},{"type":"Feature","id":252,"properties":{"id":252,"zone":"Whitestone","borough":"Queens"},"geometry":{"type":"Polygon","coordinates":[[[-73.8205,40.80101],[-73.8204,40.80064],[-73.81982,40.80099],[-73.8174,40.7993],[-73.81652,40.79902],[-73.81603,40.79853],[-73.81368,40.79755],[-73.8137,40.79708],[-73.81342,40.79769],[-73.81349,40.79706],[-73.81305,40.79746],[-73.81304,40.79718],[-73.81288,40.79717],[-73.81255,40.79805],[-73.81225,40.79813],[-73.81178,40.79803],[-73.81161,40.79737],[-73.80636,40.79639],[-73.80623,40.79682],[-73.80633,40.79639],[-73.80587,40.79647],[-73.8054,40.79617],[-73.80535,40.79632],[-73.80534,40.79616],[-73.80467,40.79617],[-73.80463,40.79644],[-73.80465,40.79616],[-73.80435,40.79621],[-73.80427,40.79664],[-73.80431,40.79621],[-73.80412,40.79653],[-73.80414,40.79623],[-73.80396,40.79656],[-73.80397,40.79628],[-73.80382,40.79663],[-73.80382,40.79634],[-73.80361,40.79668],[-73.80361,40.79642],[-73.80335,40.79671],[-73.803,40.79671],[-73.80295,40.7964],[-73.80226,40.79626],[-73.80178,40.79632],[-73.80175,40.79651],[-73.80176,40.79632],[-73.80101,40.79652],[-73.80086,40.79633],[-73.80062,40.79643],[-73.80026,40.79626],[-73.80012,40.79663],[-73.80018,40.79627],[-73.79968,40.79617],[-73.79961,40.79633],[-73.79811,40.79561],[-73.7979,40.79556],[-73.79767,40.79599],[-73.79758,40.79597],[-73.79787,40.79555],[-73.79713,40.7953],[-73.79674,40.79521],[-73.79654,40.79561],[-73.79641,40.79573],[-73.79671,40.7952],[-73.7959,40.79501],[-73.79508,40.79507],[-73.79443,40.79481],[-73.79458,40.79476],[-73.79438,40.79418],[-73.79461,40.79391],[-73.79471,40.79267],[-73.79493,40.7925],[-73.79498,40.79188],[-73.79375,40.78906],[-73.79339,40.78958],[-73.79322,40.78952],[-73.79362,40.789],[-73.79286,40.78879],[-73.79235,40.78891],[-73.79179,40.78935],[-73.79058,40.78819],[-73.79392,40.78668],[-73.79582,40.78613],[-73.79784,40.78589],[-73.80243,40.78607],[-73.803,40.78141],[-73.80325,40.78128],[-73.80303,40.78094],[-73.80379,40.77561],[-73.81486,40.77649],[-73.81453,40.77889],[-73.82331,40.77958],[-73.82224,40.78169],[-73.8387,40.78168],[-73.83824,40.78779],[-73.84008,40.78785],[-73.83992,40.79065],[-73.83901,40.79062],[-73.83896,40.79144],[-73.84082,40.7915],[-73.84068,40.79391],[-73.83922,40.79304],[-73.83663,40.79252],[-73.83653,40.79174],[-73.83742,40.79139],[-73.83765,40.79103],[-73.8375,40.79046],[-73.83682,40.79047],[-73.83748,40.79043],[-73.83718,40.78943],[-73.83728,40.78901],[-73.83713,40.78956],[-73.83568,40.78957],[-73.83533,40.78921],[-73.83414,40.78907],[-73.8338,40.78852],[-73.83251,40.78862],[-73.8321,40.78879],[-73.83175,40.78923],[-73.83144,40.78918],[-73.83195,40.78941],[-73.83215,40.79003],[-73.83166,40.7911],[-73.83096,40.79158],[-73.82974,40.79163],[-73.82837,40.7924],[-73.82928,40.79289],[-73.82923,40.79302],[-73.82829,40.79251],[-73.82785,40.79309],[-73.82801,40.79493],[-73.82881,40.79618],[-73.82913,40.79629],[-73.82946,40.79682],[-73.82906,40.79656],[-73.82742,40.79679],[-73.82697,40.79713],[-73.82717,40.79762],[-73.82674,40.7978],[-73.82615,40.79742],[-73.82506,40.79738],[-73.82404,40.79808],[-73.82403,40.79836],[-73.82386,40.79815],[-73.82343,40.79841],[-73.82368,40.79877],[-73.82341,40.79842],[-73.82311,40.79861],[-73.82331,40.79896],[-73.823,40.79864],[-73.8226,40.7989],[-73.82278,40.79932],[-73.82252,40.79899],[-73.82241,40.79909],[-73.82262,40.79941],[-73.82239,40.79911],[-73.8216,40.80001],[-73.82092,40.80051],[-73.82043,40.80063],[-73.8205,40.80101]]]}},{"type":"Feature","id":253,"properties":{"id":253,"zone":"Willets Point","borough":"Queens"},"geometry":{"type":"Polygon","coordinates":[[[-73.83946,40.76545],[-73.8379,40.76459],[-73.83692,40.76277],[-73.83679,40.76117],[-73.83867,40.75702],[-73.84324,40.75534],[-73.84607,40.76091],[-73.84671,40.76135],[-73.84359,40.76337],[-73.84369,40.76361],[-73.84344,40.76343],[-73.84307,40.76359],[-73.84304,40.76432],[-73.84273,40.76463],[-73.84053,40.76539],[-73.83958,40.76525],[-73.83946,40.76545]]]}},{"type":"Feature","id":254,"properties":{"id":254,"zone":"Williamsbridge/Olinville","borough":"Bronx"},"geometry":{"type":"Polygon","coordinates":[[[-73.85187,40.87906],[-73.85092,40.87789],[-73.85255,40.87709],[-73.85172,40.87684],[-73.85069,40.87549],[-73.85364,40.8733],[-73.85651,40.87422],[-73.85661,40.87125],[-73.87056,40.87151],[-73.8702,40.87631],[-73.86943,40.87813],[-73.86919,40.8785],[-73.86885,40.87859],[-73.86605,40.88429],[-73.86621,40.88538],[-73.86276,40.89162],[-73.86136,40.89466],[-73.86071,40.89537],[-73.85696,40.89417],[-73.85736,40.89341],[-73.84591,40.88974],[-73.84744,40.88698],[-73.85248,40.87946],[-73.85187,40.87906]]]}},{"type":"Feature","id":255,"properties":{"id":255,"zone":"Williamsburg (North Side)","borough":"Brooklyn"},"geometry":{"type":"Polygon","coordinates":[[[-73.9619,40.72532],[-73.96043,40.72511],[-73.95772,40.72428],[-73.95478,40.72246],[-73.95165,40.72349],[-73.95065,40.72171],[-73.94908,40.72254],[-73.94842,40.71846],[-73.94721,40.71856],[-73.95114,40.71603],[-73.95348,40.71407],[-73.95434,40.71407],[-73.95548,40.71227],[-73.96447,40.71573],[-73.96736,40.71648],[-73.96711,40.7169],[-73.96727,40.71699],[-73.9666,40.71797],[-73.9673,40.71831],[-73.96717,40.71848],[-73.96653,40.71803],[-73.96588,40.71876],[-73.96663,40.71913],[-73.96654,40.71922],[-73.96586,40.71877],[-73.96553,40.7189],[-73.96515,40.71927],[-73.96555,40.71966],[-73.96537,40.72009],[-73.96514,40.72034],[-73.96446,40.72006],[-73.96436,40.72016],[-73.96468,40.72047],[-73.96435,40.7204],[-73.96409,40.72076],[-73.96505,40.72136],[-73.96489,40.72148],[-73.964,40.72094],[-73.96358,40.72157],[-73.96298,40.72203],[-73.96166,40.72486],[-73.96211,40.72515],[-73.9619,40.72532]]]}},{"type":"Feature","id":256,"properties":{"id":256,"zone":"Williamsburg (South Side)","borough":"Brooklyn"},"geometry":{"type":"Polygon","coordinates":[[[-73.96447,40.71573],[-73.95548,40.71227],[-73.95434,40.71407],[-73.94937,40.71407],[-73.94866,40.70972],[-73.95087,40.70951],[-73.95024,40.70547],[-73.95191,40.70636],[-73.9579,40.70843],[-73.95846,40.70725],[-73.96328,40.70773],[-73.96839,40.70683],[-73.96929,40.70709],[-73.96985,40.708],[-73.96994,40.70931],[-73.96956,40.7103],[-73.97001,40.71045],[-73.96973,40.71051],[-73.96975,40.71083],[-73.96935,40.71096],[-73.96976,40.71117],[-73.96926,40.71116],[-73.96943,40.71147],[-73.96912,40.71151],[-73.9688,40.71274],[-73.96847,40.71282],[-73.9685,40.7131],[-73.96884,40.71322],[-73.96736,40.71648],[-73.96447,40.71573]]]}},{"type":"Feature","id":257,"properties":{"id":257,"zone":"Windsor Terrace","borough":"Brooklyn"},"geometry":{"type":"Polygon","coordinates":[[[-73.97984,40.66073],[-73.97958,40.66085],[-73.97437,40.65819],[-73.97233,40.6514],[-73.97266,40.65117],[-73.97266,40.65091],[-73.97211,40.65066],[-73.97084,40.64638],[-73.97464,40.64481],[-73.97483,40.64566],[-73.97777,40.64534],[-73.97819,40.64753],[-73.98029,40.6473],[-73.9818,40.65525],[-73.98843,40.65925],[-73.98725,40.66038],[-73.98688,40.66037],[-73.98648,40.65991],[-73.98509,40.65901],[-73.98223,40.66214],[-73.98017,40.66115],[-73.98017,40.66087],[-73.97984,40.66073]]]}},{"type":"Feature","id":258,"properties":{"id":258,"zone":"Woodhaven","borough":"Queens"},"geometry":{"type":"Polygon","coordinates":[[[-73.84504,40.68932],[-73.84419,40.68947],[-73.8412,40.68335],[-73.84787,40.68149],[-73.85198,40.68256],[-73.85099,40.68057],[-73.85392,40.67969],[-73.8582,40.67943],[-73.85879,40.68063],[-73.86335,40.67935],[-73.8641,40.68237],[-73.86603,40.68192],[-73.8666,40.68527],[-73.86868,40.69403],[-73.86842,40.69472],[-73.85744,40.69691],[-73.85277,40.69756],[-73.85261,40.69781],[-73.85271,40.69841],[-73.85443,40.7006],[-73.85071,40.7002],[-73.84914,40.69828],[-73.84948,40.6982],[-73.84894,40.69756],[-73.84504,40.68932]]]}},{"type":"Feature","id":259,"properties":{"id":259,"zone":"Woodlawn/Wakefield","borough":"Bronx"},"geometry":{"type":"Polygon","coordinates":[[[-73.85107,40.91037],[-73.85348,40.90753],[-73.85092,40.90662],[-73.85017,40.90751],[-73.84708,40.90616],[-73.84482,40.90553],[-73.84489,40.90419],[-73.84139,40.90417],[-73.84068,40.90152],[-73.83919,40.89935],[-73.83921,40.89881],[-73.83966,40.89789],[-73.83965,40.89733],[-73.83839,40.89407],[-73.83804,40.89414],[-73.83738,40.89392],[-73.83555,40.88913],[-73.83732,40.88874],[-73.83999,40.88872],[-73.84705,40.88767],[-73.84591,40.88974],[-73.85736,40.89341],[-73.85696,40.89417],[-73.86071,40.89537],[-73.86136,40.89466],[-73.86492,40.89575],[-73.87049,40.89664],[-73.87481,40.89573],[-73.87712,40.89547],[-73.87644,40.89687],[-73.87482,40.89845],[-73.8701,40.90074],[-73.8682,40.90236],[-73.86789,40.90299],[-73.85947,40.90052],[-73.85908,40.90101],[-73.85938,40.90157],[-73.85903,40.90144],[-73.85886,40.90171],[-73.85946,40.90193],[-73.85958,40.90244],[-73.85926,40.90267],[-73.85873,40.90229],[-73.85816,40.90231],[-73.85797,40.90285],[-73.85756,40.90292],[-73.85711,40.90365],[-73.85699,40.90458],[-73.85743,40.90484],[-73.85718,40.90529],[-73.85665,40.90506],[-73.85601,40.90531],[-73.85601,40.90548],[-73.8565,40.90556],[-73.85692,40.90597],[-73.85681,40.90616],[-73.8558,40.90626],[-73.85514,40.90687],[-73.85424,40.90703],[-73.85374,40.90779],[-73.85383,40.90797],[-73.85471,40.90801],[-73.85491,40.90835],[-73.85459,40.90894],[-73.8536,40.90961],[-73.85296,40.91035],[-73.85258,40.91031],[-73.85266,40.91002],[-73.85227,40.90985],[-73.85145,40.91045],[-73.85107,40.91037]]]}},{"type":"Feature","id":260,"properties":{"id":260,"zone":"Woodside","borough":"Queens"},"geometry":{"type":"Polygon","coordinates":[[[-73.90225,40.76264],[-73.90147,40.75963],[-73.89866,40.75992],[-73.89968,40.7583],[-73.89986,40.75734],[-73.89977,40.75666],[-73.89897,40.75472],[-73.89771,40.75273],[-73.89708,40.75012],[-73.89481,40.74606],[-73.89467,40.74518],[-73.89491,40.74428],[-73.89558,40.7435],[-73.90058,40.73949],[-73.90673,40.73691],[-73.90926,40.7364],[-73.91069,40.73347],[-73.90629,40.7324],[-73.90569,40.73392],[-73.90602,40.73401],[-73.90517,40.73586],[-73.90108,40.73391],[-73.90518,40.72896],[-73.90712,40.72742],[-73.91018,40.72928],[-73.91175,40.72991],[-73.91205,40.72851],[-73.91505,40.7286],[-73.91507,40.72797],[-73.91797,40.7285],[-73.91734,40.73138],[-73.91904,40.73201],[-73.91879,40.73197],[-73.91759,40.73524],[-73.9169,40.73544],[-73.91652,40.73676],[-73.91718,40.7369],[-73.91651,40.73894],[-73.9163,40.73907],[-73.91567,40.74078],[-73.91443,40.74053],[-73.91379,40.74251],[-73.91194,40.74238],[-73.91125,40.74578],[-73.91245,40.74592],[-73.91191,40.74811],[-73.91164,40.74868],[-73.91016,40.7485],[-73.90945,40.75066],[-73.91035,40.75275],[-73.91067,40.753],[-73.91023,40.75298],[-73.90901,40.75428],[-73.90743,40.7581],[-73.90632,40.75984],[-73.90779,40.76052],[-73.90357,40.76578],[-73.90225,40.76264]]]}},{"type":"Feature","id":261,"properties":{"id":261,"zone":"World Trade Center","borough":"Manhattan"},"geometry":{"type":"Polygon","coordinates":[[[-74.01325,40.70587],[-74.01327,40.70455],[-74.01437,40.70456],[-74.01566,40.70488],[-74.01669,40.7048],[-74.01427,40.71147],[-74.01375,40.71369],[-74.0086,40.71139],[-74.01325,40.70587]]]}},{"type":"Feature","id":262,"properties":{"id":262,"zone":"Yorkville East","borough":"Manhattan"},"geometry":{"type":"MultiPolygon","coordinates":[[[[-73.94472,40.78325],[-73.94354,40.78288],[-73.94388,40.78153],[-73.9436,40.78016],[-73.94321,40.77932],[-73.943,40.77964],[-73.94272,40.77954],[-73.94254,40.77909],[-73.94289,40.77861],[-73.94244,40.77732],[-73.94207,40.77692],[-73.94208,40.77596],[-73.9424,40.77573],[-73.94293,40.77468],[-73.94749,40.77012],[-73.95269,40.77234],[-73.94472,40.78325]]],[[[-73.93805,40.78083],[-73.93779,40.78078],[-73.9378,40.78103],[-73.93765,40.781],[-73.9376,40.78047],[-73.93824,40.78026],[-73.93861,40.78034],[-73.93958,40.77958],[-73.93949,40.77987],[-73.93873,40.78051],[-73.93874,40.78104],[-73.93808,40.78142],[-73.93805,40.78083]]]]}},{"type":"Feature","id":263,"properties":{"id":263,"zone":"Yorkville West","borough":"Manhattan"},"geometry":{"type":"Polygon","coordinates":[[[-73.94472,40.78325],[-73.95269,40.77234],[-73.95729,40.77428],[-73.94933,40.78519],[-73.94472,40.78325]]]}}]}